Date,Symbol,Series,Prev Close,Open,High,Low,Last,Close,VWAP,Volume,Turnover,Trades,Deliverable Volume,%Deliverble
2007-03-23,NAHAREXPOT,EQ,75.9,65.0,65.0,60.75,60.75,60.75,61.01,16053,97946975000.0,,16053,1.0
2007-03-26,NAHAREXPOT,EQ,60.75,48.6,48.6,48.6,48.6,48.6,48.6,8378,40717080000.0,,8378,1.0
2007-03-28,NAHAREXPOT,EQ,48.6,38.9,38.9,38.9,38.9,38.9,38.9,9928,38619920000.0,,9928,1.0
2007-03-29,NAHAREXPOT,EQ,38.9,31.15,36.0,31.15,31.3,31.55,32.76,1482189,4855963575000.0,,367393,0.2479
2007-03-30,NAHAREXPOT,EQ,31.55,32.7,34.25,32.05,32.2,32.3,33.16,221112,733189395000.0,,90746,0.4104
2007-04-02,NAHAREXPOT,EQ,32.3,31.9,32.4,29.3,29.75,29.95,31.09,137563,427638045000.0,,81324,0.5912
2007-04-03,NAHAREXPOT,EQ,29.95,30.65,30.7,28.5,28.7,28.85,29.72,114793,341209715000.0,,51168,0.4457
2007-04-04,NAHAREXPOT,EQ,28.85,29.2,29.45,28.05,28.2,28.45,28.58,66335,189586080000.0,,34678,0.5228
2007-04-05,NAHAREXPOT,EQ,28.45,28.3,29.7,28.2,28.45,28.5,28.92,117869,340858670000.0,,50464,0.42810000000000004
2007-04-09,NAHAREXPOT,EQ,28.5,28.55,29.95,28.55,29.95,29.95,29.76,110908,330022825000.0,,51739,0.46649999999999997
2007-04-10,NAHAREXPOT,EQ,29.95,30.8,30.8,29.5,30.15,30.05,30.08,88234,265430104999.99997,,57000,0.6459999999999999
2007-04-11,NAHAREXPOT,EQ,30.05,30.4,30.6,29.75,30.0,29.9,30.13,37325,112463345000.0,,26785,0.7176
2007-04-12,NAHAREXPOT,EQ,29.9,29.3,30.0,29.3,29.75,29.7,29.73,22221,66065585000.0,,16094,0.7243
2007-04-13,NAHAREXPOT,EQ,29.7,29.5,30.3,28.95,29.0,29.05,29.43,34716,102184170000.0,,25412,0.7320000000000001
2007-04-16,NAHAREXPOT,EQ,29.05,29.7,29.7,29.0,29.25,29.2,29.19,24201,70640305000.0,,18442,0.762
2007-04-17,NAHAREXPOT,EQ,29.2,29.25,29.5,28.9,29.1,29.0,29.13,28158,82012475000.0,,18879,0.6705
2007-04-18,NAHAREXPOT,EQ,29.0,28.75,29.1,28.5,29.1,28.9,28.8,20733,59711475000.0,,10700,0.5161
2007-04-19,NAHAREXPOT,EQ,28.9,28.8,29.15,28.5,29.0,29.0,28.89,17661,51025845000.0,,9310,0.5272
2007-04-20,NAHAREXPOT,EQ,29.0,28.05,29.2,28.05,28.55,28.65,28.82,20426,58865265000.0,,15968,0.7817000000000001
2007-04-23,NAHAREXPOT,EQ,28.65,28.25,28.8,28.1,28.1,28.15,28.33,15274,43274495000.0,,12960,0.8484999999999999
2007-04-24,NAHAREXPOT,EQ,28.15,28.5,28.7,28.0,28.25,28.1,28.22,20863,58885485000.0,,17481,0.8379000000000001
2007-04-25,NAHAREXPOT,EQ,28.1,28.1,29.1,28.05,28.75,28.65,28.58,24950,71312210000.0,,17943,0.7192000000000001
2007-04-26,NAHAREXPOT,EQ,28.65,28.2,29.5,28.2,28.3,28.5,28.8,31733,91399380000.0,,21035,0.6629
2007-04-27,NAHAREXPOT,EQ,28.5,28.15,28.8,28.1,28.1,28.15,28.36,25402,72044075000.0,,22541,0.8874
2007-04-30,NAHAREXPOT,EQ,28.15,28.8,29.45,28.0,28.1,28.2,28.51,40175,114524180000.0,,19348,0.4816
2007-05-03,NAHAREXPOT,EQ,28.2,28.4,28.95,27.85,27.85,27.95,28.26,18090,51121130000.0,,13889,0.7678
2007-05-04,NAHAREXPOT,EQ,27.95,28.0,28.3,27.5,28.3,28.0,27.95,17246,48209400000.0,,12680,0.7352
2007-05-07,NAHAREXPOT,EQ,28.0,28.3,28.5,27.45,27.6,27.6,27.73,23780,65936360000.0,,15332,0.6447
2007-05-08,NAHAREXPOT,EQ,27.6,27.85,28.1,26.75,26.75,27.1,27.5,25946,71357865000.0,,18786,0.7240000000000001
2007-05-09,NAHAREXPOT,EQ,27.1,27.4,27.65,26.55,26.7,26.8,26.84,17368,46610645000.0,,12403,0.7141
2007-05-10,NAHAREXPOT,EQ,26.8,26.65,27.1,26.6,26.65,26.7,26.78,6120,16391754999.999998,,4574,0.7474
2007-05-11,NAHAREXPOT,EQ,26.7,26.5,27.2,25.75,26.4,26.35,26.43,21959,58044694999.99999,,17807,0.8109000000000001
2007-05-14,NAHAREXPOT,EQ,26.35,26.85,26.9,25.75,26.15,26.35,26.43,19755,52209700000.0,,11786,0.5966
2007-05-15,NAHAREXPOT,EQ,26.35,26.0,26.95,26.0,26.45,26.55,26.49,18641,49372520000.0,,12882,0.6911
2007-05-16,NAHAREXPOT,EQ,26.55,26.8,27.5,26.45,27.05,27.2,27.12,44823,121580739999.99998,,25652,0.5723
2007-05-17,NAHAREXPOT,EQ,27.2,27.7,27.7,27.0,27.25,27.2,27.27,13107,35744395000.0,,7860,0.5997
2007-05-18,NAHAREXPOT,EQ,27.2,27.1,27.4,26.6,26.75,26.85,26.79,14622,39177890000.0,,11901,0.8139000000000001
2007-05-21,NAHAREXPOT,EQ,26.85,26.25,27.25,26.25,26.95,26.75,26.74,16266,43494310000.0,,13695,0.8419
2007-05-22,NAHAREXPOT,EQ,26.75,26.55,26.55,25.85,26.0,26.0,26.22,29852,78273390000.0,,28260,0.9467
2007-05-23,NAHAREXPOT,EQ,26.0,26.25,26.45,25.9,26.05,26.05,26.04,27705,72137440000.0,,22110,0.7981
2007-05-24,NAHAREXPOT,EQ,26.05,26.8,26.8,25.65,26.45,26.35,26.34,8119,21386200000.0,,7309,0.9002
2007-05-25,NAHAREXPOT,EQ,26.35,26.95,27.0,26.25,26.5,26.65,26.66,15848,42245990000.0,,13510,0.8525
2007-05-28,NAHAREXPOT,EQ,26.65,26.95,27.9,26.55,26.75,26.7,26.88,15555,41808390000.0,,13524,0.8694
2007-05-29,NAHAREXPOT,EQ,26.7,27.8,28.0,26.6,26.85,26.9,27.11,12368,33531605000.0,,8534,0.6900000000000001
2007-05-30,NAHAREXPOT,EQ,26.9,27.05,27.5,26.85,27.1,26.85,27.18,18594,50537855000.0,,13660,0.7345999999999999
2007-05-31,NAHAREXPOT,EQ,26.85,26.55,27.5,26.55,26.75,26.9,27.08,9418,25499545000.0,,7851,0.8336
2007-06-01,NAHAREXPOT,EQ,26.9,27.1,28.25,27.05,28.25,28.25,27.92,33214,92744225000.0,,21599,0.6503
2007-06-04,NAHAREXPOT,EQ,28.25,29.5,29.7,28.6,28.6,28.65,29.04,62345,181021175000.0,,44726,0.7173999999999999
2007-06-05,NAHAREXPOT,EQ,28.65,28.6,28.65,27.25,27.4,27.35,27.63,26305,72691140000.0,,15964,0.6069
2007-06-06,NAHAREXPOT,EQ,27.35,27.5,27.5,26.7,27.15,26.85,27.06,25769,69726065000.0,,20903,0.8112
2007-06-07,NAHAREXPOT,EQ,26.85,27.9,27.9,26.75,26.75,26.8,26.89,11624,31254584999.999996,,8992,0.7736000000000001
2007-06-08,NAHAREXPOT,EQ,26.8,27.05,27.05,26.5,26.5,26.7,26.68,8166,21789125000.0,,7106,0.8702
2007-06-11,NAHAREXPOT,EQ,26.7,27.3,27.3,26.4,26.4,26.4,26.63,16643,44318470000.0,,12436,0.7472
2007-06-12,NAHAREXPOT,EQ,26.4,26.5,26.5,26.0,26.0,26.2,26.12,11504,30051950000.0,,10496,0.9124
2007-06-13,NAHAREXPOT,EQ,26.2,26.1,26.35,25.5,25.65,26.0,25.84,12768,32990959999.999996,,10629,0.8325
2007-06-14,NAHAREXPOT,EQ,26.0,25.75,26.0,25.5,25.55,25.6,25.65,14219,36478620000.0,,10626,0.7473000000000001
2007-06-15,NAHAREXPOT,EQ,25.6,25.7,26.5,25.7,25.85,25.8,25.95,12419,32226045000.0,,7110,0.5725
2007-06-18,NAHAREXPOT,EQ,25.8,25.85,26.15,25.25,25.35,25.45,25.53,9266,23659815000.0,,7261,0.7836
2007-06-19,NAHAREXPOT,EQ,25.45,25.65,25.85,25.0,25.35,25.45,25.38,13592,34490740000.0,,9909,0.7290000000000001
2007-06-20,NAHAREXPOT,EQ,25.45,25.4,25.6,25.0,25.6,25.55,25.29,12439,31453995000.0,,8683,0.698
2007-06-21,NAHAREXPOT,EQ,25.55,25.95,25.95,25.1,25.1,25.25,25.3,13717,34706030000.0,,9300,0.6779999999999999
2007-06-22,NAHAREXPOT,EQ,25.25,25.3,25.5,25.0,25.3,25.15,25.17,9756,24553905000.0,,9159,0.9388
2007-06-25,NAHAREXPOT,EQ,25.15,25.05,25.7,23.9,24.5,24.25,24.37,34737,84649210000.0,,29050,0.8362999999999999
2007-06-26,NAHAREXPOT,EQ,24.25,24.4,24.4,23.75,24.15,23.95,24.01,33326,80025915000.0,,30002,0.9003
2007-06-27,NAHAREXPOT,EQ,23.95,23.5,24.45,23.25,23.25,23.6,23.87,18257,43586740000.0,,14581,0.7987000000000001
2007-06-28,NAHAREXPOT,EQ,23.6,24.35,24.35,23.5,24.3,24.25,24.08,17477,42082620000.0,,13970,0.7993000000000001
2007-06-29,NAHAREXPOT,EQ,24.25,25.0,25.0,24.1,24.6,24.7,24.4,11864,28946250000.0,,9294,0.7834000000000001
2007-07-02,NAHAREXPOT,EQ,24.7,25.0,25.0,24.3,24.45,24.5,24.54,13677,33564930000.0,,9666,0.7067
2007-07-03,NAHAREXPOT,EQ,24.5,24.8,24.8,24.2,24.7,24.45,24.49,14043,34389180000.0,,10203,0.7266
2007-07-04,NAHAREXPOT,EQ,24.45,24.4,25.7,24.2,25.45,25.55,25.31,39116,99015280000.0,,23691,0.6057
2007-07-05,NAHAREXPOT,EQ,25.55,25.45,26.0,24.65,24.8,24.95,25.38,16456,41762485000.0,,13630,0.8283
2007-07-06,NAHAREXPOT,EQ,24.95,25.0,25.8,24.85,25.2,25.1,25.06,18166,45526000000.0,,11064,0.609
2007-07-09,NAHAREXPOT,EQ,25.1,25.0,25.4,24.7,24.85,24.85,24.89,9721,24196500000.0,,7438,0.7651000000000001
2007-07-10,NAHAREXPOT,EQ,24.85,25.0,25.5,24.8,24.8,25.05,25.15,9769,24565725000.0,,6193,0.6339
2007-07-11,NAHAREXPOT,EQ,25.05,24.85,25.0,24.5,24.7,24.75,24.73,5729,14169810000.0,,5253,0.9169
2007-07-12,NAHAREXPOT,EQ,24.75,24.8,25.45,24.8,24.9,24.85,25.07,19067,47798160000.0,,8189,0.42950000000000005
2007-07-13,NAHAREXPOT,EQ,24.85,26.0,26.9,25.15,25.3,25.4,25.75,39762,102386605000.0,,27300,0.6866
2007-07-16,NAHAREXPOT,EQ,25.4,25.05,26.25,25.0,25.3,25.3,25.34,7961,20172550000.0,,7373,0.9261
2007-07-17,NAHAREXPOT,EQ,25.3,25.1,25.35,24.6,24.85,24.75,24.9,12334,30711930000.0,,10343,0.8386
2007-07-18,NAHAREXPOT,EQ,24.75,24.7,24.95,24.25,24.25,24.65,24.69,9142,22574270000.0,,7623,0.8338
2007-07-19,NAHAREXPOT,EQ,24.65,24.6,25.3,24.05,25.0,25.0,24.81,18007,44680380000.0,,12105,0.6722
2007-07-20,NAHAREXPOT,EQ,25.0,25.2,25.2,24.35,24.65,24.75,24.69,8009,19776160000.0,,5574,0.696
2007-07-23,NAHAREXPOT,EQ,24.75,23.85,24.9,23.85,24.0,24.15,24.26,7107,17241575000.0,,5329,0.7498
2007-07-24,NAHAREXPOT,EQ,24.15,24.05,24.55,24.0,24.0,24.0,24.18,5632,13619550000.0,,3397,0.6032000000000001
2007-07-25,NAHAREXPOT,EQ,24.0,23.1,23.95,23.05,23.25,23.45,23.42,17238,40375885000.0,,12879,0.7471
2007-07-26,NAHAREXPOT,EQ,23.45,23.1,23.95,23.0,23.0,23.25,23.44,3105,7278150000.0,,2462,0.7929
2007-07-27,NAHAREXPOT,EQ,23.25,23.25,23.5,23.2,23.2,23.3,23.36,7116,16621779999.999998,,5628,0.7909
2007-07-30,NAHAREXPOT,EQ,23.3,23.1,23.7,23.1,23.2,23.2,23.3,4051,9440675000.0,,3573,0.882
2007-07-31,NAHAREXPOT,EQ,23.2,23.15,23.95,22.5,22.5,22.7,23.07,10400,23989345000.0,,9284,0.8926999999999999
2007-08-01,NAHAREXPOT,EQ,22.7,22.5,23.4,22.1,22.4,22.3,22.54,9218,20777240000.0,,7569,0.8211
2007-08-02,NAHAREXPOT,EQ,22.3,20.1,23.65,20.1,22.5,22.2,22.16,11841,26234840000.000004,,9798,0.8275
2007-08-03,NAHAREXPOT,EQ,22.2,21.5,23.0,21.5,21.6,21.8,22.02,10060,22149600000.0,,7978,0.793
2007-08-06,NAHAREXPOT,EQ,21.8,21.6,21.8,21.1,21.75,21.55,21.58,4782,10320545000.0,,4483,0.9375
2007-08-07,NAHAREXPOT,EQ,21.55,21.35,21.9,21.0,21.05,21.15,21.37,4535,9689360000.0,,3114,0.6867
2007-08-08,NAHAREXPOT,EQ,21.15,20.55,22.3,20.55,21.95,21.9,21.68,9962,21598545000.0,,8508,0.8540000000000001
2007-08-09,NAHAREXPOT,EQ,21.9,22.85,22.85,21.75,21.9,21.85,22.0,15899,34980020000.0,,13642,0.858
2007-08-10,NAHAREXPOT,EQ,21.85,20.0,21.95,20.0,21.55,21.55,21.44,5201,11151335000.0,,3354,0.6448999999999999
2007-08-13,NAHAREXPOT,EQ,21.55,21.15,21.85,21.1,21.45,21.55,21.56,4302,9274200000.0,,2905,0.6753
2007-08-14,NAHAREXPOT,EQ,21.55,21.8,22.95,21.5,21.95,21.95,21.73,2600,5650355000.0,,2117,0.8142
2007-08-16,NAHAREXPOT,EQ,21.95,22.9,22.9,21.45,21.45,21.5,21.76,11932,25958740000.0,,8074,0.6767000000000001
2007-08-17,NAHAREXPOT,EQ,21.5,23.0,23.0,21.75,21.95,22.05,22.23,16287,36207760000.0,,11527,0.7077
2007-08-20,NAHAREXPOT,EQ,22.05,22.5,22.75,22.1,22.3,22.45,22.5,10858,24427410000.0,,6388,0.5883
2007-08-21,NAHAREXPOT,EQ,22.45,22.6,22.65,21.5,21.5,21.65,22.1,12455,27528090000.000004,,10596,0.8506999999999999
2007-08-22,NAHAREXPOT,EQ,21.65,22.0,22.3,21.4,22.3,22.2,21.89,10602,23210440000.0,,8763,0.8265000000000001
2007-08-23,NAHAREXPOT,EQ,22.2,22.5,22.5,21.4,21.4,21.5,21.85,17472,38177315000.0,,12306,0.7043
2007-08-24,NAHAREXPOT,EQ,21.5,22.0,22.1,21.25,22.0,22.0,21.9,6440,14106550000.0,,5754,0.8935
2007-08-27,NAHAREXPOT,EQ,22.0,22.9,22.9,21.3,21.55,21.55,21.84,25267,55173190000.0,,23677,0.9370999999999999
2007-08-28,NAHAREXPOT,EQ,21.55,20.3,22.75,20.3,21.6,21.75,21.72,5255,11415920000.0,,3726,0.7090000000000001
2007-08-29,NAHAREXPOT,EQ,21.75,22.45,23.0,21.75,22.75,22.5,22.37,8796,19678130000.0,,8230,0.9357
2007-08-30,NAHAREXPOT,EQ,22.5,22.85,23.5,22.4,23.05,23.2,22.98,27668,63580760000.0,,14502,0.5241
2007-08-31,NAHAREXPOT,EQ,23.2,23.2,23.8,23.0,23.8,23.5,23.29,20929,48742875000.0,,14154,0.6763
2007-09-03,NAHAREXPOT,EQ,23.5,23.5,23.5,22.5,23.45,23.4,23.21,8876,20604060000.0,,7006,0.7893000000000001
2007-09-04,NAHAREXPOT,EQ,23.4,23.5,24.0,23.5,23.65,23.75,23.68,9447,22372415000.0,,8307,0.8793000000000001
2007-09-05,NAHAREXPOT,EQ,23.75,24.0,24.3,23.5,24.0,23.95,23.93,16056,38422155000.0,,12482,0.7774
2007-09-06,NAHAREXPOT,EQ,23.95,24.25,24.4,23.5,24.4,24.1,23.97,15084,36157740000.0,,12298,0.8153
2007-09-07,NAHAREXPOT,EQ,24.1,24.85,26.75,23.8,24.6,24.75,25.1,26528,66577100000.0,,17044,0.6425
2007-09-10,NAHAREXPOT,EQ,24.75,24.5,25.2,24.5,24.6,24.8,24.87,9486,23592935000.0,,6349,0.6693000000000001
2007-09-11,NAHAREXPOT,EQ,24.8,25.5,26.25,24.5,24.6,24.75,25.13,16646,41827310000.0,,11188,0.6720999999999999
2007-09-12,NAHAREXPOT,EQ,24.75,24.5,26.5,24.5,25.4,25.15,25.49,34450,87803015000.0,,16843,0.4889
2007-09-13,NAHAREXPOT,EQ,25.15,27.5,27.5,25.75,26.2,26.2,26.35,58730,154739875000.0,,26314,0.44810000000000005
2007-09-14,NAHAREXPOT,EQ,26.2,27.0,27.5,25.85,26.0,26.1,26.64,53009,141203065000.0,,37559,0.7084999999999999
2007-09-17,NAHAREXPOT,EQ,26.1,26.7,26.7,25.05,25.05,25.4,25.56,14983,38299010000.0,,12246,0.8173
2007-09-18,NAHAREXPOT,EQ,25.4,26.0,26.0,24.25,25.2,25.2,25.12,26128,65625244999.99999,,16492,0.6312
2007-09-19,NAHAREXPOT,EQ,25.2,26.0,26.0,24.6,25.0,24.95,25.32,33513,84854840000.0,,21012,0.627
2007-09-20,NAHAREXPOT,EQ,24.95,25.2,25.25,24.4,24.95,25.15,25.04,29606,74131615000.0,,23780,0.8031999999999999
2007-09-21,NAHAREXPOT,EQ,25.15,25.95,27.0,24.5,24.7,25.0,25.37,26959,68394294999.99999,,22291,0.8268000000000001
2007-09-24,NAHAREXPOT,EQ,25.0,24.7,25.9,24.5,24.5,24.6,24.83,22448,55739455000.00001,,17740,0.7903
2007-09-25,NAHAREXPOT,EQ,24.6,23.7,25.1,23.7,24.25,24.4,24.55,23127,56785260000.0,,14594,0.631
2007-09-26,NAHAREXPOT,EQ,24.4,23.5,25.5,23.5,25.3,25.1,25.02,37180,93013500000.0,,26379,0.7095
2007-09-27,NAHAREXPOT,EQ,25.1,23.05,25.0,23.05,24.05,24.05,24.3,21192,51493370000.0,,15156,0.7152
2007-09-28,NAHAREXPOT,EQ,24.05,24.95,24.95,24.0,24.1,24.1,24.19,14092,34087145000.0,,10133,0.7191
2007-10-01,NAHAREXPOT,EQ,24.1,24.95,25.3,24.5,25.05,25.1,25.05,22190,55594244999.99999,,17155,0.7731
2007-10-03,NAHAREXPOT,EQ,25.1,25.15,25.4,24.5,24.55,24.6,24.83,10295,25564770000.0,,8529,0.8285
2007-10-04,NAHAREXPOT,EQ,24.6,24.5,24.9,24.5,24.55,24.55,24.6,8371,20593500000.0,,6630,0.792
2007-10-05,NAHAREXPOT,EQ,24.55,24.6,25.05,24.5,24.5,24.5,24.6,14966,36819530000.0,,9896,0.6612
2007-10-08,NAHAREXPOT,EQ,24.5,24.5,24.5,23.1,23.15,23.25,23.63,8608,20341910000.0,,7142,0.8297
2007-10-09,NAHAREXPOT,EQ,23.25,22.5,23.8,22.5,22.85,22.85,23.15,5350,12385680000.0,,3367,0.6293
2007-10-10,NAHAREXPOT,EQ,22.85,22.35,23.5,22.35,22.7,22.7,22.97,14116,32427830000.0,,11251,0.797
2007-10-11,NAHAREXPOT,EQ,22.7,23.0,23.5,22.5,23.1,23.05,22.91,7689,17611715000.0,,6579,0.8556
2007-10-12,NAHAREXPOT,EQ,23.05,22.6,23.25,22.6,23.0,22.75,22.93,5318,12193445000.0,,3216,0.6047
2007-10-15,NAHAREXPOT,EQ,22.75,23.6,23.6,22.5,23.1,23.15,23.06,12901,29746905000.0,,9165,0.7104
2007-10-16,NAHAREXPOT,EQ,23.15,22.25,23.4,22.25,22.55,22.55,22.67,7476,16947304999.999998,,5954,0.7964
2007-10-17,NAHAREXPOT,EQ,22.55,18.25,23.4,18.25,23.3,22.9,22.49,5089,11446865000.0,,3673,0.7218000000000001
2007-10-18,NAHAREXPOT,EQ,22.9,23.95,23.95,21.05,22.25,22.05,22.98,12144,27911640000.000004,,10765,0.8864000000000001
2007-10-19,NAHAREXPOT,EQ,22.05,22.25,23.5,21.05,22.0,22.35,22.04,11246,24784010000.0,,9222,0.8200000000000001
2007-10-22,NAHAREXPOT,EQ,22.35,21.5,22.5,20.8,22.05,22.05,22.01,4977,10956520000.0,,3097,0.6223
2007-10-23,NAHAREXPOT,EQ,22.05,22.0,23.5,21.3,22.9,22.85,22.55,14896,33585850000.0,,8203,0.5507
2007-10-24,NAHAREXPOT,EQ,22.85,22.05,23.95,21.25,23.35,23.1,22.63,12491,28266025000.0,,8518,0.6819
2007-10-25,NAHAREXPOT,EQ,23.1,22.0,24.0,22.0,23.55,23.7,23.27,9011,20972790000.0,,7005,0.7774
2007-10-26,NAHAREXPOT,EQ,23.7,19.25,28.45,19.25,28.45,28.45,27.93,264126,737755605000.0,,158903,0.6016
2007-10-29,NAHAREXPOT,EQ,28.45,31.65,31.65,26.1,26.55,26.75,27.69,147178,407531900000.0,,77684,0.5278
2007-10-30,NAHAREXPOT,EQ,26.75,27.0,27.3,26.0,26.1,26.05,26.32,29906,78726245000.0,,22089,0.7386
2007-10-31,NAHAREXPOT,EQ,26.05,25.65,26.35,25.5,25.5,25.65,25.84,12772,33000420000.0,,9940,0.7783
2007-11-01,NAHARINVST,EQ,25.65,26.7,26.7,23.0,23.5,23.3,24.37,13997,34115715000.000004,,8156,0.5827
2007-11-02,NAHARINVST,EQ,23.3,24.0,24.75,23.1,23.75,24.0,24.04,9869,23726825000.0,,6385,0.647
2007-11-05,NAHARINVST,EQ,24.0,24.0,28.0,22.1,23.55,23.6,23.54,15770,37120535000.0,,13022,0.8257
2007-11-06,NAHARINVST,EQ,23.6,23.05,25.9,22.8,23.3,23.6,24.57,15191,37322665000.0,,10912,0.7183
2007-11-07,NAHARINVST,EQ,23.6,22.75,25.25,22.55,23.4,23.35,23.41,7964,18643985000.0,,6343,0.7965000000000001
2007-11-08,NAHARINVST,EQ,23.35,23.4,24.0,22.75,23.05,23.05,23.17,13253,30702515000.000004,,10209,0.7703
2007-11-09,NAHARINVST,EQ,23.05,24.8,27.65,24.0,26.45,26.0,25.62,9162,23477275000.0,,8191,0.8940000000000001
2007-11-12,NAHARINVST,EQ,26.0,25.0,25.5,23.75,24.4,24.55,24.72,9930,24547085000.0,,7338,0.7390000000000001
2007-11-13,NAHARINVST,EQ,24.55,25.75,26.0,24.35,25.5,25.6,25.29,24819,62776505000.00001,,21031,0.8473999999999999
2007-11-14,NAHARINVST,EQ,25.6,25.5,25.5,24.8,25.05,25.2,25.2,9771,24619330000.0,,8283,0.8477
2007-11-15,NAHARINVST,EQ,25.2,25.0,25.75,24.7,24.9,24.95,25.15,10165,25569950000.0,,8536,0.8397
2007-11-16,NAHARINVST,EQ,24.95,24.3,26.95,24.3,26.0,25.85,26.06,15866,41344865000.0,,10621,0.6694
2007-11-19,NAHARINVST,EQ,25.85,25.0,26.7,25.0,25.65,25.95,26.14,16160,42247335000.0,,12679,0.7846
2007-11-20,NAHARINVST,EQ,25.95,26.0,27.4,26.0,26.8,26.65,26.84,25855,69406940000.0,,21489,0.8311000000000001
2007-11-21,NAHARINVST,EQ,26.65,26.9,27.7,26.2,26.35,26.6,26.89,24233,65154630000.00001,,20112,0.8299
2007-11-22,NAHARINVST,EQ,26.6,26.2,26.2,24.5,25.25,24.6,25.15,7592,19091675000.0,,5455,0.7184999999999999
2007-11-23,NAHARINVST,EQ,24.6,25.5,26.0,25.0,25.8,25.9,25.6,5120,13108435000.0,,3842,0.7504000000000001
2007-11-26,NAHARINVST,EQ,25.9,26.55,26.55,25.45,25.5,25.85,25.96,3583,9300790000.0,,2883,0.8046
2007-11-27,NAHARINVST,EQ,25.85,25.05,25.7,25.0,25.15,25.15,25.23,1589,4009215000.0,,1005,0.6325000000000001
2007-11-28,NAHARINVST,EQ,25.15,26.0,27.0,23.0,24.75,24.85,25.29,4668,11804255000.0,,3189,0.6831999999999999
2007-11-29,NAHARINVST,EQ,24.85,24.4,25.95,24.4,25.5,25.25,25.2,4265,10748055000.0,,2903,0.6807
2007-11-30,NAHARINVST,EQ,25.25,26.5,27.5,24.8,25.35,25.35,25.11,4986,12521145000.0,,3456,0.6931
2007-12-03,NAHARINVST,EQ,25.35,25.5,26.85,25.0,25.2,25.3,25.82,8854,22865030000.0,,6082,0.6869
2007-12-04,NAHARINVST,EQ,25.3,25.25,26.75,25.0,25.1,25.4,25.36,35293,89486070000.0,,25804,0.7311
2007-12-05,NAHARINVST,EQ,25.4,26.0,30.5,25.8,30.5,30.5,29.3,57358,168059200000.0,,53675,0.9358
2007-12-06,NAHARINVST,EQ,30.5,33.15,36.1,32.15,34.1,34.15,34.67,291611,1011052994999.9999,,191137,0.6555
2007-12-07,NAHARINVST,EQ,34.15,34.3,38.5,32.1,32.4,32.8,34.04,110488,376126465000.0,,70241,0.6357
2007-12-10,NAHARINVST,EQ,32.8,32.8,34.95,32.5,34.0,34.15,34.11,79625,271568300000.0,,34608,0.43460000000000004
2007-12-11,NAHARINVST,EQ,34.15,32.05,36.1,32.05,34.3,34.1,35.14,95550,335719480000.0,,66501,0.696
2007-12-12,NAHARINVST,EQ,34.1,34.7,40.95,33.25,40.95,40.95,38.38,382968,1470019050000.0,,165338,0.43170000000000003
2007-12-13,NAHARINVST,EQ,40.95,48.65,48.75,42.5,44.45,44.8,45.57,567210,2584930365000.0,,227336,0.4008
2007-12-14,NAHARINVST,EQ,44.8,47.4,49.3,43.0,49.3,49.3,48.18,300195,1446286495000.0,,161964,0.5395000000000001
2007-12-17,NAHARINVST,EQ,49.3,50.7,51.9,45.2,45.5,46.0,49.26,318663,1569716905000.0,,176058,0.5525
2007-12-18,NAHARINVST,EQ,46.0,48.0,49.0,43.05,45.0,44.6,44.82,74385,333364120000.0,,31234,0.41990000000000005
2007-12-19,NAHARINVST,EQ,44.6,47.9,48.9,44.5,46.55,45.95,46.99,73735,346446475000.0,,41036,0.5565
2007-12-20,NAHARINVST,EQ,45.95,45.5,46.5,43.1,43.5,43.95,44.86,31760,142480175000.0,,17599,0.5540999999999999
2007-12-24,NAHARINVST,EQ,43.95,43.85,47.0,42.05,42.5,43.5,44.1,41068,181100960000.0,,29407,0.7161
2007-12-26,NAHARINVST,EQ,43.5,44.75,44.8,43.0,43.0,43.5,43.49,40441,175861835000.0,,31428,0.7770999999999999
2007-12-27,NAHARINVST,EQ,43.5,44.0,45.0,42.9,43.15,43.25,43.55,18581,80915865000.0,,13870,0.7465
2007-12-28,NAHARINVST,EQ,43.25,43.0,47.6,41.25,46.05,46.5,46.09,96233,443491440000.00006,,38765,0.40280000000000005
2007-12-31,NAHARINVST,EQ,46.5,49.5,50.45,47.0,48.7,48.85,48.7,70850,345062425000.0,,45022,0.6355
2008-01-01,NAHARINVST,EQ,48.85,48.0,50.4,47.0,49.45,48.6,49.1,49398,242532440000.0,,30885,0.6252000000000001
2008-01-02,NAHARINVST,EQ,48.6,49.8,49.8,46.05,47.0,47.05,47.43,57977,274969505000.0,,42575,0.7343000000000001
2008-01-03,NAHARINVST,EQ,47.05,46.7,51.5,46.4,48.5,49.05,49.51,117913,583783060000.0,,76093,0.6453
2008-01-04,NAHARINVST,EQ,49.05,49.8,50.55,47.1,47.8,47.95,49.05,51308,251681595000.00003,,31377,0.6115
2008-01-07,NAHARINVST,EQ,47.95,48.9,52.75,46.55,52.5,52.35,51.86,274763,1424942465000.0,,208429,0.7586
2008-01-08,NAHARINVST,EQ,52.35,54.0,54.8,47.15,47.9,48.05,50.59,108999,551413415000.0,,64690,0.5935
2008-01-09,NAHARINVST,EQ,48.05,48.9,50.25,46.15,48.4,48.2,48.42,65375,316572265000.0,,31702,0.48490000000000005
2008-01-10,NAHARINVST,EQ,48.2,48.4,49.75,43.4,43.4,44.4,46.84,38144,178668910000.0,,25484,0.6681
2008-01-11,NAHARINVST,EQ,44.4,44.0,45.0,40.0,42.55,42.75,42.83,35973,154086285000.0,,22896,0.6365
2008-01-14,NAHARINVST,EQ,42.75,45.75,45.75,42.6,45.65,45.35,44.46,23416,104114635000.0,,15238,0.6508
2008-01-15,NAHARINVST,EQ,45.35,45.5,46.3,41.0,42.9,42.6,43.37,27208,117996539999.99998,,12866,0.4729
2008-01-16,NAHARINVST,EQ,42.6,42.6,42.7,40.0,40.9,40.8,41.41,65472,271141604999.99997,,45128,0.6893000000000001
2008-01-17,NAHARINVST,EQ,40.8,40.0,43.05,40.0,42.3,42.3,42.3,14499,61335544999.99999,,9702,0.6691
2008-01-18,NAHARINVST,EQ,42.3,42.35,43.6,39.6,39.7,40.3,41.85,22659,94837220000.0,,14482,0.6391
2008-01-21,NAHARINVST,EQ,40.3,40.0,41.0,36.3,36.3,36.3,37.48,14709,55128125000.0,,8535,0.5803
2008-01-22,NAHARINVST,EQ,36.3,34.9,35.0,32.7,32.7,32.7,33.95,1309,4444490000.0,,1256,0.9595
2008-01-23,NAHARINVST,EQ,32.7,29.5,34.8,29.5,34.4,33.25,32.0,15618,49979010000.0,,11124,0.7123
2008-01-24,NAHARINVST,EQ,33.25,33.0,34.8,29.95,30.0,30.0,31.15,13934,43410925000.0,,9569,0.6867
2008-01-25,NAHARINVST,EQ,30.0,31.0,31.5,29.0,30.5,30.8,30.56,22331,68238765000.0,,16492,0.7384999999999999
2008-01-28,NAHARINVST,EQ,30.8,29.3,30.3,29.3,29.65,29.3,29.53,5099,15055190000.0,,3246,0.6365999999999999
2008-01-29,NAHARINVST,EQ,29.3,30.45,30.65,29.0,29.2,29.2,29.78,8543,25439845000.0,,5450,0.6379
2008-01-30,NAHARINVST,EQ,29.2,29.1,29.7,28.05,28.05,28.25,28.91,7614,22011735000.0,,6397,0.8402
2008-01-31,NAHARINVST,EQ,28.25,27.0,29.0,26.85,27.6,27.65,27.32,7512,20519750000.0,,4616,0.6145
2008-02-01,NAHARINVST,EQ,27.65,27.95,27.95,26.5,26.85,27.05,26.93,11135,29988834999.999996,,8681,0.7796
2008-02-04,NAHARINVST,EQ,27.05,27.25,28.4,27.25,28.25,28.05,27.72,14515,40238520000.0,,10826,0.7458
2008-02-05,NAHARINVST,EQ,28.05,29.0,29.4,26.7,28.5,28.3,27.93,16716,46683180000.0,,14804,0.8856
2008-02-06,NAHARINVST,EQ,28.3,28.7,28.95,27.2,28.75,28.55,28.17,5840,16449920000.000002,,3309,0.5666
2008-02-07,NAHARINVST,EQ,28.55,29.35,29.35,27.2,27.65,27.75,28.44,18392,52314730000.0,,14740,0.8014
2008-02-08,NAHARINVST,EQ,27.75,26.9,27.85,26.7,27.15,27.2,27.21,6817,18550470000.0,,4662,0.6839000000000001
2008-02-11,NAHARINVST,EQ,27.2,27.2,27.5,25.85,25.85,25.85,26.05,12389,32275740000.000004,,11434,0.9229
2008-02-12,NAHARINVST,EQ,25.85,25.0,25.0,24.6,24.6,24.6,24.68,24541,60560050000.0,,24048,0.9799
2008-02-13,NAHARINVST,EQ,24.6,23.6,25.0,23.5,24.4,23.95,23.97,8684,20814800000.0,,6873,0.7915000000000001
2008-02-14,NAHARINVST,EQ,23.95,23.95,25.0,22.75,23.5,23.45,23.56,37590,88544210000.0,,34088,0.9068
2008-02-15,NAHARINVST,EQ,23.45,24.0,24.65,22.5,23.5,23.45,23.55,51311,120834300000.0,,45828,0.8931
2008-02-18,NAHARINVST,EQ,23.45,24.65,24.65,23.75,24.65,24.65,24.55,3872,9507625000.0,,3622,0.9354000000000001
2008-02-19,NAHARINVST,EQ,24.65,25.0,25.9,25.0,25.6,25.6,25.79,7585,19559950000.0,,6405,0.8444
2008-02-20,NAHARINVST,EQ,25.6,25.1,25.1,24.35,25.0,24.75,24.66,5050,12453325000.0,,2755,0.5455
2008-02-21,NAHARINVST,EQ,24.75,25.0,25.85,23.8,24.5,24.2,24.41,6008,14663835000.0,,4768,0.7936
2008-02-22,NAHARINVST,EQ,24.2,24.95,24.95,24.1,24.4,24.65,24.67,3462,8542045000.0,,1594,0.4604
2008-02-25,NAHARINVST,EQ,24.65,23.8,25.2,23.8,24.45,24.3,24.45,1737,4247555000.0000005,,1305,0.7513
2008-02-26,NAHARINVST,EQ,24.3,24.95,25.2,23.5,23.5,24.0,24.37,5128,12497785000.0,,4015,0.783
2008-02-27,NAHARINVST,EQ,24.0,25.2,25.2,24.4,24.65,24.75,24.94,3126,7795430000.0,,2469,0.7898000000000001
2008-02-28,NAHARINVST,EQ,24.75,25.5,25.8,25.0,25.7,25.5,25.49,10963,27942295000.0,,7842,0.7153
2008-02-29,NAHARINVST,EQ,25.5,25.5,25.8,24.75,24.75,24.8,25.08,10811,27108890000.000004,,8065,0.746
2008-03-03,NAHARINVST,EQ,24.8,24.6,24.6,23.65,23.8,23.8,23.88,3202,7647775000.0,,2802,0.8751000000000001
2008-03-04,NAHARINVST,EQ,23.8,22.7,24.4,22.65,22.8,22.8,22.79,4213,9603265000.0,,3793,0.9003
2008-03-05,NAHARINVST,EQ,22.8,22.1,22.5,22.0,22.05,22.1,22.23,5316,11816500000.0,,4413,0.8301000000000001
2008-03-07,NAHARINVST,EQ,22.1,22.05,22.05,21.0,21.0,21.0,21.25,8299,17635095000.0,,7099,0.8554
2008-03-10,NAHARINVST,EQ,21.0,20.0,21.6,19.1,21.3,21.35,20.18,4027,8126545000.0,,3913,0.9717
2008-03-11,NAHARINVST,EQ,21.35,20.1,23.0,20.05,23.0,22.1,21.4,2694,5765060000.0,,1907,0.7079000000000001
2008-03-12,NAHARINVST,EQ,22.1,22.15,23.0,21.55,21.9,21.8,22.33,4115,9187785000.0,,2856,0.6940000000000001
2008-03-13,NAHARINVST,EQ,21.8,20.7,21.8,20.7,20.7,20.9,20.84,3131,6524735000.0,,2655,0.848
2008-03-14,NAHARINVST,EQ,20.9,19.9,21.95,19.85,21.95,21.95,20.34,19148,38952110000.0,,14592,0.7621
2008-03-17,NAHARINVST,EQ,21.95,19.8,21.3,19.8,20.0,20.1,20.41,46330,94553255000.0,,45115,0.9738
2008-03-18,NAHARINVST,EQ,20.1,19.5,20.85,19.0,20.4,19.9,19.71,9759,19236270000.0,,8688,0.8903
2008-03-19,NAHARINVST,EQ,19.9,19.8,20.7,19.1,19.5,19.5,19.88,39809,79157585000.0,,39417,0.9902
2008-03-24,NAHARINVST,EQ,19.5,19.0,20.0,19.0,19.9,19.55,19.6,14779,28972209999.999996,,13556,0.9172
2008-03-25,NAHARINVST,EQ,19.55,19.0,21.55,19.0,21.0,21.45,20.16,15548,31352340000.000004,,14499,0.9325
2008-03-26,NAHARINVST,EQ,21.45,20.8,22.85,20.8,21.5,21.5,21.32,6237,13294915000.0,,5889,0.9442
2008-03-27,NAHARINVST,EQ,21.5,20.1,23.4,20.1,21.1,21.15,22.71,20713,47037825000.0,,20538,0.9916
2008-03-28,NAHARINVST,EQ,21.15,21.3,23.3,21.25,23.3,23.3,23.06,3434,7918080000.0,,3318,0.9662000000000001
2008-03-31,NAHARINVST,EQ,23.3,24.0,24.4,22.5,23.3,23.3,23.84,5545,13217420000.000002,,4253,0.767
2008-04-01,NAHARINVST,EQ,23.3,22.85,25.55,22.75,25.45,25.4,24.23,11679,28293370000.0,,9781,0.8375
2008-04-02,NAHARINVST,EQ,25.4,26.9,26.9,23.1,24.75,24.25,24.36,4131,10065175000.0,,2706,0.655
2008-04-03,NAHARINVST,EQ,24.25,23.25,24.7,23.25,23.4,23.4,23.58,2245,5292975000.0,,2014,0.8971
2008-04-04,NAHARINVST,EQ,23.4,22.1,25.7,22.05,23.0,23.05,24.25,9244,22412560000.0,,6459,0.6987000000000001
2008-04-07,NAHARINVST,EQ,23.05,22.0,24.4,22.0,23.5,23.5,22.99,2518,5788390000.0,,1802,0.7156
2008-04-08,NAHARINVST,EQ,23.5,24.0,24.4,21.2,23.0,23.0,22.82,2209,5040570000.0,,2100,0.9507
2008-04-09,NAHARINVST,EQ,23.0,22.5,22.9,22.5,22.85,22.85,22.87,719,1644434999.9999998,,719,1.0
2008-04-10,NAHARINVST,EQ,22.85,22.95,23.8,22.95,23.05,23.1,23.27,2762,6426200000.0,,2218,0.8029999999999999
2008-04-11,NAHARINVST,EQ,23.1,23.1,23.6,22.75,23.5,23.1,23.11,3239,7485095000.0,,1297,0.4004
2008-04-15,NAHARINVST,EQ,23.1,22.9,24.0,22.0,22.9,22.9,22.87,2106,4815370000.0,,1711,0.8124
2008-04-16,NAHARINVST,EQ,22.9,22.55,23.95,22.55,23.15,23.15,23.1,1013,2340490000.0,,738,0.7284999999999999
2008-04-17,NAHARINVST,EQ,23.15,22.8,23.4,21.9,22.2,22.0,22.19,30160,66910244999.99999,,27471,0.9108
2008-04-21,NAHARINVST,EQ,22.0,21.8,24.0,21.75,23.9,23.85,23.59,28079,66252180000.00001,,15843,0.5642
2008-04-22,NAHARINVST,EQ,23.85,24.0,24.0,22.8,23.1,23.1,23.5,2841,6677320000.0,,2106,0.7413
2008-04-23,NAHARINVST,EQ,23.1,23.8,24.4,23.5,24.0,23.9,23.89,24349,58162685000.0,,20306,0.8340000000000001
2008-04-24,NAHARINVST,EQ,23.9,24.75,24.75,23.1,23.45,23.45,23.69,3232,7656520000.0,,2741,0.8481000000000001
2008-04-25,NAHARINVST,EQ,23.45,23.25,23.95,23.25,23.3,23.4,23.51,950,2233855000.0,,950,1.0
2008-04-28,NAHARINVST,EQ,23.4,23.4,25.0,23.05,23.55,23.6,23.65,5428,12835485000.0,,5123,0.9438
2008-04-29,NAHARINVST,EQ,23.6,23.1,24.4,23.1,23.4,23.4,23.51,4898,11513400000.0,,4445,0.9075
2008-04-30,NAHARINVST,EQ,23.4,24.75,24.75,23.2,23.3,23.35,23.73,3143,7456800000.0,,1883,0.5991
2008-05-02,NAHARINVST,EQ,23.35,23.1,24.4,23.1,23.15,23.6,23.86,3861,9211050000.0,,3200,0.8288
2008-05-05,NAHARINVST,EQ,23.6,23.0,24.0,23.0,23.5,23.5,23.45,2007,4707125000.0,,1947,0.9701000000000001
2008-05-06,NAHARINVST,EQ,23.5,22.65,24.35,22.65,22.85,22.85,23.22,3555,8253785000.000001,,2455,0.6906
2008-05-07,NAHARINVST,EQ,22.85,22.9,23.4,22.75,23.3,23.05,22.97,7247,16644520000.000002,,5842,0.8061
2008-05-08,NAHARINVST,EQ,23.05,21.6,23.5,21.6,22.6,22.6,22.41,3762,8429785000.000001,,2535,0.6738
2008-05-09,NAHARINVST,EQ,22.6,22.35,24.5,22.35,23.1,22.5,23.11,5040,11644990000.0,,2783,0.5522
2008-05-12,NAHARINVST,EQ,22.5,23.9,23.9,21.1,21.8,21.8,21.87,8287,18125165000.0,,7981,0.9631000000000001
2008-05-13,NAHARINVST,EQ,21.8,21.8,22.95,21.3,22.3,22.3,22.09,2836,6264125000.0,,1571,0.5539000000000001
2008-05-14,NAHARINVST,EQ,22.3,21.75,21.75,21.15,21.75,21.55,21.58,749,1616125000.0,,557,0.7437
2008-05-15,NAHARINVST,EQ,21.55,22.0,22.5,22.0,22.5,22.4,22.3,2884,6430725000.0,,2523,0.8748
2008-05-16,NAHARINVST,EQ,22.4,22.0,23.0,22.0,22.6,22.6,22.69,1653,3750110000.0,,1467,0.8875000000000001
2008-05-20,NAHARINVST,EQ,22.6,23.0,23.65,22.0,23.2,23.2,23.24,4877,11334565000.0,,3897,0.7991
2008-05-21,NAHARINVST,EQ,23.2,23.0,23.65,23.0,23.5,23.4,23.38,3127,7311495000.0,,2917,0.9328000000000001
2008-05-22,NAHARINVST,EQ,23.4,22.8,23.75,22.7,23.25,23.25,23.33,4990,11640655000.0,,3763,0.7541
2008-05-23,NAHARINVST,EQ,23.25,22.25,23.3,22.25,22.6,22.7,22.98,4644,10671950000.0,,4103,0.8835
2008-05-26,NAHARINVST,EQ,22.7,20.05,23.2,20.05,21.85,21.9,21.86,1145,2503185000.0,,753,0.6576000000000001
2008-05-27,NAHARINVST,EQ,21.9,21.3,22.2,21.3,21.4,21.45,21.64,1217,2633505000.0,,1204,0.9893000000000001
2008-05-28,NAHARINVST,EQ,21.45,20.25,22.35,20.25,21.25,21.1,21.02,3087,6487745000.0,,2542,0.8235
2008-05-29,NAHARINVST,EQ,21.1,20.75,22.75,20.75,22.55,22.5,22.12,2255,4988615000.0,,2247,0.9965
2008-05-30,NAHARINVST,EQ,22.5,21.5,22.75,21.25,21.8,21.8,21.82,4413,9630665000.0,,4352,0.9862000000000001
2008-06-02,NAHARINVST,EQ,21.8,21.9,22.4,21.0,21.0,21.0,21.65,1569,3396260000.0,,1305,0.8317
2008-06-03,NAHARINVST,EQ,21.0,20.6,24.9,20.6,24.9,22.0,21.61,7138,15425990000.0,,6930,0.9709000000000001
2008-06-04,NAHARINVST,EQ,22.0,23.0,23.0,20.6,21.85,21.2,21.6,3343,7222285000.000001,,1761,0.5268
2008-06-05,NAHARINVST,EQ,21.2,22.8,22.8,20.45,21.65,21.6,21.0,4008,8417410000.000001,,3462,0.8638
2008-06-06,NAHARINVST,EQ,21.6,21.0,21.7,20.9,21.0,21.0,21.28,1746,3716269999.9999995,,1705,0.9765
2008-06-09,NAHARINVST,EQ,21.0,18.1,21.15,18.1,21.15,21.15,19.91,1766,3515885000.0,,1410,0.7984
2008-06-10,NAHARINVST,EQ,21.15,20.0,20.8,20.0,20.0,20.0,20.05,551,1104580000.0,,539,0.9782
2008-06-11,NAHARINVST,EQ,20.0,19.25,20.9,19.25,19.3,19.85,19.79,1801,3563980000.0000005,,735,0.4081
2008-06-12,NAHARINVST,EQ,19.85,19.0,21.5,19.0,21.5,21.5,20.61,1080,2226175000.0,,730,0.6759000000000001
2008-06-13,NAHARINVST,EQ,21.5,21.45,21.45,19.5,20.95,20.95,20.92,638,1334545000.0,,310,0.48590000000000005
2008-06-16,NAHARINVST,EQ,20.95,20.05,21.4,20.05,20.1,20.1,20.19,1317,2658380000.0,,916,0.6955
2008-06-17,NAHARINVST,EQ,20.1,20.25,20.5,20.0,20.0,20.0,20.17,805,1623290000.0,,802,0.9963
2008-06-18,NAHARINVST,EQ,20.0,20.1,21.1,20.1,21.1,21.1,20.69,1144,2367175000.0,,973,0.8505
2008-06-19,NAHARINVST,EQ,21.1,21.1,21.1,20.6,20.6,20.6,20.84,2616,5452165000.0,,2614,0.9992000000000001
2008-06-20,NAHARINVST,EQ,20.6,20.05,21.0,20.05,20.05,20.05,20.13,3140,6322260000.0,,3135,0.9984000000000001
2008-06-23,NAHARINVST,EQ,20.05,19.3,19.8,17.1,19.8,19.7,19.15,2719,5206020000.0,,1729,0.6359
2008-06-24,NAHARINVST,EQ,19.7,18.85,20.4,18.35,18.4,18.4,18.54,1921,3560610000.0,,1760,0.9162
2008-06-25,NAHARINVST,EQ,18.4,18.0,18.85,17.75,18.0,18.3,18.3,1655,3028990000.0,,1556,0.9401999999999999
2008-06-26,NAHARINVST,EQ,18.3,18.95,18.95,17.1,17.5,17.25,17.67,8147,14394750000.0,,7622,0.9356
2008-06-27,NAHARINVST,EQ,17.25,18.0,18.0,15.7,15.7,16.25,16.68,6770,11295355000.0,,6315,0.9328000000000001
2008-06-30,NAHARINVST,EQ,16.25,16.0,17.6,15.7,15.7,15.9,16.25,5371,8725210000.0,,4766,0.8874
2008-07-01,NAHARINVST,EQ,15.9,16.1,16.1,14.55,14.6,14.6,15.2,3790,5761775000.0,,3342,0.8818000000000001
2008-07-02,NAHARINVST,EQ,14.6,14.6,15.4,14.05,14.9,15.1,14.57,5223,7610105000.0,,3305,0.6328
2008-07-03,NAHARINVST,EQ,15.1,14.9,15.5,14.9,15.0,15.0,15.22,360,548000000.0,,250,0.6944
2008-07-04,NAHARINVST,EQ,15.0,14.0,17.0,14.0,16.5,16.55,16.01,4859,7781400000.0,,4500,0.9261
2008-07-07,NAHARINVST,EQ,16.55,16.0,17.55,16.0,16.75,16.95,16.75,935,1566590000.0,,874,0.9348000000000001
2008-07-08,NAHARINVST,EQ,16.95,16.0,16.85,14.55,16.0,16.1,15.89,5034,8000955000.0,,4088,0.8120999999999999
2008-07-09,NAHARINVST,EQ,16.1,16.0,17.4,16.0,17.2,17.3,17.11,4678,8005805000.0,,3782,0.8085
2008-07-10,NAHARINVST,EQ,17.3,17.0,17.0,16.1,16.95,16.3,16.37,2258,3695250000.0,,2181,0.9659000000000001
2008-07-11,NAHARINVST,EQ,16.3,16.0,17.05,15.4,17.05,17.05,16.97,5247,8901720000.0,,5247,1.0
2008-07-14,NAHARINVST,EQ,17.05,16.5,17.4,16.5,17.0,17.0,16.97,1647,2795555000.0,,1540,0.935
2008-07-15,NAHARINVST,EQ,17.0,16.0,17.35,16.0,17.0,17.0,17.0,2529,4299950000.0,,2329,0.9209
2008-07-16,NAHARINVST,EQ,17.0,16.25,17.05,16.25,17.0,17.0,17.01,1857,3158585000.0,,1857,1.0
2008-07-17,NAHARINVST,EQ,17.0,17.0,17.7,17.0,17.3,17.3,17.2,1269,2182245000.0,,1122,0.8842
2008-07-18,NAHARINVST,EQ,17.3,17.1,18.0,17.05,18.0,18.0,17.64,1475,2601450000.0,,1475,1.0
2008-07-21,NAHARINVST,EQ,18.0,16.2,17.4,16.0,17.0,17.0,16.63,1749,2908700000.0,,1029,0.5883
2008-07-22,NAHARINVST,EQ,17.0,17.5,17.5,17.45,17.45,17.45,17.5,110,192450000.0,,110,1.0
2008-07-23,NAHARINVST,EQ,17.45,19.5,19.5,17.05,17.75,17.95,17.67,2938,5191060000.0,,1869,0.6361
2008-07-24,NAHARINVST,EQ,17.95,17.75,17.75,17.0,17.4,17.4,17.32,17950,31095970000.0,,13250,0.7382
2008-07-25,NAHARINVST,EQ,17.4,17.0,20.9,16.8,17.3,17.75,18.32,51080,93576590000.0,,2932,0.05740000000000001
2008-07-28,NAHARINVST,EQ,17.75,19.4,19.4,18.15,19.0,19.0,18.92,999,1890425000.0,,799,0.7998000000000001
2008-07-29,NAHARINVST,EQ,19.0,18.0,18.65,17.6,18.65,18.5,18.09,2968,5369160000.0,,2384,0.8031999999999999
2008-07-30,NAHARINVST,EQ,18.5,18.9,18.9,18.15,18.8,18.6,18.6,352,654850000.0,,332,0.9431999999999999
2008-07-31,NAHARINVST,EQ,18.6,17.8,18.0,17.6,18.0,18.0,17.83,704,1255000000.0,,704,1.0
2008-08-01,NAHARINVST,EQ,18.0,17.75,18.75,17.0,18.25,18.5,17.46,10214,17832420000.0,,6647,0.6508
2008-08-04,NAHARINVST,EQ,18.5,18.0,19.25,18.0,18.9,18.65,18.42,873,1608345000.0,,596,0.6827
2008-08-05,NAHARINVST,EQ,18.65,18.5,19.0,17.85,18.45,18.35,18.43,3886,7160460000.000001,,2624,0.6752
2008-08-06,NAHARINVST,EQ,18.35,18.7,18.75,16.25,18.5,16.8,17.39,2142,3725600000.0,,1862,0.8693000000000001
2008-08-07,NAHARINVST,EQ,16.8,17.25,18.7,17.25,18.25,18.35,18.52,1576,2918525000.0,,1343,0.8522
2008-08-08,NAHARINVST,EQ,18.35,18.3,18.45,18.0,18.0,18.4,18.31,372,680975000.0,,347,0.9328000000000001
2008-08-11,NAHARINVST,EQ,18.4,18.0,18.8,18.0,18.5,18.5,18.54,1220,2262190000.0,,1170,0.9590000000000001
2008-08-12,NAHARINVST,EQ,18.5,18.0,18.05,17.65,18.0,18.0,17.99,452,813015000.0,,452,1.0
2008-08-14,NAHARINVST,EQ,18.0,18.0,18.65,17.75,18.5,18.05,18.1,2240,4054444999.9999995,,2219,0.9906
2008-08-18,NAHARINVST,EQ,18.05,18.0,18.5,17.8,18.45,18.45,18.23,255,464975000.0,,213,0.8353
2008-08-20,NAHARINVST,EQ,18.45,18.5,18.85,18.05,18.75,18.7,18.41,1332,2452495000.0,,1332,1.0
2008-08-21,NAHARINVST,EQ,18.7,17.05,18.05,17.05,18.0,18.0,17.99,1666,2997900000.0,,1645,0.9873999999999999
2008-08-22,NAHARINVST,EQ,18.0,17.5,18.65,17.3,18.0,18.0,17.99,2296,4129400000.0,,2131,0.9281
2008-08-25,NAHARINVST,EQ,18.0,19.35,19.4,17.4,18.05,18.05,18.26,3170,5789165000.0,,1568,0.49460000000000004
2008-08-26,NAHARINVST,EQ,18.05,19.0,19.0,17.65,17.75,17.9,18.22,1790,3260860000.0,,562,0.314
2008-08-27,NAHARINVST,EQ,17.9,17.7,18.8,17.7,18.0,18.0,18.01,265,477150000.0,,259,0.9773999999999999
2008-08-28,NAHARINVST,EQ,18.0,18.0,18.0,17.6,17.6,17.6,17.88,1074,1920630000.0,,764,0.7114
2008-08-29,NAHARINVST,EQ,17.6,17.6,18.25,17.55,17.65,17.75,17.85,1481,2643575000.0,,1359,0.9176000000000001
2008-09-01,NAHARINVST,EQ,17.75,17.65,17.7,17.1,17.3,17.3,17.37,2302,3997775000.0,,2302,1.0
2008-09-02,NAHARINVST,EQ,17.3,17.2,18.2,17.0,18.0,18.0,17.97,3451,6203050000.0,,3351,0.971
2008-09-04,NAHARINVST,EQ,18.0,18.0,18.0,17.2,17.3,17.3,17.57,133,233690000.0,,130,0.9773999999999999
2008-09-05,NAHARINVST,EQ,17.3,17.25,18.4,16.7,18.0,18.0,18.0,5707,10272180000.0,,5402,0.9466
2008-09-08,NAHARINVST,EQ,18.0,17.3,18.8,17.3,18.0,18.0,17.91,613,1098120000.0,,607,0.9902
2008-09-09,NAHARINVST,EQ,18.0,17.15,18.5,17.15,18.05,18.05,18.06,690,1246250000.0,,520,0.7536
2008-09-11,NAHARINVST,EQ,18.05,17.05,18.0,17.05,17.95,18.0,17.99,3102,5580810000.0,,3100,0.9994
2008-09-12,NAHARINVST,EQ,18.0,18.0,18.0,17.0,17.5,17.5,17.24,4184,7212430000.0,,3080,0.7361
2008-09-15,NAHARINVST,EQ,17.5,16.5,17.9,16.5,17.9,17.0,17.1,688,1176550000.0,,244,0.3547
2008-09-16,NAHARINVST,EQ,17.0,16.0,17.75,16.0,16.9,16.85,16.76,1552,2600805000.0,,1370,0.8826999999999999
2008-09-17,NAHARINVST,EQ,16.85,16.45,17.75,16.45,17.0,17.0,16.68,2290,3820750000.0,,1408,0.6148
2008-09-18,NAHARINVST,EQ,17.0,16.0,17.8,15.35,16.5,16.0,16.09,3362,5410725000.0,,2488,0.74
2008-09-19,NAHARINVST,EQ,16.0,15.6,17.2,15.6,16.75,16.75,16.48,1170,1928090000.0000002,,996,0.8513
2008-09-22,NAHARINVST,EQ,16.75,16.0,16.9,16.0,16.1,16.1,16.43,266,437055000.0,,258,0.9699
2008-09-23,NAHARINVST,EQ,16.1,15.0,16.45,15.0,16.25,16.25,16.09,628,1010665000.0,,514,0.8185
2008-09-24,NAHARINVST,EQ,16.25,16.0,16.3,16.0,16.25,16.25,16.25,2042,3318400000.0,,1822,0.8923000000000001
2008-09-25,NAHARINVST,EQ,16.25,16.1,16.1,16.0,16.0,16.0,16.02,403,645530000.0,,402,0.9975
2008-09-26,NAHARINVST,EQ,16.0,16.0,17.3,15.0,15.75,15.75,15.26,993,1515005000.0,,781,0.7865000000000001
2008-09-29,NAHARINVST,EQ,15.75,13.6,15.0,13.2,13.2,13.4,14.23,4098,5830830000.0,,3516,0.858
2008-09-30,NAHARINVST,EQ,13.4,13.0,14.45,12.25,13.5,13.5,13.4,695,931154999.9999999,,677,0.9741
2008-10-01,NAHARINVST,EQ,13.5,13.0,13.5,13.0,13.5,13.5,13.49,389,524600000.0,,378,0.9717
2008-10-03,NAHARINVST,EQ,13.5,13.0,13.0,12.15,13.0,12.95,12.93,1993,2576305000.0,,1968,0.9875
2008-10-06,NAHARINVST,EQ,12.95,13.0,13.45,12.1,12.25,12.4,12.59,2408,3031830000.0,,1900,0.789
2008-10-07,NAHARINVST,EQ,12.4,11.4,13.55,11.3,13.15,13.0,12.36,2238,2766060000.0,,1837,0.8208
2008-10-08,NAHARINVST,EQ,13.0,10.5,12.45,10.5,11.7,11.85,11.35,2796,3174565000.0,,2143,0.7665000000000001
2008-10-10,NAHARINVST,EQ,11.85,10.1,13.6,10.0,10.4,10.4,10.38,5700,5914815000.0,,3883,0.6812
2008-10-13,NAHARINVST,EQ,10.4,10.3,11.75,9.55,10.4,10.45,10.27,4937,5069615000.0,,3095,0.6269
2008-10-14,NAHARINVST,EQ,10.45,10.55,12.2,10.55,11.3,11.3,10.78,1497,1613340000.0,,1285,0.8584
2008-10-15,NAHARINVST,EQ,11.3,11.05,11.1,10.15,10.15,10.15,11.03,1038,1144570000.0,,1010,0.973
2008-10-16,NAHARINVST,EQ,10.15,11.0,11.95,9.8,11.0,10.65,10.53,3507,3691669999.9999995,,1902,0.5423
2008-10-17,NAHARINVST,EQ,10.65,10.0,11.75,10.0,10.1,10.1,10.64,1152,1225740000.0,,902,0.783
2008-10-20,NAHARINVST,EQ,10.1,9.7,9.7,8.8,9.25,9.25,9.33,2121,1979225000.0,,2040,0.9618000000000001
2008-10-21,NAHARINVST,EQ,9.25,9.0,10.0,9.0,10.0,9.95,9.94,1661,1650615000.0000002,,1561,0.9398000000000001
2008-10-22,NAHARINVST,EQ,9.95,10.55,10.55,9.05,9.05,9.05,9.78,1723,1685145000.0,,1673,0.971
2008-10-23,NAHARINVST,EQ,9.05,9.0,10.0,9.0,9.0,9.25,9.24,1338,1236100000.0,,1325,0.9903000000000001
2008-10-24,NAHARINVST,EQ,9.25,8.55,9.45,8.3,9.45,8.9,8.6,2245,1929634999.9999998,,1497,0.6668000000000001
2008-10-27,NAHARINVST,EQ,8.9,8.55,9.7,8.0,9.3,9.3,8.56,924,791150000.0,,787,0.8517
2008-10-28,NAHARINVST,EQ,9.3,9.0,10.0,9.0,10.0,9.95,9.92,2598,2576450000.0,,2598,1.0
2008-10-29,NAHARINVST,EQ,9.95,9.15,9.8,8.1,8.5,8.8,8.69,5302,4606520000.0,,3800,0.7167
2008-10-31,NAHARINVST,EQ,8.8,8.5,9.35,8.5,9.35,9.35,8.83,3518,3106510000.0,,2543,0.7229000000000001
2008-11-03,NAHARINVST,EQ,9.35,9.0,10.0,9.0,10.0,9.95,9.83,4020,3950175000.0,,3941,0.9803000000000001
2008-11-04,NAHARINVST,EQ,9.95,9.9,10.05,9.9,10.05,10.05,9.97,529,527600000.0,,529,1.0
2008-11-05,NAHARINVST,EQ,10.05,10.5,11.35,9.05,9.45,9.45,10.02,1737,1741245000.0,,1711,0.985
2008-11-06,NAHARINVST,EQ,9.45,9.0,10.0,8.5,9.0,8.75,8.94,5882,5256130000.0,,4961,0.8434
2008-11-07,NAHARINVST,EQ,8.75,9.1,9.85,8.75,9.25,9.25,9.36,1213,1134945000.0,,1047,0.8631000000000001
2008-11-10,NAHARINVST,EQ,9.25,10.25,10.65,9.7,9.7,9.7,10.12,2050,2074609999.9999998,,1450,0.7073
2008-11-11,NAHARINVST,EQ,9.7,9.0,9.75,9.0,9.75,9.75,9.3,15,13950000.0,,9,0.6
2008-11-12,NAHARINVST,EQ,9.75,8.25,10.2,8.25,9.3,9.3,8.68,691,599865000.0,,400,0.5789
2008-11-14,NAHARINVST,EQ,9.3,9.5,9.75,9.05,9.75,9.75,9.74,102,99355000.0,,100,0.9804
2008-11-17,NAHARINVST,EQ,9.75,9.0,11.7,8.25,9.0,10.05,9.07,12582,11407765000.0,,11636,0.9248000000000001
2008-11-18,NAHARINVST,EQ,10.05,8.5,9.8,8.25,9.0,9.0,9.11,1467,1337150000.0,,915,0.6237
2008-11-19,NAHARINVST,EQ,9.0,8.95,9.75,8.8,9.4,9.4,9.14,903,824929999.9999999,,701,0.7763
2008-11-20,NAHARINVST,EQ,9.4,9.0,9.0,8.25,8.5,8.5,8.71,1527,1329500000.0,,1450,0.9496
2008-11-21,NAHARINVST,EQ,8.5,8.0,9.25,7.95,9.25,9.1,8.14,2334,1900625000.0,,2061,0.883
2008-11-24,NAHARINVST,EQ,9.1,9.5,9.5,7.3,7.85,7.65,7.7,6970,5369905000.0,,5090,0.7303000000000001
2008-11-25,NAHARINVST,EQ,7.65,7.25,8.4,7.25,7.7,7.7,8.03,159,127634999.99999999,,150,0.9434
2008-11-26,NAHARINVST,EQ,7.7,7.0,8.15,7.0,7.5,7.5,7.71,2500,1928184999.9999998,,2242,0.8968
2008-11-28,NAHARINVST,EQ,7.5,7.65,8.0,7.65,8.0,8.0,7.8,120,93550000.0,,120,1.0
2008-12-01,NAHARINVST,EQ,8.0,8.0,8.0,7.4,7.4,7.7,7.65,1131,865460000.0,,1131,1.0
2008-12-02,NAHARINVST,EQ,7.7,7.0,8.0,7.0,8.0,8.0,7.74,1076,833300000.0,,1076,1.0
2008-12-03,NAHARINVST,EQ,8.0,8.0,8.4,8.0,8.4,8.4,8.07,75,60560000.0,,61,0.8133
2008-12-04,NAHARINVST,EQ,8.4,8.25,9.25,8.25,9.25,9.25,8.87,1100,975850000.0,,1000,0.9091
2008-12-05,NAHARINVST,EQ,9.25,8.9,8.9,8.05,8.75,8.7,8.72,1219,1063410000.0,,1066,0.8745
2008-12-08,NAHARINVST,EQ,8.7,8.0,9.4,8.0,8.45,8.45,8.55,487,416600000.0,,387,0.7947
2008-12-10,NAHARINVST,EQ,8.45,8.0,8.2,8.0,8.2,8.2,8.12,601,487800000.0,,601,1.0
2008-12-11,NAHARINVST,EQ,8.2,8.0,8.9,8.0,8.9,8.9,8.59,764,656370000.0,,701,0.9175
2008-12-12,NAHARINVST,EQ,8.9,8.25,9.0,8.2,9.0,9.0,8.85,1251,1107395000.0,,1050,0.8393
2008-12-15,NAHARINVST,EQ,9.0,10.1,10.1,9.05,9.85,9.85,9.46,1322,1250910000.0,,1322,1.0
2008-12-16,NAHARINVST,EQ,9.85,9.3,9.8,9.0,9.8,9.8,9.12,2125,1937500000.0,,2000,0.9412
2008-12-17,NAHARINVST,EQ,9.8,10.0,10.0,8.35,9.25,9.2,8.86,1690,1497250000.0,,1508,0.8923000000000001
2008-12-18,NAHARINVST,EQ,9.2,9.1,9.2,9.1,9.15,9.15,9.13,3539,3231985000.0,,3499,0.9887
2008-12-19,NAHARINVST,EQ,9.15,9.0,9.95,9.0,9.9,9.55,9.41,538,506110000.00000006,,161,0.2993
2008-12-22,NAHARINVST,EQ,9.55,9.5,9.55,9.25,9.25,9.3,9.49,2760,2618970000.0,,2460,0.8913
2008-12-23,NAHARINVST,EQ,9.3,8.5,9.75,7.55,8.55,8.55,8.33,5278,4396550000.0,,3578,0.6779000000000001
2008-12-24,NAHARINVST,EQ,8.55,8.3,9.25,8.3,8.5,9.0,8.83,200,176500000.0,,150,0.75
2008-12-26,NAHARINVST,EQ,9.0,9.0,9.65,9.0,9.65,9.35,9.19,390,358350000.0,,175,0.4487
2008-12-29,NAHARINVST,EQ,9.35,9.0,9.25,8.75,9.25,9.25,8.92,182,162325000.0,,141,0.7747
2008-12-30,NAHARINVST,EQ,9.25,9.0,10.4,9.0,9.4,9.4,9.8,944,924910000.0,,778,0.8242
2008-12-31,NAHARINVST,EQ,9.4,9.3,9.95,9.3,9.95,9.95,9.74,700,681500000.0,,700,1.0
2009-01-01,NAHARINVST,EQ,9.95,10.2,10.25,9.25,9.5,9.5,9.72,2625,2552625000.0,,1359,0.5177
2009-01-02,NAHARINVST,EQ,9.5,9.5,10.35,9.5,10.0,10.0,9.93,966,959390000.0,,845,0.8747
2009-01-05,NAHARINVST,EQ,10.0,10.1,11.85,8.25,9.75,9.7,10.05,12216,12280860000.0,,3498,0.2863
2009-01-06,NAHARINVST,EQ,9.7,10.1,10.1,9.75,9.75,9.75,10.01,270,270250000.0,,270,1.0
2009-01-07,NAHARINVST,EQ,9.75,10.2,10.2,8.7,8.7,8.7,9.32,681,634780000.0,,557,0.8179000000000001
2009-01-09,NAHARINVST,EQ,8.7,8.2,9.1,8.2,9.0,9.0,8.98,1490,1338320000.0,,1490,1.0
2009-01-12,NAHARINVST,EQ,9.0,9.0,9.0,9.0,9.0,9.0,9.0,1000,900000000.0,,1000,1.0
2009-01-13,NAHARINVST,EQ,9.0,9.0,9.8,8.25,8.5,8.5,8.81,1094,964000000.0,,1032,0.9433
2009-01-15,NAHARINVST,EQ,8.5,8.25,9.25,8.25,9.25,9.25,9.24,713,658825000.0,,713,1.0
2009-01-16,NAHARINVST,EQ,9.25,9.0,10.35,8.75,9.75,9.65,9.35,3685,3443675000.0,,3670,0.9959
2009-01-19,NAHARINVST,EQ,9.65,8.75,9.0,8.5,8.95,8.95,8.71,1288,1121950000.0,,1188,0.9224
2009-01-20,NAHARINVST,EQ,8.95,8.4,8.4,8.4,8.4,8.4,8.4,62,52079999.99999999,,62,1.0
2009-01-21,NAHARINVST,EQ,8.4,8.25,8.85,8.25,8.85,8.85,8.25,407,335835000.0,,406,0.9975
2009-01-22,NAHARINVST,EQ,8.85,8.8,9.4,8.8,9.4,9.4,9.15,170,155600000.0,,170,1.0
2009-01-23,NAHARINVST,EQ,9.4,8.0,9.9,8.0,8.7,8.7,8.42,2381,2003790000.0000002,,1390,0.5838
2009-01-27,NAHARINVST,EQ,8.7,10.2,10.2,8.0,9.0,9.0,9.3,611,568340000.0,,511,0.8362999999999999
2009-01-28,NAHARINVST,EQ,9.0,9.0,9.0,8.3,8.5,8.5,8.37,707,591605000.0,,701,0.9915
2009-01-29,NAHARINVST,EQ,8.5,8.15,9.0,8.15,8.5,8.5,8.52,644,548400000.0,,554,0.8602
2009-01-30,NAHARINVST,EQ,8.5,8.15,9.3,8.15,8.7,8.7,8.7,544,473355000.0,,523,0.9614
2009-02-02,NAHARINVST,EQ,8.7,8.5,8.55,8.5,8.55,8.55,8.51,1260,1072300000.0,,1260,1.0
2009-02-03,NAHARINVST,EQ,8.55,8.25,9.5,8.25,9.0,9.0,8.99,68912,61961200000.0,,64912,0.9420000000000001
2009-02-04,NAHARINVST,EQ,9.0,10.1,10.1,9.0,9.2,9.2,10.0,50293,50271340000.0,,50171,0.9976
2009-02-05,NAHARINVST,EQ,9.2,9.0,9.0,9.0,9.0,9.0,9.0,308,277200000.0,,308,1.0
2009-02-06,NAHARINVST,EQ,9.0,8.15,9.95,8.05,8.9,8.9,8.92,1174,1046800000.0,,1150,0.9795999999999999
2009-02-09,NAHARINVST,EQ,8.9,8.65,8.7,8.65,8.7,8.7,8.7,72,62635000.0,,71,0.9861
2009-02-10,NAHARINVST,EQ,8.7,7.85,9.05,7.85,9.0,9.0,9.0,1410,1268850000.0,,1410,1.0
2009-02-12,NAHARINVST,EQ,9.0,8.75,9.25,8.75,9.25,9.25,9.17,892,817950000.0,,892,1.0
2009-02-13,NAHARINVST,EQ,9.25,8.75,9.5,8.75,9.0,9.15,9.11,842,766685000.0,,842,1.0
2009-02-16,NAHARINVST,EQ,9.15,9.2,9.2,9.2,9.2,9.2,9.2,511,470120000.0,,511,1.0
2009-02-17,NAHARINVST,EQ,9.2,8.5,9.85,8.5,9.7,9.7,8.9,874,777640000.0,,850,0.9725
2009-02-18,NAHARINVST,EQ,9.7,9.0,9.6,9.0,9.6,9.6,9.24,389,359310000.0,,188,0.4833
2009-02-19,NAHARINVST,EQ,9.6,9.0,9.0,9.0,9.0,9.0,9.0,40,36000000.0,,40,1.0
2009-02-20,NAHARINVST,EQ,9.0,9.0,9.5,8.0,8.95,8.9,8.47,4626,3918790000.0,,3100,0.6701
2009-02-24,NAHARINVST,EQ,8.9,8.95,8.95,8.55,8.55,8.55,8.91,220,196100000.0,,220,1.0
2009-02-25,NAHARINVST,EQ,8.55,8.15,9.35,8.15,8.35,8.75,8.85,1408,1245475000.0,,1250,0.8878
2009-02-26,NAHARINVST,EQ,8.75,8.3,9.7,8.3,8.55,8.55,8.69,135,117305000.0,,83,0.6148
2009-02-27,NAHARINVST,EQ,8.55,8.35,8.35,8.35,8.35,8.35,8.35,4,3340000.0,,4,1.0
2009-03-02,NAHARINVST,EQ,8.35,8.0,9.65,8.0,9.35,8.5,8.51,113,96170000.0,,104,0.9204000000000001
2009-03-03,NAHARINVST,EQ,8.5,8.0,9.55,7.7,8.95,8.95,7.94,2366,1878465000.0000002,,2165,0.915
2009-03-04,NAHARINVST,EQ,8.95,8.1,8.7,8.0,8.6,8.6,8.1,1172,949140000.0,,1050,0.8959
2009-03-05,NAHARINVST,EQ,8.6,8.7,8.7,8.5,8.5,8.5,8.53,5015,4276090000.0,,4995,0.996
2009-03-06,NAHARINVST,EQ,8.5,8.6,9.0,8.5,8.5,8.5,8.57,4549,3897100000.0,,4545,0.9991
2009-03-09,NAHARINVST,EQ,8.5,8.0,9.75,8.0,9.75,9.45,9.15,461,422039999.99999994,,450,0.9761
2009-03-12,NAHARINVST,EQ,9.45,9.5,9.5,9.0,9.05,9.1,9.18,2750,2525505000.0,,1500,0.5455
2009-03-13,NAHARINVST,EQ,9.1,8.2,9.45,8.2,9.0,9.0,8.59,701,601945000.0,,500,0.7133
2009-03-16,NAHARINVST,EQ,9.0,8.6,9.45,8.55,8.8,8.85,8.88,1465,1301050000.0,,1465,1.0
2009-03-17,NAHARINVST,EQ,8.85,8.7,9.6,8.7,9.6,9.6,9.19,3524,3238555000.0,,3408,0.9671
2009-03-18,NAHARINVST,EQ,9.6,9.5,9.5,8.75,9.0,9.0,8.87,812,720560000.0,,772,0.9507
2009-03-19,NAHARINVST,EQ,9.0,8.8,8.8,8.75,8.75,8.75,8.77,200,175450000.0,,110,0.55
2009-03-20,NAHARINVST,EQ,8.75,8.55,9.85,8.55,9.0,9.0,9.05,18074,16350735000.0,,17963,0.9939
2009-03-23,NAHARINVST,EQ,9.0,8.8,8.8,8.8,8.8,8.8,8.8,7101,6248880000.0,,7101,1.0
2009-03-24,NAHARINVST,EQ,8.8,8.45,8.75,8.45,8.75,8.75,8.51,208,176960000.0,,208,1.0
2009-03-25,NAHARINVST,EQ,8.75,8.5,8.8,8.5,8.8,8.8,8.79,110,96740000.0,,108,0.9818000000000001
2009-03-26,NAHARINVST,EQ,8.8,8.9,9.0,8.9,9.0,9.0,8.9,142,126400000.0,,142,1.0
2009-03-27,NAHARINVST,EQ,9.0,8.9,9.55,8.9,9.4,9.4,8.94,1348,1205370000.0,,1298,0.9629000000000001
2009-04-01,NAHARINVST,EQ,9.4,9.4,9.4,9.4,9.4,9.4,9.4,1,940000.0,,1,1.0
2009-04-02,NAHARINVST,EQ,9.4,9.4,9.45,9.4,9.4,9.4,9.4,1020,958900000.0,,1020,1.0
2009-04-06,NAHARINVST,EQ,9.4,8.9,9.85,8.9,9.85,9.85,9.75,1342,1307870000.0,,1242,0.9255
2009-04-08,NAHARINVST,EQ,9.85,8.9,10.25,8.9,10.25,10.25,10.03,600,601500000.0,,500,0.8333
2009-04-09,NAHARINVST,EQ,10.25,9.45,10.5,9.45,9.7,9.7,9.72,5038,4896360000.0,,5013,0.995
2009-04-13,NAHARINVST,EQ,9.7,10.5,11.4,9.9,10.45,10.45,10.56,4384,4631495000.0,,4284,0.9772
2009-04-15,NAHARINVST,EQ,10.45,8.5,11.75,8.5,11.0,11.0,11.4,3270,3726965000.0,,2425,0.7415999999999999
2009-04-16,NAHARINVST,EQ,11.0,11.0,12.0,10.95,11.0,11.15,11.1,3498,3883835000.0,,3398,0.9714
2009-04-17,NAHARINVST,EQ,11.15,11.5,12.1,10.75,11.8,11.8,11.56,1602,1851609999.9999998,,1076,0.6717000000000001
2009-04-20,NAHARINVST,EQ,11.8,10.3,12.2,10.1,11.1,11.1,10.84,5463,5923395000.0,,2808,0.514
2009-04-21,NAHARINVST,EQ,11.1,11.1,11.7,10.85,11.7,11.7,11.11,671,745310000.0,,671,1.0
2009-04-22,NAHARINVST,EQ,11.7,11.0,11.5,11.0,11.5,11.5,11.45,1100,1260000000.0,,1100,1.0
2009-04-23,NAHARINVST,EQ,11.5,10.5,11.9,10.25,10.5,10.5,11.12,1438,1599610000.0,,1138,0.7914
2009-04-24,NAHARINVST,EQ,10.5,10.5,11.5,10.5,10.65,10.65,10.86,706,766735000.0,,496,0.7025
2009-04-27,NAHARINVST,EQ,10.65,10.35,11.2,10.35,11.2,11.2,10.96,2804,3072545000.0,,2677,0.9547
2009-04-28,NAHARINVST,EQ,11.2,10.5,11.8,10.5,10.8,10.8,10.9,824,898060000.0,,712,0.8641
2009-04-29,NAHARINVST,EQ,10.8,10.3,11.4,10.3,11.4,11.4,10.96,2151,2358255000.0,,2047,0.9517
2009-05-04,NAHARINVST,EQ,11.4,10.6,12.1,10.6,12.0,12.0,11.57,4659,5390245000.0,,4389,0.9420000000000001
2009-05-05,NAHARINVST,EQ,12.0,11.95,12.0,11.95,12.0,12.0,12.0,804,964495000.0000001,,804,1.0
2009-05-06,NAHARINVST,EQ,12.0,11.9,13.15,11.9,12.0,12.0,12.19,625,761790000.0,,599,0.9584
2009-05-07,NAHARINVST,EQ,12.0,11.85,13.15,11.8,12.3,12.3,12.74,11509,14664379999.999998,,8131,0.7065
2009-05-08,NAHARINVST,EQ,12.3,12.1,13.2,12.1,12.4,12.4,12.67,3025,3833280000.0000005,,2483,0.8208
2009-05-11,NAHARINVST,EQ,12.4,12.1,13.25,12.1,13.0,13.0,13.03,2582,3363344999.9999995,,2382,0.9225
2009-05-12,NAHARINVST,EQ,13.0,13.0,13.25,13.0,13.0,13.0,13.04,287,374350000.0,,287,1.0
2009-05-13,NAHARINVST,EQ,13.0,12.9,13.4,12.8,13.4,13.4,12.87,1375,1770180000.0,,1275,0.9273
2009-05-14,NAHARINVST,EQ,13.4,13.25,13.4,12.8,12.8,12.8,13.19,4570,6030100000.0,,4500,0.9847
2009-05-15,NAHARINVST,EQ,12.8,12.25,14.9,12.25,13.25,13.25,13.76,1835,2525235000.0,,1614,0.8795999999999999
2009-05-19,NAHARINVST,EQ,13.25,13.1,14.25,13.1,13.95,13.95,13.55,2239,3034870000.0,,2139,0.9553
2009-05-20,NAHARINVST,EQ,13.95,14.25,15.0,14.0,14.95,14.95,14.63,4436,6489715000.0,,4136,0.9324
2009-05-21,NAHARINVST,EQ,14.95,14.0,16.8,14.0,15.75,15.75,16.43,2983,4901675000.0,,2837,0.9511000000000001
2009-05-22,NAHARINVST,EQ,15.75,15.0,15.8,14.3,15.7,15.2,15.24,2277,3470644999.9999995,,1693,0.7434999999999999
2009-05-25,NAHARINVST,EQ,15.2,15.2,17.85,15.2,17.3,17.55,16.5,4333,7151535000.000001,,2690,0.6208
2009-05-26,NAHARINVST,EQ,17.55,17.25,18.45,16.95,17.5,17.45,17.6,6228,10964240000.0,,4536,0.7283
2009-05-27,NAHARINVST,EQ,17.45,17.0,18.0,16.1,18.0,17.95,17.48,4469,7813555000.0,,3592,0.8038
2009-05-28,NAHARINVST,EQ,17.95,17.0,18.0,17.0,17.95,17.95,17.87,3487,6232120000.0,,3232,0.9269
2009-05-29,NAHARINVST,EQ,17.95,17.4,19.0,17.4,18.65,18.0,18.03,27946,50382395000.0,,26683,0.9548000000000001
2009-06-01,NAHARINVST,EQ,18.0,19.7,20.6,18.5,19.75,19.45,19.79,22762,45044605000.0,,18012,0.7913
2009-06-02,NAHARINVST,EQ,19.45,20.0,22.4,19.7,21.0,20.45,21.08,40277,84892325000.0,,30169,0.7490000000000001
2009-06-03,NAHARINVST,EQ,20.45,20.55,22.15,20.55,22.0,21.8,21.7,16261,35288490000.0,,15644,0.9621
2009-06-04,NAHARINVST,EQ,21.8,22.0,22.25,21.25,22.0,21.8,21.7,4011,8702895000.0,,4011,1.0
2009-06-05,NAHARINVST,EQ,21.8,21.3,22.0,21.25,21.85,21.65,21.82,6575,14345135000.0,,6574,0.9998
2009-06-08,NAHARINVST,EQ,21.65,21.2,21.4,20.4,20.4,20.4,20.98,16287,34173355000.0,,15966,0.9803000000000001
2009-06-09,NAHARINVST,EQ,20.4,20.3,21.8,19.05,21.8,20.95,20.34,2969,6037485000.0,,2954,0.9949
2009-06-10,NAHARINVST,EQ,20.95,20.0,22.0,19.8,22.0,21.55,21.43,12406,26584709999.999996,,12185,0.9822
2009-06-11,NAHARINVST,EQ,21.55,20.5,22.0,20.5,21.5,21.5,21.34,13914,29691000000.0,,13811,0.9926
2009-06-12,NAHARINVST,EQ,21.5,21.0,21.45,20.5,21.0,21.0,20.83,2943,6130150000.0,,2543,0.8641
2009-06-15,NAHARINVST,EQ,21.0,20.25,21.5,20.25,21.5,21.35,20.83,12952,26984150000.0,,12451,0.9612999999999999
2009-06-16,NAHARINVST,EQ,21.35,20.0,20.95,20.0,20.5,20.5,20.09,5901,11855345000.0,,5600,0.9490000000000001
2009-06-17,NAHARINVST,EQ,20.5,20.1,20.4,20.1,20.4,20.4,20.3,2001,4062010000.0,,2001,1.0
2009-06-18,NAHARINVST,EQ,20.4,20.1,20.4,19.5,20.05,20.05,19.98,3340,6674864999.999999,,3240,0.9701000000000001
2009-06-19,NAHARINVST,EQ,20.05,19.55,20.5,19.55,19.75,19.85,19.7,883,1739870000.0,,484,0.5481
2009-06-22,NAHARINVST,EQ,19.85,20.3,20.7,20.3,20.3,20.3,20.31,3861,7841830000.0,,3861,1.0
2009-06-23,NAHARINVST,EQ,20.3,19.1,20.5,19.1,20.3,20.3,20.25,3109,6295975000.0,,3014,0.9694
2009-06-24,NAHARINVST,EQ,20.3,20.0,20.5,20.0,20.5,20.5,20.47,1762,3607619999.9999995,,1762,1.0
2009-06-25,NAHARINVST,EQ,20.5,20.0,21.0,20.0,20.0,20.0,20.0,5837,11674985000.0,,5031,0.8619
2009-06-26,NAHARINVST,EQ,20.0,20.0,20.65,19.75,20.05,20.05,20.16,1820,3669050000.0,,1820,1.0
2009-06-29,NAHARINVST,EQ,20.05,19.05,20.6,19.05,20.0,20.05,19.79,717,1419010000.0,,392,0.5467000000000001
2009-06-30,NAHARINVST,EQ,20.05,19.5,20.3,19.5,19.75,19.75,20.18,2178,4395900000.0,,2170,0.9963
2009-07-01,NAHARINVST,EQ,19.75,18.2,20.0,18.2,20.0,20.0,19.42,1839,3572144999.9999995,,1310,0.7123
2009-07-02,NAHARINVST,EQ,20.0,19.0,21.0,19.0,20.0,20.0,20.0,2238,4476000000.0,,2221,0.9924
2009-07-03,NAHARINVST,EQ,20.0,19.0,20.55,19.0,19.75,19.75,19.75,387,764410000.0,,370,0.9561000000000001
2009-07-06,NAHARINVST,EQ,19.75,19.5,20.7,19.5,20.7,20.7,19.84,1115,2212640000.0,,1108,0.9937
2009-07-07,NAHARINVST,EQ,20.7,21.0,21.0,19.1,19.75,19.7,20.38,1866,3803110000.0,,1853,0.993
2009-07-08,NAHARINVST,EQ,19.7,19.0,22.7,17.65,19.0,19.0,18.88,6861,12950695000.0,,6141,0.8951000000000001
2009-07-09,NAHARINVST,EQ,19.0,18.0,18.75,18.0,18.75,18.75,18.4,1463,2691625000.0,,1263,0.8633
2009-07-10,NAHARINVST,EQ,18.75,18.0,19.35,18.0,18.3,18.3,18.16,2286,4151915000.0,,2220,0.9711
2009-07-13,NAHARINVST,EQ,18.3,17.0,18.9,17.0,18.5,18.45,17.27,727,1255890000.0,,711,0.978
2009-07-14,NAHARINVST,EQ,18.45,17.0,20.0,17.0,19.05,19.05,17.46,323,563870000.0,,193,0.5975
2009-07-15,NAHARINVST,EQ,19.05,18.15,18.9,18.1,18.1,18.1,18.19,12,21830000.0,,5,0.4167
2009-07-16,NAHARINVST,EQ,18.1,18.05,19.6,18.0,18.15,18.6,18.01,1357,2443880000.0,,1355,0.9984999999999999
2009-07-17,NAHARINVST,EQ,18.6,18.15,19.7,18.15,19.7,19.7,18.85,447,842479999.9999999,,447,1.0
2009-07-20,NAHARINVST,EQ,19.7,18.0,19.75,18.0,18.85,18.85,19.01,1251,2377995000.0,,1251,1.0
2009-07-21,NAHARINVST,EQ,18.85,18.15,19.25,18.15,19.25,19.25,18.95,230,435950000.0,,150,0.6522
2009-07-22,NAHARINVST,EQ,19.25,18.0,19.9,18.0,19.0,19.0,19.03,2133,4058119999.9999995,,1944,0.9114
2009-07-23,NAHARINVST,EQ,19.0,18.15,20.65,18.15,19.25,19.4,19.56,679,1328080000.0,,329,0.48450000000000004
2009-07-24,NAHARINVST,EQ,19.4,18.5,18.5,18.5,18.5,18.5,18.5,527,974950000.0,,527,1.0
2009-07-27,NAHARINVST,EQ,18.5,18.0,19.75,18.0,19.0,19.0,18.92,826,1563125000.0,,824,0.9976
2009-07-28,NAHARINVST,EQ,19.0,18.0,19.95,18.0,19.05,19.05,19.01,521,990275000.0,,321,0.6161
2009-07-29,NAHARINVST,EQ,19.05,18.0,19.3,18.0,19.0,19.15,18.83,752,1415840000.0,,494,0.6569
2009-07-30,NAHARINVST,EQ,19.15,18.05,19.9,18.05,19.9,19.75,18.93,217,410730000.0,,69,0.318
2009-07-31,NAHARINVST,EQ,19.75,19.1,19.95,19.05,19.95,19.95,19.45,1817,3534580000.0000005,,1619,0.891
2009-08-03,NAHARINVST,EQ,19.95,19.95,19.95,18.55,19.9,19.65,19.5,737,1436890000.0,,408,0.5536
2009-08-04,NAHARINVST,EQ,19.65,18.6,19.5,18.6,19.5,19.5,19.4,7207,13981575000.0,,6872,0.9535
2009-08-05,NAHARINVST,EQ,19.5,19.5,19.95,19.5,19.5,19.85,19.63,1299,2550065000.0,,1131,0.8706999999999999
2009-08-06,NAHARINVST,EQ,19.85,19.05,19.95,19.0,19.5,19.5,19.6,5649,11071150000.0,,4348,0.7697
2009-08-07,NAHARINVST,EQ,19.5,20.5,20.5,18.7,19.8,19.0,18.82,894,1682480000.0,,804,0.8993000000000001
2009-08-10,NAHARINVST,EQ,19.0,16.0,19.9,16.0,19.8,19.8,18.07,1140,2060025000.0,,955,0.8377
2009-08-11,NAHARINVST,EQ,19.8,18.2,19.5,18.2,19.5,19.5,19.01,2029,3857285000.0,,1032,0.5086
2009-08-12,NAHARINVST,EQ,19.5,18.2,18.5,18.2,18.5,18.5,18.45,292,538850000.0,,292,1.0
2009-08-14,NAHARINVST,EQ,18.5,18.0,19.45,18.0,18.5,18.5,18.94,831,1574210000.0,,823,0.9904000000000001
2009-08-17,NAHARINVST,EQ,18.5,18.0,18.85,18.0,18.0,18.2,18.42,490,902700000.0,,430,0.8776
2009-08-18,NAHARINVST,EQ,18.2,18.0,18.5,18.0,18.0,18.0,18.02,1136,2047050000.0,,1136,1.0
2009-08-19,NAHARINVST,EQ,18.0,18.05,18.9,18.0,18.0,18.0,18.02,2318,4178010000.0,,2117,0.9133
2009-08-20,NAHARINVST,EQ,18.0,18.0,18.8,17.6,18.8,18.55,18.39,1533,2819720000.0,,1075,0.7012
2009-08-21,NAHARINVST,EQ,18.55,18.1,18.5,18.0,18.0,18.0,18.21,750,1365450000.0,,425,0.5667
2009-08-24,NAHARINVST,EQ,18.0,18.5,18.5,18.5,18.5,18.5,18.5,930,1720500000.0,,930,1.0
2009-08-25,NAHARINVST,EQ,18.5,18.5,19.65,18.5,18.65,18.65,18.84,2098,3952300000.0,,2055,0.9795
2009-08-26,NAHARINVST,EQ,18.65,18.0,19.9,18.0,19.3,19.3,19.26,872,1679450000.0,,870,0.9977
2009-08-27,NAHARINVST,EQ,19.3,18.25,20.5,18.0,20.1,19.95,19.44,3666,7127385000.000001,,2617,0.7139
2009-08-28,NAHARINVST,EQ,19.95,19.75,20.5,19.75,20.5,20.2,19.94,3422,6824905000.0,,3297,0.9634999999999999
2009-08-31,NAHARINVST,EQ,20.2,19.75,19.75,19.75,19.75,19.75,19.75,630,1244250000.0,,630,1.0
2009-09-01,NAHARINVST,EQ,19.75,20.55,20.55,20.55,20.55,20.55,20.55,244,501420000.0,,244,1.0
2009-09-02,NAHARINVST,EQ,20.55,20.0,21.5,20.0,21.0,21.0,20.99,2068,4340350000.0,,1341,0.6485
2009-09-03,NAHARINVST,EQ,21.0,21.0,22.25,21.0,21.9,21.6,21.51,7178,15442104999.999998,,5778,0.805
2009-09-04,NAHARINVST,EQ,21.6,21.1,22.85,21.1,21.8,21.75,21.82,3110,6787520000.0,,2729,0.8775000000000001
2009-09-07,NAHARINVST,EQ,21.75,22.45,22.45,21.6,22.0,22.0,22.01,16290,35858625000.0,,12758,0.7831999999999999
2009-09-08,NAHARINVST,EQ,22.0,22.05,22.1,22.0,22.0,22.0,22.0,5389,11857825000.0,,5389,1.0
2009-09-09,NAHARINVST,EQ,22.0,22.0,22.0,21.15,21.25,21.25,21.52,1526,3284110000.0,,1245,0.8159000000000001
2009-09-10,NAHARINVST,EQ,21.25,22.0,22.75,21.1,22.45,22.4,22.01,4501,9905845000.0,,3682,0.818
2009-09-11,NAHARINVST,EQ,22.4,22.1,23.9,22.1,23.9,23.9,23.04,3964,9133475000.0,,3826,0.9652
2009-09-14,NAHARINVST,EQ,23.9,23.0,23.85,23.0,23.0,23.0,23.17,7514,17409135000.0,,6123,0.8149
2009-09-15,NAHARINVST,EQ,23.0,23.0,23.5,22.6,23.5,23.5,23.15,2264,5240860000.0,,2159,0.9536
2009-09-16,NAHARINVST,EQ,23.5,23.7,27.4,23.7,25.0,25.1,25.44,30756,78249305000.0,,16971,0.5518
2009-09-17,NAHARINVST,EQ,25.1,24.25,25.6,24.25,24.5,24.65,24.74,7981,19744535000.0,,6035,0.7562000000000001
2009-09-18,NAHARINVST,EQ,24.65,24.85,26.0,24.6,25.0,25.0,25.21,12078,30454555000.0,,11136,0.922
2009-09-22,NAHARINVST,EQ,25.0,25.0,26.0,22.15,25.1,24.95,24.93,7976,19883805000.0,,6500,0.8149
2009-09-23,NAHARINVST,EQ,24.95,24.5,25.4,24.5,24.5,24.5,24.51,2311,5663565000.0,,2277,0.9853000000000001
2009-09-24,NAHARINVST,EQ,24.5,24.45,24.45,24.0,24.25,24.25,24.22,4056,9823305000.0,,3860,0.9517
2009-09-25,NAHARINVST,EQ,24.25,24.2,25.7,23.5,24.0,24.25,24.44,5456,13331754999.999998,,4842,0.8875000000000001
2009-09-29,NAHARINVST,EQ,24.25,23.6,24.5,23.3,24.5,24.5,24.32,3650,8876850000.0,,3555,0.9740000000000001
2009-09-30,NAHARINVST,EQ,24.5,24.5,25.0,24.0,25.0,24.95,24.58,10748,26419159999.999996,,10548,0.9814
2009-10-01,NAHARINVST,EQ,24.95,24.5,25.75,24.5,24.5,24.5,24.8,3776,9364690000.0,,2651,0.7021
2009-10-05,NAHARINVST,EQ,24.5,23.2,25.0,23.2,24.25,24.25,24.2,613,1483555000.0,,577,0.9413
2009-10-06,NAHARINVST,EQ,24.25,23.8,24.3,23.75,24.0,24.0,23.91,3723,8900340000.0,,3410,0.9159
2009-10-07,NAHARINVST,EQ,24.0,23.9,24.4,23.9,24.4,24.4,23.94,886,2121440000.0000002,,885,0.9989
2009-10-08,NAHARINVST,EQ,24.4,24.0,24.45,24.0,24.0,24.0,24.01,6152,14767950000.0,,6084,0.9889
2009-10-09,NAHARINVST,EQ,24.0,23.75,24.25,23.75,23.75,23.75,23.76,2250,5346375000.0,,2250,1.0
2009-10-12,NAHARINVST,EQ,23.75,23.5,23.55,23.5,23.5,23.5,23.51,1145,2691725000.0,,1100,0.9607
2009-10-14,NAHARINVST,EQ,23.5,22.5,23.2,21.6,22.65,22.9,22.6,1999,4517760000.0,,1031,0.5158
2009-10-15,NAHARINVST,EQ,22.9,23.0,23.75,23.0,23.05,23.2,23.22,2998,6961164999.999999,,2823,0.9416
2009-10-16,NAHARINVST,EQ,23.2,23.0,23.7,23.0,23.0,23.05,23.18,2701,6261395000.0,,2034,0.7531
2009-10-17,NAHARINVST,EQ,23.05,23.5,24.5,23.5,24.5,24.2,23.98,330,791300000.0,,330,1.0
2009-10-20,NAHARINVST,EQ,24.2,22.5,23.7,22.5,23.3,23.3,23.24,1966,4568840000.0,,1767,0.8987999999999999
2009-10-21,NAHARINVST,EQ,23.3,24.25,24.6,24.0,24.2,24.1,24.22,8168,19780655000.0,,5365,0.6568
2009-10-22,NAHARINVST,EQ,24.1,23.3,24.45,23.25,23.85,23.25,23.31,1998,4657755000.0,,1578,0.7898000000000001
2009-10-23,NAHARINVST,EQ,23.25,24.5,25.0,23.5,23.8,23.95,24.55,3592,8819490000.0,,2526,0.7031999999999999
2009-10-26,NAHARINVST,EQ,23.95,23.0,24.7,23.0,23.95,23.75,23.8,2928,6967955000.0,,2855,0.9751000000000001
2009-10-27,NAHARINVST,EQ,23.75,23.0,23.35,23.0,23.0,23.0,23.03,2375,5470620000.0,,2375,1.0
2009-10-28,NAHARINVST,EQ,23.0,22.1,23.3,22.05,22.75,22.75,22.62,871,1970284999.9999998,,541,0.6211
2009-10-29,NAHARINVST,EQ,22.75,22.75,23.0,21.6,22.0,22.0,22.53,8212,18501650000.0,,7132,0.8684999999999999
2009-10-30,NAHARINVST,EQ,22.0,22.0,22.4,21.0,21.6,21.6,21.66,3877,8397830000.0,,2371,0.6116
2009-11-03,NAHARINVST,EQ,21.6,21.5,21.5,20.7,20.7,20.7,20.75,955,1981609999.9999998,,835,0.8743000000000001
2009-11-04,NAHARINVST,EQ,20.7,19.65,22.1,19.65,20.7,20.7,19.82,959,1901180000.0,,840,0.8759
2009-11-05,NAHARINVST,EQ,20.7,21.0,21.9,19.5,20.55,21.15,20.04,4232,8479750000.0,,3534,0.8351000000000001
2009-11-06,NAHARINVST,EQ,21.15,19.5,23.5,19.5,21.5,21.5,21.8,7825,17060729999.999998,,1700,0.21730000000000002
2009-11-09,NAHARINVST,EQ,21.5,23.7,23.7,21.4,21.65,21.65,21.86,626,1368490000.0,,480,0.7668
2009-11-10,NAHARINVST,EQ,21.65,23.45,26.0,22.2,23.95,23.75,23.84,6774,16149090000.0,,5301,0.7826000000000001
2009-11-11,NAHARINVST,EQ,23.75,25.0,25.0,22.65,23.05,23.05,23.71,3160,7492400000.0,,2825,0.8940000000000001
2009-11-12,NAHARINVST,EQ,23.05,22.6,24.0,22.6,22.7,22.7,23.11,591,1365820000.0,,529,0.8951000000000001
2009-11-13,NAHARINVST,EQ,22.7,22.6,23.05,22.5,22.5,22.5,22.74,1441,3276250000.0,,1441,1.0
2009-11-16,NAHARINVST,EQ,22.5,22.75,24.0,21.7,23.0,23.25,23.36,4366,10198250000.0,,4157,0.9521
2009-11-17,NAHARINVST,EQ,23.25,22.5,24.05,22.5,23.1,23.8,23.65,3166,7486205000.0,,2103,0.6642
2009-11-18,NAHARINVST,EQ,23.8,23.0,24.1,22.75,22.75,22.75,23.26,2821,6561710000.000001,,2257,0.8001
2009-11-19,NAHARINVST,EQ,22.75,22.75,23.0,22.75,22.75,22.75,22.8,733,1671300000.0,,454,0.6194
2009-11-20,NAHARINVST,EQ,22.75,22.5,23.85,22.5,22.85,22.85,23.05,1746,4024910000.0,,1210,0.693
2009-11-23,NAHARINVST,EQ,22.85,23.7,26.4,23.6,24.25,24.35,25.25,55521,140202010000.0,,11526,0.2076
2009-11-24,NAHARINVST,EQ,24.35,24.0,25.3,23.7,23.7,23.85,24.36,3765,9172990000.0,,2841,0.7545999999999999
2009-11-25,NAHARINVST,EQ,23.85,24.9,26.8,23.7,24.75,24.5,24.64,11559,28480930000.0,,8753,0.7572
2009-11-26,NAHARINVST,EQ,24.5,23.45,24.7,23.4,23.5,23.5,24.02,3775,9066365000.0,,2891,0.7658
2009-11-27,NAHARINVST,EQ,23.5,23.55,23.55,22.3,22.6,22.55,22.68,5382,12207305000.0,,5382,1.0
2009-11-30,NAHARINVST,EQ,22.55,22.75,26.9,22.75,24.7,24.6,25.41,46944,119304405000.0,,16903,0.3601
2009-12-01,NAHARINVST,EQ,24.6,23.1,25.5,23.1,24.1,24.25,24.67,7497,18493950000.0,,6538,0.8721
2009-12-02,NAHARINVST,EQ,24.25,24.0,25.4,24.0,24.5,24.5,24.77,3612,8948660000.0,,2925,0.8098000000000001
2009-12-03,NAHARINVST,EQ,24.5,24.2,25.75,24.2,24.9,24.5,24.86,7443,18506420000.0,,6412,0.8615
2009-12-04,NAHARINVST,EQ,24.5,24.0,25.0,23.6,24.75,24.75,24.56,3247,7975485000.000001,,2577,0.7937000000000001
2009-12-07,NAHARINVST,EQ,24.75,24.0,25.3,23.5,24.6,24.6,24.38,4887,11916170000.0,,4316,0.8832
2009-12-08,NAHARINVST,EQ,24.6,23.6,24.9,23.3,23.75,23.75,23.73,2837,6731614999.999999,,2825,0.9958
2009-12-09,NAHARINVST,EQ,23.75,24.0,25.4,23.15,24.0,24.0,24.0,1596,3830225000.0,,1346,0.8434
2009-12-10,NAHARINVST,EQ,24.0,23.85,24.95,23.85,24.95,24.95,24.44,1840,4497850000.0,,1770,0.9620000000000001
2009-12-11,NAHARINVST,EQ,24.95,24.1,26.7,24.1,24.95,24.4,25.34,10639,26962470000.0,,5901,0.5547
2009-12-14,NAHARINVST,EQ,24.4,25.0,25.0,23.1,24.25,23.55,23.64,4266,10085070000.0,,3905,0.9154000000000001
2009-12-15,NAHARINVST,EQ,23.55,23.0,24.35,23.0,23.05,23.05,24.06,449,1080145000.0,,314,0.6993
2009-12-16,NAHARINVST,EQ,23.05,19.25,23.95,19.25,23.0,23.05,22.98,1582,3636100000.0,,1221,0.7718
2009-12-17,NAHARINVST,EQ,23.05,22.1,25.3,22.1,23.75,23.7,24.0,2969,7125860000.000001,,1579,0.5318
2009-12-18,NAHARINVST,EQ,23.7,24.5,24.5,23.25,23.5,23.6,23.82,5713,13605975000.0,,5350,0.9365000000000001
2009-12-21,NAHARINVST,EQ,23.6,23.0,24.4,23.0,23.95,23.95,23.66,1474,3487705000.0000005,,1264,0.8575
2009-12-22,NAHARINVST,EQ,23.95,24.25,24.25,22.15,23.85,23.85,23.15,1617,3744090000.0,,1305,0.8070999999999999
2009-12-23,NAHARINVST,EQ,23.85,22.55,23.7,22.4,22.95,22.95,22.92,2291,5251090000.0,,2190,0.9559000000000001
2009-12-24,NAHARINVST,EQ,22.95,22.25,23.9,22.25,22.45,22.45,22.89,2916,6675330000.0,,1072,0.3676
2009-12-29,NAHARINVST,EQ,22.45,22.2,23.5,22.2,22.65,22.65,23.09,4565,10539565000.0,,3241,0.71
2009-12-30,NAHARINVST,EQ,22.65,22.5,23.4,22.5,22.7,22.7,22.65,1181,2675270000.0,,911,0.7714
2009-12-31,NAHARINVST,EQ,22.7,23.2,24.4,23.0,23.8,24.05,23.88,11475,27398655000.0,,9334,0.8134
2010-01-04,NAHARINVST,EQ,24.05,23.35,26.4,23.35,24.95,25.3,25.56,35099,89714505000.0,,14097,0.40159999999999996
2010-01-05,NAHARINVST,EQ,25.3,26.5,26.5,24.0,24.75,24.85,25.51,12465,31796534999.999996,,7989,0.6409
2010-01-06,NAHARINVST,EQ,24.85,24.55,28.45,24.25,26.7,27.2,27.13,70911,192372405000.0,,36879,0.5201
2010-01-07,NAHARINVST,EQ,27.2,27.0,28.7,26.15,27.0,27.15,27.57,18660,51449875000.0,,8482,0.4546
2010-01-08,NAHARINVST,EQ,27.15,28.35,28.35,26.5,27.05,27.05,27.06,7105,19225070000.0,,6408,0.9019
2010-01-11,NAHARINVST,EQ,27.05,27.0,32.5,25.7,31.7,32.05,30.85,302304,932703715000.0,,99087,0.32780000000000004
2010-01-12,NAHARINVST,EQ,32.05,30.0,32.4,29.05,29.05,29.3,30.69,98941,303679100000.0,,66794,0.6751
2010-01-13,NAHARINVST,EQ,29.3,30.25,31.35,28.8,29.0,29.05,29.76,27453,81708515000.0,,14927,0.5437
2010-01-14,NAHARINVST,EQ,29.05,30.85,30.85,28.6,29.45,29.45,29.15,16175,47142545000.0,,10348,0.6398
2010-01-15,NAHARINVST,EQ,29.45,30.0,30.0,28.0,29.35,28.9,28.87,14983,43252950000.0,,10534,0.7031000000000001
2010-01-18,NAHARINVST,EQ,28.9,28.65,31.85,28.65,30.0,30.0,30.42,46179,140491435000.0,,28680,0.6211
2010-01-19,NAHARINVST,EQ,30.0,29.0,31.4,29.0,29.45,29.5,30.04,12030,36138535000.0,,8383,0.6968000000000001
2010-01-20,NAHARINVST,EQ,29.5,30.2,30.2,28.15,29.0,28.5,29.26,9822,28743465000.000004,,6176,0.6288
2010-01-21,NAHARINVST,EQ,28.5,29.2,29.2,27.7,28.45,27.9,28.33,7043,19955515000.0,,5038,0.7153
2010-01-22,NAHARINVST,EQ,27.9,26.5,27.4,25.5,26.95,26.65,26.65,4762,12689540000.0,,3530,0.7413
2010-01-25,NAHARINVST,EQ,26.65,28.5,29.7,26.5,28.75,27.65,28.05,15699,44036560000.0,,4498,0.2865
2010-01-27,NAHARINVST,EQ,27.65,28.45,28.5,25.0,25.8,25.45,26.05,12953,33738900000.0,,8434,0.6511
2010-01-28,NAHARINVST,EQ,25.45,28.0,28.9,25.1,26.5,26.2,26.78,19448,52081790000.0,,6748,0.34700000000000003
2010-01-29,NAHARINVST,EQ,26.2,27.65,27.65,24.55,25.05,25.15,25.46,4194,10679795000.0,,3221,0.768
2010-02-01,NAHARINVST,EQ,25.15,27.0,27.0,25.0,26.0,26.15,26.17,3260,8532135000.000001,,2148,0.6589
2010-02-02,NAHARINVST,EQ,26.15,27.4,29.75,26.1,27.55,27.0,27.68,14169,39213680000.0,,7440,0.5251
2010-02-03,NAHARINVST,EQ,27.0,29.0,30.45,26.3,27.65,27.7,29.25,139463,407992580000.0,,30198,0.2165
2010-02-04,NAHARINVST,EQ,27.7,30.4,30.4,26.35,27.45,27.1,27.58,5655,15598729999.999998,,4573,0.8087000000000001
2010-02-05,NAHARINVST,EQ,27.1,28.0,28.0,25.15,26.25,25.95,25.76,7871,20276225000.0,,5493,0.6979000000000001
2010-02-06,NAHARINVST,EQ,25.95,24.55,28.5,24.55,27.25,26.85,26.85,4473,12011115000.0,,3800,0.8495
2010-02-08,NAHARINVST,EQ,26.85,29.0,29.95,24.85,26.75,26.7,26.11,2611,6817400000.0,,1524,0.5837
2010-02-09,NAHARINVST,EQ,26.7,28.65,28.65,25.3,26.25,25.65,25.73,4851,12480990000.0,,3800,0.7833
2010-02-10,NAHARINVST,EQ,25.65,26.95,26.95,25.55,26.0,25.65,25.77,2755,7100989999.999999,,1410,0.5118
2010-02-11,NAHARINVST,EQ,25.65,27.7,27.7,25.05,25.1,25.1,25.63,7275,18648415000.0,,4576,0.629
2010-02-15,NAHARINVST,EQ,25.1,26.0,27.85,26.0,26.45,26.3,26.85,26665,71607945000.0,,9475,0.3553
2010-02-16,NAHARINVST,EQ,26.3,27.9,29.95,26.0,27.45,27.0,27.6,20738,57242080000.00001,,13177,0.6354
2010-02-17,NAHARINVST,EQ,27.0,27.0,28.45,27.0,28.0,27.95,27.73,19878,55121550000.0,,9481,0.47700000000000004
2010-02-18,NAHARINVST,EQ,27.95,28.8,28.8,27.25,27.7,27.65,27.53,4731,13022385000.0,,3463,0.7320000000000001
2010-02-19,NAHARINVST,EQ,27.65,28.45,28.85,25.75,25.75,26.1,26.58,11256,29913584999.999996,,10524,0.935
2010-02-22,NAHARINVST,EQ,26.1,28.45,28.45,26.25,26.65,26.35,26.69,8631,23038705000.0,,7078,0.8201
2010-02-23,NAHARINVST,EQ,26.35,26.75,26.9,25.55,25.75,25.7,25.93,3725,9659910000.0,,3526,0.9466
2010-02-24,NAHARINVST,EQ,25.7,27.0,27.0,25.75,26.55,26.55,25.99,802,2084145000.0,,755,0.9414
2010-02-25,NAHARINVST,EQ,26.55,27.8,27.8,25.75,26.0,26.05,26.12,6068,15852629999.999998,,3798,0.6259
2010-02-26,NAHARINVST,EQ,26.05,27.4,27.4,25.5,26.2,25.7,25.75,2042,5258450000.0,,1497,0.7331000000000001
2010-03-02,NAHARINVST,EQ,25.7,27.5,27.9,26.4,26.5,26.5,26.92,5815,15652904999.999998,,2908,0.5001
2010-03-03,NAHARINVST,EQ,26.5,27.0,27.8,26.0,27.3,26.2,26.5,4508,11944460000.0,,4203,0.9323
2010-03-04,NAHARINVST,EQ,26.2,27.8,27.8,25.05,26.0,26.35,26.6,6961,18513640000.0,,5439,0.7814
2010-03-05,NAHARINVST,EQ,26.35,27.45,28.4,26.5,27.05,26.8,27.34,13017,35583600000.0,,6300,0.484
2010-03-08,NAHARINVST,EQ,26.8,28.0,28.5,26.0,26.4,26.2,26.22,4309,11298280000.0,,2865,0.6648999999999999
2010-03-09,NAHARINVST,EQ,26.2,27.35,27.35,25.75,26.75,25.95,25.99,2280,5925450000.0,,1787,0.7837999999999999
2010-03-10,NAHARINVST,EQ,25.95,27.45,27.45,25.0,26.65,26.1,26.15,7220,18877130000.0,,6095,0.8442000000000001
2010-03-11,NAHARINVST,EQ,26.1,27.9,27.95,26.0,27.4,26.95,26.72,12406,33146880000.0,,9203,0.7418000000000001
2010-03-12,NAHARINVST,EQ,26.95,27.8,27.8,26.0,26.45,26.45,26.49,3428,9079155000.0,,2856,0.8331000000000001
2010-03-15,NAHARINVST,EQ,26.45,25.05,27.6,25.05,27.0,26.55,26.6,6968,18534805000.0,,5776,0.8289
2010-03-16,NAHARINVST,EQ,26.55,27.4,27.9,25.4,26.55,26.6,26.65,18040,48072485000.0,,4718,0.2615
2010-03-17,NAHARINVST,EQ,26.6,28.4,28.4,26.0,26.25,26.3,26.34,5028,13245935000.0,,4246,0.8445
2010-03-18,NAHARINVST,EQ,26.3,27.7,27.7,25.8,26.25,26.3,26.18,2756,7216010000.000001,,1777,0.6448
2010-03-19,NAHARINVST,EQ,26.3,26.9,27.35,26.0,26.5,26.5,26.67,5868,15648320000.000002,,3655,0.6229
2010-03-22,NAHARINVST,EQ,26.5,26.0,27.2,26.0,26.55,26.5,26.68,5205,13887254999.999998,,3835,0.7368000000000001
2010-03-23,NAHARINVST,EQ,26.5,26.25,27.15,26.25,26.5,26.5,26.78,30836,82587275000.0,,3765,0.12210000000000001
2010-03-25,NAHARINVST,EQ,26.5,26.1,26.55,25.5,26.3,25.6,25.81,5005,12916950000.0,,4171,0.8334
2010-03-26,NAHARINVST,EQ,25.6,25.6,26.5,24.75,24.75,24.8,25.15,13249,33318690000.000004,,2782,0.21
2010-03-29,NAHARINVST,EQ,24.8,25.95,26.9,23.5,25.5,25.2,24.98,24791,61933875000.0,,9361,0.3776
2010-03-30,NAHARINVST,EQ,25.2,25.9,25.9,24.5,24.6,24.75,24.95,1962,4894840000.0,,1692,0.8623999999999999
2010-03-31,NAHARINVST,EQ,24.75,25.7,25.7,23.55,24.45,24.5,24.5,10620,26020945000.0,,8261,0.7779
2010-04-01,NAHARINVST,EQ,24.5,26.0,26.9,24.5,25.2,25.6,25.54,3791,9683420000.0,,2776,0.7323000000000001
2010-04-05,NAHARINVST,EQ,25.6,27.4,27.4,24.05,26.85,26.3,26.83,6304,16915215000.0,,5682,0.9013
2010-04-06,NAHARINVST,EQ,26.3,27.9,27.9,25.85,26.1,26.3,26.32,5716,15044565000.0,,4587,0.8025
2010-04-07,NAHARINVST,EQ,26.3,25.55,27.95,25.55,27.05,27.1,27.34,7757,21204515000.0,,5720,0.7373999999999999
2010-04-08,NAHARINVST,EQ,27.1,27.3,27.6,26.75,27.1,26.95,27.03,2955,7986720000.0,,2773,0.9384
2010-04-09,NAHARINVST,EQ,26.95,26.7,26.75,26.5,26.5,26.5,26.64,1832,4881035000.0,,1766,0.9640000000000001
2010-04-12,NAHARINVST,EQ,26.5,25.55,27.8,25.55,26.5,26.5,26.83,2212,5935190000.0,,1585,0.7165
2010-04-13,NAHARINVST,EQ,26.5,26.15,27.5,26.1,26.25,26.25,26.27,1823,4788875000.0,,1641,0.9002
2010-04-15,NAHARINVST,EQ,26.25,26.25,26.8,26.0,26.55,26.5,26.46,6064,16042629999.999998,,4672,0.7704000000000001
2010-04-16,NAHARINVST,EQ,26.5,26.5,27.0,26.1,27.0,27.0,26.66,7912,21097225000.0,,7540,0.953
2010-04-19,NAHARINVST,EQ,27.0,26.7,26.8,25.6,26.5,26.45,26.45,3802,10057160000.0,,3420,0.8995000000000001
2010-04-20,NAHARINVST,EQ,26.45,25.5,26.85,25.5,25.75,25.75,25.64,4417,11326160000.0,,2868,0.6493000000000001
2010-04-21,NAHARINVST,EQ,25.75,25.5,26.85,25.25,26.0,26.0,26.05,2807,7312400000.0,,1751,0.6238
2010-04-22,NAHARINVST,EQ,26.0,25.5,26.9,25.5,26.6,25.95,26.48,1733,4589790000.0,,1236,0.7132
2010-04-23,NAHARINVST,EQ,25.95,26.5,26.8,26.05,26.5,26.25,26.45,5221,13810545000.000002,,2949,0.5648
2010-04-26,NAHARINVST,EQ,26.25,25.5,26.45,25.5,25.95,25.9,25.86,4617,11940160000.0,,3711,0.8038
2010-04-27,NAHARINVST,EQ,25.9,25.6,25.9,25.6,25.85,25.85,25.78,1054,2716895000.0,,1054,1.0
2010-04-28,NAHARINVST,EQ,25.85,25.5,25.6,25.0,25.2,25.2,25.44,3737,9506140000.0,,2970,0.7948000000000001
2010-04-29,NAHARINVST,EQ,25.2,25.5,26.45,25.5,26.45,26.3,25.88,4428,11459695000.0,,4000,0.9033
2010-04-30,NAHARINVST,EQ,26.3,26.0,26.45,25.65,26.45,26.45,26.11,3358,8769180000.0,,3358,1.0
2010-05-03,NAHARINVST,EQ,26.45,25.5,26.1,25.2,26.0,25.8,25.74,2767,7121435000.000001,,1500,0.5421
2010-05-04,NAHARINVST,EQ,25.8,26.0,27.0,25.55,25.55,25.65,26.13,4040,10556165000.0,,3907,0.9671
2010-05-05,NAHARINVST,EQ,25.65,25.5,27.0,23.25,26.8,26.45,26.33,12494,32902734999.999996,,8150,0.6523000000000001
2010-05-06,NAHARINVST,EQ,26.45,26.5,26.95,25.55,26.8,26.35,26.41,2726,7198560000.000001,,1689,0.6196
2010-05-07,NAHARINVST,EQ,26.35,26.5,27.0,24.35,24.5,24.55,25.47,12900,32858905000.0,,10822,0.8389
2010-05-10,NAHARINVST,EQ,24.55,25.0,25.95,25.0,25.65,25.55,25.48,3849,9807680000.0,,3679,0.9558
2010-05-11,NAHARINVST,EQ,25.55,24.25,25.5,24.25,25.0,25.05,25.15,2447,6154425000.0,,2096,0.8566
2010-05-12,NAHARINVST,EQ,25.05,25.1,25.25,24.55,25.25,25.25,25.0,2281,5701635000.0,,2171,0.9518000000000001
2010-05-13,NAHARINVST,EQ,25.25,25.5,25.7,25.0,25.0,25.0,25.12,1334,3350985000.0,,1297,0.9723
2010-05-14,NAHARINVST,EQ,25.0,25.0,25.55,25.0,25.0,25.0,25.0,1116,2790410000.0,,1105,0.9901000000000001
2010-05-17,NAHARINVST,EQ,25.0,24.5,24.5,23.5,24.25,24.25,24.16,1757,4244769999.9999995,,1651,0.9397
2010-05-18,NAHARINVST,EQ,24.25,24.5,25.0,23.8,23.85,24.0,24.06,3709,8923555000.0,,3603,0.9714
2010-05-19,NAHARINVST,EQ,24.0,23.9,24.0,23.5,23.5,23.9,23.89,1103,2635550000.0,,1103,1.0
2010-05-20,NAHARINVST,EQ,23.9,23.6,24.5,23.55,24.0,24.0,23.79,3238,7702585000.000001,,2427,0.7495
2010-05-21,NAHARINVST,EQ,24.0,24.0,24.0,20.2,22.0,22.0,22.38,8785,19660980000.0,,8122,0.9245000000000001
2010-05-24,NAHARINVST,EQ,22.0,22.5,23.8,22.4,22.65,22.65,22.79,3327,7583700000.0,,2817,0.8467
2010-05-25,NAHARINVST,EQ,22.65,22.5,22.5,21.0,21.1,21.2,21.63,3967,8580555000.0,,3282,0.8273
2010-05-26,NAHARINVST,EQ,21.2,25.2,25.2,20.75,22.25,21.55,21.81,1774,3869300000.0,,1158,0.6528
2010-05-27,NAHARINVST,EQ,21.55,22.5,22.8,21.5,21.6,21.6,21.89,210,459780000.0,,197,0.9381
2010-05-28,NAHARINVST,EQ,21.6,22.5,23.15,22.0,23.15,23.15,22.65,1286,2913265000.0,,1061,0.8250000000000001
2010-05-31,NAHARINVST,EQ,23.15,22.6,23.3,22.05,23.3,23.15,22.75,3721,8463650000.0,,2475,0.6651
2010-06-01,NAHARINVST,EQ,23.15,21.6,23.5,21.6,22.65,22.65,22.53,2027,4566100000.0,,879,0.4336
2010-06-02,NAHARINVST,EQ,22.65,22.5,23.75,21.5,23.0,23.2,22.29,14757,32893430000.0,,11768,0.7975
2010-06-03,NAHARINVST,EQ,23.2,22.5,24.8,22.4,24.3,24.45,24.19,7812,18896415000.0,,7583,0.9707
2010-06-04,NAHARINVST,EQ,24.45,24.25,24.25,24.0,24.1,24.0,24.03,1437,3452550000.0,,1387,0.9652
2010-06-07,NAHARINVST,EQ,24.0,23.5,25.55,23.0,24.45,24.45,24.22,1500,3633115000.0,,1478,0.9853000000000001
2010-06-08,NAHARINVST,EQ,24.45,23.75,23.75,23.75,23.75,23.75,23.75,800,1900000000.0,,800,1.0
2010-06-09,NAHARINVST,EQ,23.75,23.5,24.0,22.6,23.0,23.0,23.22,655,1520800000.0,,320,0.48850000000000005
2010-06-10,NAHARINVST,EQ,23.0,22.65,23.45,22.65,22.9,22.9,23.08,705,1627200000.0,,125,0.1773
2010-06-11,NAHARINVST,EQ,22.9,23.5,23.9,23.5,23.9,23.9,23.51,515,1210850000.0,,500,0.9709000000000001
2010-06-14,NAHARINVST,EQ,23.9,23.95,24.55,23.5,24.4,24.25,24.24,4635,11235260000.0,,3945,0.8511
2010-06-15,NAHARINVST,EQ,24.25,24.0,24.95,23.6,24.5,24.25,24.2,1267,3066335000.0,,1136,0.8966
2010-06-16,NAHARINVST,EQ,24.25,23.55,23.55,23.55,23.55,23.55,23.55,1151,2710605000.0,,1151,1.0
2010-06-17,NAHARINVST,EQ,23.55,23.0,23.7,22.75,23.6,23.65,23.3,1735,4042569999.9999995,,925,0.5331
2010-06-18,NAHARINVST,EQ,23.65,23.6,24.15,23.2,23.25,23.25,23.61,3355,7922005000.0,,2199,0.6554000000000001
2010-06-21,NAHARINVST,EQ,23.25,23.0,23.35,23.0,23.35,23.35,23.02,176,405185000.0,,176,1.0
2010-06-22,NAHARINVST,EQ,23.35,23.5,23.9,22.75,23.0,23.0,22.9,3108,7118010000.000001,,2838,0.9131
2010-06-23,NAHARINVST,EQ,23.0,23.0,24.3,23.0,23.75,23.95,23.84,2262,5393355000.0,,1520,0.672
2010-06-24,NAHARINVST,EQ,23.95,23.5,24.5,23.0,24.5,24.35,24.0,1046,2510920000.0,,813,0.7772
2010-06-25,NAHARINVST,EQ,24.35,23.5,24.25,23.3,24.25,24.25,23.84,3202,7634430000.0,,2523,0.7879
2010-06-28,NAHARINVST,EQ,24.25,23.55,24.9,23.55,23.9,23.9,23.78,1020,2425265000.0,,1011,0.9912000000000001
2010-06-29,NAHARINVST,EQ,23.9,23.6,24.4,23.6,23.75,23.7,23.71,2571,6096000000.0,,2448,0.9522
2010-06-30,NAHARINVST,EQ,23.7,23.6,23.7,22.6,23.0,23.0,23.41,2628,6152540000.0,,2413,0.9181999999999999
2010-07-01,NAHARINVST,EQ,23.0,22.5,25.0,22.0,23.75,24.2,23.66,2555,6045350000.0,,1842,0.7209000000000001
2010-07-02,NAHARINVST,EQ,24.2,24.5,24.5,23.8,23.8,23.8,23.99,9675,23214110000.0,,9624,0.9947
2010-07-05,NAHARINVST,EQ,23.8,24.8,24.9,23.55,24.2,24.2,24.18,495,1197130000.0,,459,0.9273
2010-07-06,NAHARINVST,EQ,24.2,23.7,24.0,23.6,23.8,23.8,23.89,2679,6399650000.0,,2665,0.9948
2010-07-07,NAHARINVST,EQ,23.8,23.8,24.0,23.0,24.0,24.0,23.56,6399,15074585000.0,,3796,0.5932000000000001
2010-07-08,NAHARINVST,EQ,24.0,25.3,25.3,23.65,24.0,24.0,23.76,1971,4682805000.0,,1960,0.9944
2010-07-09,NAHARINVST,EQ,24.0,24.4,24.4,23.6,24.3,24.3,24.14,575,1387825000.0,,465,0.8087000000000001
2010-07-12,NAHARINVST,EQ,24.3,23.5,24.8,23.05,23.95,23.95,24.26,3313,8037845000.0,,2458,0.7419
2010-07-13,NAHARINVST,EQ,23.95,23.85,24.6,23.55,24.5,24.4,24.2,2823,6832270000.0,,2617,0.927
2010-07-14,NAHARINVST,EQ,24.4,22.65,23.9,22.65,23.6,23.6,23.39,1794,4196240000.0,,1794,1.0
2010-07-15,NAHARINVST,EQ,23.6,23.75,24.45,23.6,24.4,24.0,23.87,6568,15676820000.000002,,6509,0.991
2010-07-16,NAHARINVST,EQ,24.0,23.55,24.55,23.5,24.5,24.35,24.14,6509,15709815000.0,,5683,0.8731
2010-07-19,NAHARINVST,EQ,24.35,24.2,24.75,23.7,23.7,23.7,24.07,2791,6718035000.000001,,2556,0.9158
2010-07-20,NAHARINVST,EQ,23.7,24.45,24.75,24.0,24.0,24.05,24.15,1757,4243950000.0,,1630,0.9277
2010-07-21,NAHARINVST,EQ,24.05,24.0,24.2,23.6,23.6,23.6,23.91,615,1470700000.0,,555,0.9024
2010-07-22,NAHARINVST,EQ,23.6,24.8,25.15,23.85,24.15,24.2,24.68,3952,9751805000.0,,2398,0.6068
2010-07-23,NAHARINVST,EQ,24.2,25.8,27.05,24.2,25.35,25.35,26.04,15985,41625780000.0,,8071,0.5049
2010-07-26,NAHARINVST,EQ,25.35,25.15,25.2,24.8,24.8,24.8,25.06,2907,7283489999.999999,,2711,0.9326000000000001
2010-07-27,NAHARINVST,EQ,24.8,24.5,25.45,24.25,25.25,25.25,24.54,2019,4954420000.0,,1814,0.8985
2010-07-28,NAHARINVST,EQ,25.25,25.0,30.3,25.0,26.8,26.65,28.28,252168,713244385000.0,,55536,0.2202
2010-07-29,NAHARINVST,EQ,26.65,27.0,31.0,27.0,28.2,28.4,29.48,219796,647923740000.0,,75237,0.3423
2010-07-30,NAHARINVST,EQ,28.4,27.25,28.5,27.05,27.55,27.3,27.95,11326,31654975000.0,,7970,0.7037000000000001
2010-08-02,NAHARINVST,EQ,27.3,27.5,27.9,26.5,26.55,26.9,27.02,10593,28618905000.0,,7639,0.7211
2010-08-03,NAHARINVST,EQ,26.9,26.5,27.0,26.05,26.2,26.15,26.63,7916,21081145000.0,,5218,0.6592
2010-08-04,NAHARINVST,EQ,26.15,26.95,27.8,26.05,26.4,26.45,26.82,11868,31827100000.0,,5477,0.4615
2010-08-05,NAHARINVST,EQ,26.45,26.55,27.25,26.2,26.5,26.75,26.77,7187,19240315000.0,,4966,0.691
2010-08-06,NAHARINVST,EQ,26.75,26.5,26.5,25.4,25.4,25.7,25.95,3112,8077160000.000001,,2718,0.8734000000000001
2010-08-09,NAHARINVST,EQ,25.7,25.1,27.4,25.1,26.4,26.4,26.27,14090,37009045000.0,,8535,0.6057
2010-08-10,NAHARINVST,EQ,26.4,26.4,27.4,26.4,26.5,26.55,27.04,6061,16388350000.0,,4126,0.6807
2010-08-11,NAHARINVST,EQ,26.55,26.2,29.1,26.2,27.7,27.55,27.92,36739,102574070000.0,,20729,0.5642
2010-08-12,NAHARINVST,EQ,27.55,27.5,30.2,27.3,29.5,29.5,29.3,80324,235354775000.0,,28004,0.3486
2010-08-13,NAHARINVST,EQ,29.5,30.0,34.2,29.4,32.0,32.3,32.64,413304,1348844865000.0,,85367,0.2065
2010-08-16,NAHARINVST,EQ,32.3,33.3,35.95,31.6,33.6,33.8,34.35,125343,430607590000.00006,,43202,0.3447
2010-08-17,NAHARINVST,EQ,33.8,34.75,36.8,32.15,32.65,32.4,34.66,152442,528336200000.0,,37834,0.2482
2010-08-18,NAHARINVST,EQ,32.4,32.95,34.3,32.5,32.9,32.75,33.28,25043,83331000000.0,,10515,0.41990000000000005
2010-08-19,NAHARINVST,EQ,32.75,32.7,33.5,31.75,32.65,32.05,32.23,30265,97553105000.0,,17843,0.5896
2010-08-20,NAHARINVST,EQ,32.05,31.1,32.5,31.1,32.0,32.2,31.96,11435,36545725000.0,,5761,0.5038
2010-08-23,NAHARINVST,EQ,32.2,31.5,32.6,31.0,32.1,31.9,31.6,15294,48327335000.0,,7379,0.4825
2010-08-24,NAHARINVST,EQ,31.9,32.0,34.0,32.0,32.65,32.35,32.77,49772,163112465000.0,,23298,0.4681
2010-08-25,NAHARINVST,EQ,32.35,32.5,32.5,31.6,32.25,32.05,32.0,4728,15128600000.0,,3698,0.7820999999999999
2010-08-26,NAHARINVST,EQ,32.05,31.6,33.9,31.6,31.75,32.0,32.09,11686,37499740000.0,,10174,0.8706
2010-08-27,NAHARINVST,EQ,32.0,31.5,32.8,31.4,32.45,32.4,32.17,11582,37259855000.0,,8471,0.7314
2010-08-30,NAHARINVST,EQ,32.4,32.5,33.0,31.05,31.05,31.2,31.59,5158,16296585000.0,,4043,0.7837999999999999
2010-08-31,NAHARINVST,EQ,31.2,30.8,31.8,30.5,31.35,31.0,31.01,3606,11181660000.0,,2997,0.8311000000000001
2010-09-01,NAHARINVST,EQ,31.0,31.5,31.7,30.15,31.0,31.0,31.04,5050,15676429999.999998,,4311,0.8537
2010-09-02,NAHARINVST,EQ,31.0,31.5,31.8,30.8,31.0,31.05,31.47,10188,32064100000.0,,9210,0.904
2010-09-03,NAHARINVST,EQ,31.05,32.0,32.0,30.7,31.6,31.25,31.17,10365,32312465000.000004,,6231,0.6012
2010-09-06,NAHARINVST,EQ,31.25,30.1,33.9,30.1,33.9,32.85,32.41,27821,90157010000.0,,21536,0.7741
2010-09-07,NAHARINVST,EQ,32.85,33.05,36.0,32.0,34.2,34.4,34.11,93034,317311145000.0,,51394,0.5524
2010-09-08,NAHARINVST,EQ,34.4,34.75,35.5,33.25,35.25,34.8,34.85,30958,107891250000.0,,22934,0.7408
2010-09-09,NAHARINVST,EQ,34.8,34.4,34.5,33.6,33.65,33.85,34.08,9561,32579559999.999996,,7787,0.8145
2010-09-13,NAHARINVST,EQ,33.85,34.85,36.0,34.5,34.6,34.7,35.15,40022,140696100000.0,,19875,0.4966
2010-09-14,NAHARINVST,EQ,34.7,34.5,35.95,34.4,35.4,35.15,35.17,35346,124303460000.00002,,30059,0.8504
2010-09-15,NAHARINVST,EQ,35.15,35.4,38.5,35.4,37.4,37.3,37.46,126809,475047330000.0,,79986,0.6308
2010-09-16,NAHARINVST,EQ,37.3,37.0,38.6,36.75,38.35,38.2,38.13,79731,304049055000.0,,52414,0.6574
2010-09-17,NAHARINVST,EQ,38.2,38.5,39.0,38.1,38.55,38.2,38.55,22309,85997670000.0,,15788,0.7077
2010-09-20,NAHARINVST,EQ,38.2,39.7,45.85,39.7,45.85,45.85,44.63,383605,1711840730000.0,,162320,0.42310000000000003
2010-09-21,NAHARINVST,EQ,45.85,48.1,49.8,44.1,44.55,44.9,46.32,373122,1728240635000.0002,,166416,0.446
2010-09-22,NAHARINVST,EQ,44.9,44.75,45.0,43.0,44.85,44.65,43.92,54970,241454579999.99997,,34242,0.6229
2010-09-23,NAHARINVST,EQ,44.65,46.9,51.4,45.55,48.6,48.9,50.06,640931,3208374195000.0,,234679,0.36619999999999997
2010-09-24,NAHARINVST,EQ,48.9,49.0,51.1,48.8,50.0,50.25,50.31,169830,854485010000.0,,71378,0.4203
2010-09-27,NAHARINVST,EQ,50.25,51.1,54.25,50.2,52.5,53.1,52.97,305232,1616824245000.0,,174368,0.5713
2010-09-28,NAHARINVST,EQ,53.1,54.0,56.0,53.1,53.95,53.55,54.42,155448,845908850000.0,,68941,0.4435
2010-09-29,NAHARINVST,EQ,53.55,54.1,54.25,50.0,50.1,50.25,51.64,102434,529001420000.0,,57336,0.5597
2010-09-30,NAHARINVST,EQ,50.25,50.3,52.3,49.0,49.1,49.45,50.17,45227,226916754999.99997,,26697,0.5903
2010-12-03,NAHARINVST,EQ,47.9,47.0,48.25,47.0,48.25,48.05,47.98,43029,206445635000.0,,42471,0.9870000000000001
2010-12-06,NAHARINVST,EQ,48.05,48.1,48.1,45.65,46.25,46.2,46.64,7897,36829560000.0,,7111,0.9005
2010-12-07,NAHARINVST,EQ,46.2,45.5,45.5,43.9,44.0,44.0,44.32,3486,15450054999.999998,,2952,0.8468000000000001
2010-12-08,NAHARINVST,EQ,44.0,44.5,44.5,42.0,43.05,43.05,43.01,2399,10317950000.0,,2161,0.9008
2010-12-09,NAHARINVST,EQ,43.05,42.0,42.9,40.9,40.9,40.9,41.19,4638,19104875000.0,,4183,0.9019
2010-12-10,NAHARINVST,EQ,40.9,39.0,41.0,38.85,39.95,40.0,39.81,2731,10871720000.0,,2239,0.8198000000000001
2010-12-13,NAHARINVST,EQ,40.0,40.0,42.0,40.0,42.0,42.0,41.91,2069,8671140000.0,,1905,0.9207
2010-12-14,NAHARINVST,EQ,42.0,41.4,43.0,40.5,41.0,41.1,41.19,1274,5247975000.0,,1085,0.8516
2010-12-15,NAHARINVST,EQ,41.1,41.5,41.5,40.6,41.0,41.0,41.16,2109,8681400000.0,,1804,0.8554
2010-12-16,NAHARINVST,EQ,41.0,40.5,41.35,40.1,41.0,41.05,41.04,4040,16579860000.0,,3454,0.855
2010-12-20,NAHARINVST,EQ,41.05,41.5,42.35,40.0,40.0,40.05,40.2,3381,13591210000.0,,3363,0.9947
2010-12-21,NAHARINVST,EQ,40.05,40.25,41.45,40.25,40.5,40.5,40.49,415,1680425000.0,,408,0.9831000000000001
2010-12-22,NAHARINVST,EQ,40.5,41.95,41.95,40.05,41.45,41.15,40.8,8838,36062910000.0,,3604,0.4078
2010-12-23,NAHARINVST,EQ,41.15,41.75,41.75,40.5,41.0,41.45,41.11,2251,9253115000.0,,1931,0.8578
2010-12-24,NAHARINVST,EQ,41.45,41.75,41.75,40.25,40.3,40.3,40.48,480,1942845000.0,,474,0.9875
2010-12-27,NAHARINVST,EQ,40.3,40.35,41.7,40.35,41.7,41.45,41.08,1984,8150945000.0,,1373,0.6920000000000001
2010-12-28,NAHARINVST,EQ,41.45,41.0,41.0,40.6,40.6,40.6,40.74,3412,13900929999.999998,,3102,0.9091
2010-12-29,NAHARINVST,EQ,40.6,40.65,40.75,40.65,40.75,40.75,40.68,1015,4128680000.0000005,,1015,1.0
2010-12-30,NAHARINVST,EQ,40.75,40.2,41.25,40.2,40.6,40.6,40.96,9908,40587535000.0,,8921,0.9004000000000001
2010-12-31,NAHARINVST,EQ,40.6,40.65,42.45,40.6,41.5,41.5,41.55,10921,45372955000.0,,6354,0.5818
2011-01-03,NAHARINVST,EQ,41.5,41.5,42.5,40.85,41.7,41.9,41.84,9221,38579560000.0,,8265,0.8963
2011-01-04,NAHARINVST,EQ,41.9,41.25,42.4,41.2,42.3,42.3,41.69,1903,7933039999.999999,,1526,0.8019
2011-01-05,NAHARINVST,EQ,42.3,41.6,41.6,41.0,41.0,41.0,41.38,1421,5880140000.0,,1419,0.9986
2011-01-06,NAHARINVST,EQ,41.0,40.0,42.95,40.0,41.0,41.0,40.78,14066,57366155000.00001,,11937,0.8486
2011-01-07,NAHARINVST,EQ,41.0,41.0,41.0,39.5,40.0,40.0,40.11,1911,7664860000.000001,,1656,0.8666
2011-01-10,NAHARINVST,EQ,40.0,37.7,41.0,37.7,40.1,40.1,39.76,2429,9657555000.0,,2075,0.8543000000000001
2011-01-11,NAHARINVST,EQ,40.1,39.5,40.4,39.3,40.1,40.0,39.82,2060,8202030000.0,,1210,0.5874
2011-01-12,NAHARINVST,EQ,40.0,40.05,40.05,38.75,39.1,39.1,39.27,7707,30267480000.0,,5565,0.7221
2011-01-13,NAHARINVST,EQ,39.1,38.75,41.0,38.15,40.9,40.9,39.09,2686,10499380000.0,,2167,0.8068000000000001
2011-01-14,NAHARINVST,EQ,40.9,40.0,41.0,39.1,41.0,39.1,39.11,446,1744270000.0,,442,0.991
2011-01-17,NAHARINVST,EQ,39.1,36.35,42.6,36.35,38.5,38.5,38.49,974,3748619999.9999995,,970,0.9959
2011-01-18,NAHARINVST,EQ,38.5,38.5,40.5,38.5,38.8,38.5,38.55,1598,6160215000.0,,1253,0.7841
2011-01-19,NAHARINVST,EQ,38.5,38.05,39.0,38.05,38.8,38.55,38.43,375,1441220000.0,,274,0.7306999999999999
2011-01-20,NAHARINVST,EQ,38.55,38.0,38.1,38.0,38.1,38.1,38.06,66,251210000.0,,41,0.6212
2011-01-21,NAHARINVST,EQ,38.1,38.0,38.95,38.0,38.7,38.5,38.56,2646,10203920000.0,,2318,0.876
2011-01-24,NAHARINVST,EQ,38.5,37.5,40.25,37.5,38.5,38.45,39.11,6157,24077925000.0,,5451,0.8853
2011-01-25,NAHARINVST,EQ,38.45,38.0,38.95,37.3,37.3,37.9,38.01,6135,23317970000.0,,3855,0.6284000000000001
2011-01-27,NAHARINVST,EQ,37.9,40.95,41.4,39.3,40.65,40.45,40.42,9807,39639715000.0,,7729,0.7881
2011-01-28,NAHARINVST,EQ,40.45,40.15,40.75,38.15,38.5,39.0,39.34,4665,18352875000.0,,3125,0.6698999999999999
2011-01-31,NAHARINVST,EQ,39.0,37.0,38.5,37.0,37.4,37.8,37.92,1287,4880490000.0,,706,0.5486
2011-02-01,NAHARINVST,EQ,37.8,37.35,38.0,37.0,37.15,37.15,37.25,3878,14445500000.0,,2728,0.7034999999999999
2011-02-02,NAHARINVST,EQ,37.15,36.15,39.0,36.15,37.1,37.5,37.79,5925,22387820000.0,,5306,0.8955
2011-02-03,NAHARINVST,EQ,37.5,37.0,38.0,36.0,37.1,37.8,37.64,1112,4185330000.0000005,,826,0.7428
2011-02-04,NAHARINVST,EQ,37.8,36.25,38.0,36.25,37.25,37.25,37.74,4313,16277695000.000002,,4133,0.9583
2011-02-07,NAHARINVST,EQ,37.25,36.35,38.7,36.35,37.0,37.0,37.27,656,2445080000.0,,480,0.7317
2011-02-08,NAHARINVST,EQ,37.0,35.05,37.95,35.05,37.6,37.0,36.72,1076,3950900000.0,,620,0.5761999999999999
2011-02-09,NAHARINVST,EQ,37.0,35.0,36.0,33.3,33.3,33.3,33.88,4209,14258790000.0,,4067,0.9662999999999999
2011-02-10,NAHARINVST,EQ,33.3,30.0,32.0,30.0,30.8,30.8,30.21,9161,27671800000.0,,8333,0.9096
2011-02-11,NAHARINVST,EQ,30.8,33.0,33.0,30.65,31.6,31.1,31.17,1788,5573005000.0,,1775,0.9927
2011-02-14,NAHARINVST,EQ,31.1,34.0,34.0,32.0,34.0,33.7,33.56,4702,15778229999.999998,,4643,0.9875
2011-02-15,NAHARINVST,EQ,33.7,36.95,36.95,33.7,34.8,33.9,34.24,7184,24599140000.0,,3076,0.4282
2011-02-16,NAHARINVST,EQ,33.9,33.8,34.5,33.8,34.5,34.1,33.93,379,1285850000.0,,310,0.8179000000000001
2011-02-17,NAHARINVST,EQ,34.1,35.0,36.65,34.05,35.0,35.05,35.06,7389,25904910000.0,,6641,0.8987999999999999
2011-02-18,NAHARINVST,EQ,35.05,37.55,37.55,33.95,33.95,34.0,34.15,2521,8609165000.0,,2414,0.9576000000000001
2011-02-21,NAHARINVST,EQ,34.0,34.1,34.1,33.0,33.15,33.0,34.05,522,1777625000.0,,520,0.9962000000000001
2011-02-22,NAHARINVST,EQ,33.0,34.0,35.5,32.0,32.15,32.5,32.48,4479,14549610000.0,,2321,0.5182
2011-02-23,NAHARINVST,EQ,32.5,34.4,34.4,33.0,33.0,33.05,33.08,1153,3814655000.0000005,,1129,0.9792000000000001
2011-02-24,NAHARINVST,EQ,33.05,35.95,35.95,31.5,31.5,32.1,32.78,6462,21180480000.0,,6375,0.9865
2011-02-25,NAHARINVST,EQ,32.1,31.05,32.35,31.05,31.3,31.55,31.52,729,2298125000.0,,519,0.7119
2011-02-28,NAHARINVST,EQ,31.55,33.9,33.9,30.55,30.55,30.75,31.65,1993,6308480000.0,,1990,0.9984999999999999
2011-03-01,NAHARINVST,EQ,30.75,32.0,32.95,30.55,30.8,30.8,31.01,1511,4686285000.0,,1383,0.9153
2011-03-03,NAHARINVST,EQ,30.8,33.9,33.9,30.75,31.9,31.9,31.7,1359,4307955000.0,,1333,0.9809000000000001
2011-03-04,NAHARINVST,EQ,31.9,33.0,33.0,31.15,31.15,31.15,31.99,2050,6557055000.0,,1521,0.742
2011-03-07,NAHARINVST,EQ,31.15,32.8,32.8,31.0,31.0,31.0,31.01,169,524080000.0,,169,1.0
2011-03-08,NAHARINVST,EQ,31.0,29.75,34.95,29.75,31.0,31.0,31.52,6365,20059375000.0,,347,0.0545
2011-03-09,NAHARINVST,EQ,31.0,33.0,33.0,31.0,31.1,31.1,31.0,602,1866409999.9999998,,601,0.9983
2011-03-10,NAHARINVST,EQ,31.1,33.0,33.0,30.4,31.0,30.85,30.85,3402,10494245000.0,,2015,0.5922999999999999
2011-03-11,NAHARINVST,EQ,30.85,32.5,32.5,30.8,31.7,31.0,31.01,1003,3109815000.0,,1001,0.998
2011-03-14,NAHARINVST,EQ,31.0,32.25,32.25,30.15,30.7,30.7,30.59,1976,6043825000.0,,1326,0.6711
2011-03-15,NAHARINVST,EQ,30.7,30.7,30.7,28.4,29.35,29.35,28.78,1055,3035855000.0,,863,0.818
2011-03-16,NAHARINVST,EQ,29.35,30.7,31.0,29.5,30.05,30.05,30.31,2107,6387115000.0,,1526,0.7243
2011-03-17,NAHARINVST,EQ,30.05,31.7,31.7,30.0,30.65,30.65,30.75,326,1002485000.0,,322,0.9877
2011-03-18,NAHARINVST,EQ,30.65,31.9,31.9,30.0,31.0,30.75,30.61,501,1533600000.0,,401,0.8004000000000001
2011-03-21,NAHARINVST,EQ,30.75,31.9,31.9,28.1,29.3,29.35,29.73,16686,49603575000.0,,5574,0.33409999999999995
2011-03-22,NAHARINVST,EQ,29.35,30.25,31.85,29.35,29.4,29.4,29.64,10361,30707215000.000004,,7946,0.7669
2011-03-23,NAHARINVST,EQ,29.4,30.3,30.3,28.5,30.2,30.2,29.61,2026,5999645000.0,,2024,0.9990000000000001
2011-03-24,NAHARINVST,EQ,30.2,31.75,31.75,29.8,30.9,30.2,31.01,2240,6945250000.0,,2103,0.9388
2011-03-25,NAHARINVST,EQ,30.2,36.0,36.0,30.45,30.5,30.55,30.67,4636,14216300000.0,,3500,0.755
2011-03-28,NAHARINVST,EQ,30.55,31.75,31.75,30.25,31.0,31.0,30.89,601,1856709999.9999998,,600,0.9983
2011-03-29,NAHARINVST,EQ,31.0,31.9,31.9,29.95,30.7,30.35,30.31,9881,29949230000.0,,8821,0.8926999999999999
2011-03-30,NAHARINVST,EQ,30.35,31.0,31.0,30.25,31.0,31.0,30.54,18193,55564219999.99999,,16259,0.8937
2011-03-31,NAHARINVST,EQ,31.0,31.9,31.9,31.1,31.1,31.15,31.45,2117,6658350000.0,,2117,1.0
2011-04-01,NAHARINVST,EQ,31.15,35.0,35.0,30.5,34.0,33.8,32.87,2682,8816040000.0,,2349,0.8758
2011-04-04,NAHARINVST,EQ,33.8,35.9,35.9,34.75,34.8,34.75,35.15,3,10545000.0,,1,0.3333
2011-04-05,NAHARINVST,EQ,34.75,32.3,35.7,32.3,34.65,34.65,34.45,3868,13326540000.0,,2702,0.6986
2011-04-06,NAHARINVST,EQ,34.65,35.8,35.8,34.8,35.5,35.5,35.14,177,621910000.0,,177,1.0
2011-04-07,NAHARINVST,EQ,35.5,33.5,35.55,33.5,34.5,34.5,34.56,2964,10244865000.0,,2735,0.9227
2011-04-08,NAHARINVST,EQ,34.5,35.0,35.0,33.75,33.95,33.95,33.96,697,2367180000.0,,621,0.891
2011-04-11,NAHARINVST,EQ,33.95,33.5,33.5,32.5,32.65,32.65,33.02,1061,3503935000.0,,1059,0.9981000000000001
2011-04-13,NAHARINVST,EQ,32.65,33.5,33.5,32.1,32.75,32.75,32.35,2006,6488525000.0,,1406,0.7009000000000001
2011-04-15,NAHARINVST,EQ,32.75,33.8,35.75,32.0,35.75,34.0,33.62,2063,6936510000.000001,,1709,0.8284
2011-04-18,NAHARINVST,EQ,34.0,35.0,38.0,34.25,35.65,35.3,35.96,14194,51043260000.0,,4769,0.336
2011-04-19,NAHARINVST,EQ,35.3,36.5,36.5,33.95,34.0,34.0,34.02,6361,21643015000.0,,5608,0.8815999999999999
2011-04-20,NAHARINVST,EQ,34.0,36.95,36.95,34.6,35.25,35.25,36.01,3461,12462265000.0,,3135,0.9058
2011-04-21,NAHARINVST,EQ,35.25,35.0,36.35,34.3,34.5,34.5,34.69,732,2539465000.0,,579,0.7909999999999999
2011-04-25,NAHARINVST,EQ,34.5,36.0,36.0,35.0,35.8,35.8,35.41,2156,7635145000.0,,1244,0.5770000000000001
2011-04-26,NAHARINVST,EQ,35.8,37.1,37.1,34.05,34.1,34.1,34.13,840,2866790000.0,,736,0.8762000000000001
2011-04-27,NAHARINVST,EQ,34.1,36.0,36.0,34.05,34.25,34.25,34.18,1227,4193440000.0,,1049,0.8549
2011-04-28,NAHARINVST,EQ,34.25,35.9,35.9,32.9,35.0,35.0,34.12,1093,3728930000.0000005,,794,0.7264
2011-04-29,NAHARINVST,EQ,35.0,36.1,36.1,33.05,33.05,33.75,33.36,1013,3379840000.0,,891,0.8795999999999999
2011-05-02,NAHARINVST,EQ,33.75,33.0,33.15,32.1,33.05,33.05,32.91,682,2244655000.0,,603,0.8842
2011-05-03,NAHARINVST,EQ,33.05,36.0,36.0,32.1,33.0,32.5,32.47,1762,5721640000.0,,1147,0.6509999999999999
2011-05-04,NAHARINVST,EQ,32.5,31.45,32.95,31.45,31.65,32.0,31.86,604,1924340000.0000002,,358,0.5927
2011-05-05,NAHARINVST,EQ,32.0,33.05,34.5,32.95,33.9,33.6,33.04,1299,4291935000.0,,1020,0.7852
2011-05-06,NAHARINVST,EQ,33.6,33.0,33.0,31.75,32.0,31.85,31.99,1242,3972590000.0,,987,0.7947
2011-05-06,NAHARINVST,EQ,33.6,33.0,33.0,31.75,32.0,31.85,31.99,1242,3972590000.0,,987,0.7947
2011-05-09,NAHARINVST,EQ,31.85,30.0,31.35,30.0,31.35,31.35,30.38,397,1206250000.0,,397,1.0
2011-05-10,NAHARINVST,EQ,31.35,32.0,32.9,31.55,32.1,32.5,32.23,1183,3813035000.0,,775,0.6551
2011-05-11,NAHARINVST,EQ,32.5,31.5,32.6,31.5,32.25,32.0,31.83,690,2196550000.0,,515,0.7464000000000001
2011-05-12,NAHARINVST,EQ,32.0,36.0,36.0,31.55,32.3,32.3,32.39,713,2309650000.0,,544,0.763
2011-05-13,NAHARINVST,EQ,32.3,32.0,35.0,31.1,31.1,31.2,31.43,5333,16759990000.0,,4869,0.913
2011-05-16,NAHARINVST,EQ,31.2,32.9,32.9,30.6,31.3,31.3,31.0,671,2079809999.9999998,,546,0.8137000000000001
2011-05-17,NAHARINVST,EQ,31.3,32.8,32.8,31.0,31.0,31.0,31.23,743,2320410000.0,,713,0.9596
2011-05-18,NAHARINVST,EQ,31.0,32.8,32.8,30.3,30.35,30.7,30.59,1294,3958675000.0,,978,0.7558
2011-05-19,NAHARINVST,EQ,30.7,35.9,35.9,30.35,31.15,31.25,31.41,1020,3204125000.0,,943,0.9245000000000001
2011-05-20,NAHARINVST,EQ,31.25,30.4,31.0,30.3,30.95,30.95,30.87,3175,9800505000.0,,3156,0.9940000000000001
2011-05-23,NAHARINVST,EQ,30.95,30.4,31.75,29.8,29.8,30.5,30.46,9039,27537105000.0,,5600,0.6195
2011-05-24,NAHARINVST,EQ,30.5,29.3,31.95,29.3,31.95,30.95,30.55,1685,5147375000.0,,1361,0.8077
2011-05-25,NAHARINVST,EQ,30.95,30.0,30.25,29.8,30.0,30.0,30.01,296,888279999.9999999,,193,0.652
2011-05-26,NAHARINVST,EQ,30.0,29.05,30.9,29.05,29.7,29.55,29.68,479,1421725000.0,,342,0.7140000000000001
2011-05-27,NAHARINVST,EQ,29.55,31.0,31.5,31.0,31.5,31.0,31.0,255,790600000.0,,252,0.9882
2011-05-30,NAHARINVST,EQ,31.0,30.6,32.05,30.6,32.05,32.05,30.76,224,688920000.0,,224,1.0
2011-05-31,NAHARINVST,EQ,32.05,30.55,31.0,30.55,30.75,30.75,30.7,1716,5268350000.0,,1605,0.9353
2011-06-01,NAHARINVST,EQ,30.75,30.95,30.95,30.5,30.5,30.5,30.57,329,1005700000.0,4.0,329,1.0
2011-06-02,NAHARINVST,EQ,30.5,30.6,31.35,30.5,30.5,30.5,30.59,2052,6276700000.0,13.0,2051,0.9995
2011-06-03,NAHARINVST,EQ,30.5,29.9,32.0,29.9,30.2,30.2,30.8,1569,4831770000.0,12.0,1419,0.9044
2011-06-06,NAHARINVST,EQ,30.2,31.0,32.0,29.45,30.65,30.1,30.13,2068,6230285000.0,17.0,1763,0.8525
2011-06-07,NAHARINVST,EQ,30.1,30.0,31.0,30.0,31.0,31.0,30.89,1829,5649900000.0,9.0,1200,0.6561
2011-06-08,NAHARINVST,EQ,31.0,30.15,30.15,29.6,30.0,30.0,30.01,2016,6050060000.0,6.0,2015,0.9995
2011-06-09,NAHARINVST,EQ,30.0,29.6,29.6,29.6,29.6,29.6,29.6,330,976800000.0,3.0,330,1.0
2011-06-10,NAHARINVST,EQ,29.6,30.15,30.5,29.05,29.05,29.25,29.75,2189,6512655000.0,22.0,1768,0.8077
2011-06-13,NAHARINVST,EQ,29.25,29.0,32.0,28.0,28.85,28.85,29.43,1609,4735110000.0,25.0,1063,0.6607
2011-06-14,NAHARINVST,EQ,28.85,29.25,29.95,29.25,29.9,29.9,29.87,380,1135100000.0,3.0,340,0.8947
2011-06-16,NAHARPOLY,EQ,29.9,29.25,29.6,29.25,29.6,29.6,29.6,412,1219475000.0,5.0,411,0.9976
2011-06-17,NAHARPOLY,EQ,29.6,28.95,29.0,28.95,28.95,28.95,28.95,505,1462000000.0,6.0,505,1.0
2011-06-20,NAHARPOLY,EQ,28.95,28.25,29.5,28.0,28.5,28.75,28.61,1710,4892830000.0,8.0,1710,1.0
2011-06-21,NAHARPOLY,EQ,28.75,30.15,30.85,27.75,27.75,27.75,28.85,5465,15767675000.0,27.0,4444,0.8131999999999999
2011-06-22,NAHARPOLY,EQ,27.75,28.75,28.75,27.5,28.6,28.6,28.24,1714,4840040000.0,4.0,1714,1.0
2011-06-23,NAHARPOLY,EQ,28.6,25.9,29.65,25.9,27.3,27.3,27.63,481,1328915000.0,8.0,115,0.2391
2011-06-24,NAHARPOLY,EQ,27.3,27.9,27.9,27.8,27.8,27.8,27.82,1200,3338000000.0,6.0,1200,1.0
2011-06-27,NAHARPOLY,EQ,27.8,27.8,28.75,27.8,27.8,27.8,28.26,645,1822975000.0,4.0,645,1.0
2011-06-28,NAHARPOLY,EQ,27.8,28.0,28.0,27.3,27.3,27.4,27.57,2075,5719750000.0,17.0,1725,0.8312999999999999
2011-06-29,NAHARPOLY,EQ,27.4,32.0,32.0,28.0,29.0,29.15,29.19,3549,10360595000.0,26.0,2995,0.8439
2011-06-30,NAHARPOLY,EQ,29.15,28.25,28.5,28.2,28.5,28.35,28.34,1065,3018025000.0,5.0,1065,1.0
2011-07-01,NAHARPOLY,EQ,28.35,29.0,30.45,28.3,28.3,28.6,29.36,1950,5724900000.0,12.0,1400,0.7179000000000001
2011-07-04,NAHARPOLY,EQ,28.6,28.0,28.55,28.0,28.55,28.55,28.36,1667,4727650000.0,8.0,1340,0.8038
2011-07-05,NAHARPOLY,EQ,28.55,28.5,29.3,28.5,29.3,29.3,29.21,1278,3733660000.0,7.0,1254,0.9812000000000001
2011-07-06,NAHARPOLY,EQ,29.3,29.05,29.2,29.0,29.0,29.0,29.03,532,1544175000.0,10.0,451,0.8477
2011-07-07,NAHARPOLY,EQ,29.0,28.45,28.6,28.4,28.55,28.55,28.51,3197,9113925000.0,12.0,2979,0.9318000000000001
2011-07-08,NAHARPOLY,EQ,28.55,28.25,28.45,28.2,28.25,28.35,28.22,1271,3586694999.9999995,10.0,1206,0.9489000000000001
2011-07-11,NAHARPOLY,EQ,28.35,28.1,28.5,27.75,27.75,27.85,28.09,2426,6815500000.0,17.0,2426,1.0
2011-07-12,NAHARPOLY,EQ,27.85,27.0,27.6,27.0,27.2,27.25,27.51,3299,9075195000.0,8.0,3273,0.9921
2011-07-13,NAHARPOLY,EQ,27.25,28.2,28.2,27.3,27.3,27.3,28.11,564,1585220000.0,3.0,564,1.0
2011-07-14,NAHARPOLY,EQ,27.3,27.1,27.9,27.05,27.1,27.25,27.19,1917,5212485000.0,25.0,1667,0.8695999999999999
2011-07-15,NAHARPOLY,EQ,27.25,27.05,27.05,26.55,27.05,27.05,26.92,212,570755000.0,7.0,131,0.6179
2011-07-18,NAHARPOLY,EQ,27.05,26.45,28.75,26.45,27.3,27.3,27.59,2314,6383200000.0,18.0,1705,0.7368000000000001
2011-07-19,NAHARPOLY,EQ,27.3,27.5,27.5,27.5,27.5,27.5,27.5,500,1375000000.0,1.0,500,1.0
2011-07-20,NAHARPOLY,EQ,27.5,28.65,29.2,27.5,28.6,28.6,28.83,5666,16336640000.0,22.0,5264,0.9291
2011-07-21,NAHARPOLY,EQ,28.6,29.1,29.95,28.4,29.95,29.75,29.03,1947,5652330000.0,13.0,1947,1.0
2011-07-22,NAHARPOLY,EQ,29.75,28.4,30.65,28.4,30.05,30.05,30.29,1560,4725860000.0,14.0,1060,0.6795
2011-07-25,NAHARPOLY,EQ,30.05,32.75,32.75,30.0,30.0,30.0,30.44,663,2017859999.9999998,7.0,563,0.8492000000000001
2011-07-26,NAHARPOLY,EQ,30.0,29.05,29.95,27.7,27.7,27.7,28.6,2900,8293300000.0,10.0,2344,0.8083
2011-07-27,NAHARPOLY,EQ,27.7,27.8,29.45,27.5,27.5,27.55,27.93,643,1795895000.0,9.0,643,1.0
2011-07-28,NAHARPOLY,EQ,27.55,28.9,28.9,27.5,28.25,28.25,28.07,1765,4954320000.0,15.0,1051,0.5955
2011-07-29,NAHARPOLY,EQ,28.25,28.0,28.9,27.35,28.0,28.0,28.07,560,1571850000.0,6.0,560,1.0
2011-08-01,NAHARPOLY,EQ,28.0,30.0,30.0,28.0,28.0,28.0,28.75,2829,8132010000.000001,23.0,2150,0.76
2011-08-02,NAHARPOLY,EQ,28.0,27.05,27.05,27.05,27.05,27.05,27.05,187,505835000.00000006,2.0,187,1.0
2011-08-03,NAHARPOLY,EQ,27.05,27.3,27.75,27.3,27.5,27.5,27.54,896,2467680000.0,11.0,836,0.9329999999999999
2011-08-04,NAHARPOLY,EQ,27.5,27.3,28.9,27.0,27.05,27.05,27.54,2987,8226350000.0,14.0,1987,0.6652
2011-08-05,NAHARPOLY,EQ,27.05,27.25,27.25,25.75,26.0,26.0,26.19,2034,5326110000.0,12.0,1670,0.821
2011-08-08,NAHARPOLY,EQ,26.0,25.75,25.75,23.1,25.65,25.55,24.51,1348,3304505000.0000005,21.0,999,0.7411
2011-08-09,NAHARPOLY,EQ,25.55,23.5,24.95,23.5,24.95,24.2,24.03,808,1941450000.0,12.0,634,0.7847
2011-08-09,NAHARPOLY,EQ,25.55,23.5,24.95,23.5,24.95,24.2,24.03,808,1941450000.0,12.0,634,0.7847
2011-08-10,NAHARPOLY,EQ,24.2,24.0,25.8,24.0,24.5,24.4,25.27,722,1824505000.0,8.0,656,0.9086
2011-08-11,NAHARPOLY,EQ,24.4,25.5,25.5,24.65,24.65,24.85,25.16,321,807675000.0,9.0,171,0.5327000000000001
2011-08-12,NAHARPOLY,EQ,24.85,24.4,24.4,24.15,24.2,24.25,24.28,424,1029460000.0,4.0,324,0.7642
2011-08-16,NAHARPOLY,EQ,24.25,23.75,24.5,23.5,23.5,23.55,23.87,1164,2779025000.0,12.0,936,0.8041
2011-08-17,NAHARPOLY,EQ,23.55,23.5,26.0,23.25,24.45,24.45,24.72,473,1169045000.0,9.0,473,1.0
2011-08-18,NAHARPOLY,EQ,24.45,22.3,24.6,22.3,24.6,24.4,23.85,135,321950000.0,3.0,100,0.7406999999999999
2011-08-19,NAHARPOLY,EQ,24.4,22.2,23.5,21.5,21.8,21.9,22.27,2117,4713810000.0,20.0,1560,0.7369
2011-08-22,NAHARPOLY,EQ,21.9,21.5,21.6,20.3,21.1,21.1,20.71,1046,2166545000.0,9.0,888,0.8489
2011-08-23,NAHARPOLY,EQ,21.1,24.75,24.75,20.55,23.0,23.0,23.12,871,2014045000.0,8.0,801,0.9196
2011-08-24,NAHARPOLY,EQ,23.0,22.4,22.4,22.1,22.1,22.25,22.25,100,222500000.0,4.0,100,1.0
2011-08-25,NAHARPOLY,EQ,22.25,23.0,23.9,23.0,23.0,23.0,23.22,401,931300000.0,5.0,401,1.0
2011-08-26,NAHARPOLY,EQ,23.0,21.75,21.75,21.65,21.65,21.65,21.69,450,976250000.0,4.0,400,0.8889
2011-08-29,NAHARPOLY,EQ,21.65,21.75,23.0,21.75,23.0,23.0,22.15,1590,3522355000.0000005,10.0,1510,0.9497
2011-08-30,NAHARPOLY,EQ,23.0,23.0,23.7,23.0,23.7,23.7,23.47,1224,2872760000.0,7.0,1224,1.0
2011-09-02,NAHARPOLY,EQ,23.7,26.1,26.1,24.0,25.3,25.3,25.07,791,1983025000.0,9.0,741,0.9368000000000001
2011-09-05,NAHARPOLY,EQ,25.3,23.3,23.3,22.4,22.4,22.4,22.62,463,1047110000.0,2.0,463,1.0
2011-09-06,NAHARPOLY,EQ,22.4,26.4,26.4,22.25,24.0,24.0,23.07,691,1594225000.0,8.0,500,0.7236
2011-09-07,NAHARPOLY,EQ,24.0,24.0,24.75,23.6,24.5,24.3,24.19,423,1023225000.0,8.0,423,1.0
2011-09-08,NAHARPOLY,EQ,24.3,24.0,24.0,23.15,23.9,23.55,23.85,971,2315780000.0,9.0,971,1.0
2011-09-09,NAHARPOLY,EQ,23.55,22.8,23.7,22.8,23.5,23.55,23.55,2628,6187650000.0,14.0,2310,0.8790000000000001
2011-09-12,NAHARPOLY,EQ,23.55,22.7,22.8,22.5,22.8,22.65,22.67,86,194950000.0,6.0,86,1.0
2011-09-13,NAHARPOLY,EQ,22.65,22.25,24.7,22.25,22.8,22.8,23.26,2442,5679745000.0,19.0,756,0.30960000000000004
2011-09-14,NAHARPOLY,EQ,22.8,22.8,22.9,22.8,22.8,22.8,22.8,710,1618850000.0,4.0,710,1.0
2011-09-15,NAHARPOLY,EQ,22.8,23.65,23.7,22.8,22.8,22.8,23.29,1140,2655000000.0,9.0,1030,0.9035
2011-09-16,NAHARPOLY,EQ,22.8,24.0,24.25,23.5,23.5,23.5,23.71,2444,5795590000.0,34.0,2239,0.9161
2011-09-19,NAHARPOLY,EQ,23.5,24.5,24.5,24.5,24.5,24.5,24.5,1394,3415300000.0,11.0,1394,1.0
2011-09-20,NAHARPOLY,EQ,24.5,26.9,26.9,24.05,25.85,25.85,25.68,250,642005000.0,4.0,250,1.0
2011-09-21,NAHARPOLY,EQ,25.85,26.85,26.85,23.4,24.6,24.6,24.31,1425,3463855000.0000005,6.0,925,0.6491
2011-09-22,NAHARPOLY,EQ,24.6,26.0,26.0,23.5,23.5,23.5,23.69,1651,3911680000.0000005,11.0,1650,0.9994
2011-09-23,NAHARPOLY,EQ,23.5,23.35,23.5,23.35,23.5,23.5,23.39,314,734450000.0,3.0,314,1.0
2011-09-26,NAHARPOLY,EQ,23.5,22.0,23.05,22.0,22.15,22.15,22.59,1759,3974460000.0,11.0,1452,0.8255
2011-09-27,NAHARPOLY,EQ,22.15,23.6,23.6,22.2,22.55,22.55,22.41,1025,2297160000.0,6.0,940,0.9170999999999999
2011-09-28,NAHARPOLY,EQ,22.55,24.95,24.95,22.5,22.6,22.6,22.99,454,1043850000.0,8.0,452,0.9956
2011-09-29,NAHARPOLY,EQ,22.6,24.95,24.95,22.05,22.1,22.6,22.17,2713,6015260000.0,14.0,2231,0.8223
2011-09-30,NAHARPOLY,EQ,22.6,24.8,24.8,22.05,24.6,22.85,22.49,980,2203815000.0,9.0,875,0.8929
2011-10-03,NAHARPOLY,EQ,22.85,23.0,23.0,21.75,21.75,21.9,21.89,208,455275000.0,5.0,208,1.0
2011-10-04,NAHARPOLY,EQ,21.9,25.45,25.45,21.6,22.8,22.8,21.93,1102,2417010000.0,10.0,1101,0.9991
2011-10-05,NAHARPOLY,EQ,22.8,23.4,23.4,23.4,23.4,23.4,23.4,1,2340000.0,1.0,1,1.0
2011-10-07,NAHARPOLY,EQ,23.4,23.95,23.95,21.3,21.75,21.75,21.95,2373,5209855000.0,16.0,1872,0.7889
2011-10-10,NAHARPOLY,EQ,21.75,22.95,22.95,22.0,22.0,22.0,22.16,346,766795000.0,7.0,346,1.0
2011-10-11,NAHARPOLY,EQ,22.0,22.0,22.5,21.6,22.5,22.5,22.31,1860,4149300000.0,7.0,1680,0.9032
2011-10-12,NAHARPOLY,EQ,22.5,23.9,23.9,23.65,23.7,23.65,23.75,3,7125000.0,3.0,1,0.3333
2011-10-13,NAHARPOLY,EQ,23.65,22.0,23.0,21.9,21.9,22.2,22.37,2748,6146430000.0,13.0,2104,0.7656000000000001
2011-10-14,NAHARPOLY,EQ,22.2,23.2,23.2,21.8,21.8,21.8,21.8,301,656320000.0,3.0,301,1.0
2011-10-17,NAHARPOLY,EQ,21.8,25.8,25.8,21.5,22.0,22.0,22.55,312,703460000.0,4.0,212,0.6795
2011-10-18,NAHARPOLY,EQ,22.0,21.8,21.85,21.0,21.0,21.0,21.35,4728,10094800000.0,23.0,4343,0.9186
2011-10-19,NAHARPOLY,EQ,21.0,22.4,22.5,22.0,22.05,22.05,22.45,1106,2483105000.0,10.0,1025,0.9268000000000001
2011-10-20,NAHARPOLY,EQ,22.05,22.15,22.6,22.1,22.6,22.5,22.26,451,1004020000.0000001,6.0,451,1.0
2011-10-21,NAHARPOLY,EQ,22.5,23.5,23.5,22.4,22.4,22.45,23.06,850,1960500000.0,4.0,850,1.0
2011-10-24,NAHARPOLY,EQ,22.45,22.5,22.5,21.65,21.65,21.65,22.28,505,1125040000.0,6.0,455,0.9009999999999999
2011-10-24,NAHARPOLY,EQ,22.45,22.5,22.5,21.65,21.65,21.65,22.28,505,1125040000.0,6.0,455,0.9009999999999999
2011-10-25,NAHARPOLY,EQ,21.65,22.5,22.5,22.0,22.0,22.0,22.17,1600,3547500000.0,5.0,1100,0.6875
2011-10-26,NAHARPOLY,EQ,22.0,23.45,23.45,23.45,23.45,23.45,23.45,180,422100000.0,2.0,180,1.0
2011-10-28,NAHARPOLY,EQ,23.45,23.2,23.2,21.95,22.05,22.05,22.02,885,1948734999.9999998,14.0,555,0.6271
2011-10-31,NAHARPOLY,EQ,22.05,23.0,23.0,21.35,22.0,22.0,21.91,1886,4131590000.0,9.0,1205,0.6389
2011-11-01,NAHARPOLY,EQ,22.0,22.3,22.8,21.25,21.25,21.75,21.96,1052,2309940000.0,15.0,911,0.866
2011-11-02,NAHARPOLY,EQ,21.75,22.1,22.2,21.7,21.7,21.85,21.92,4230,9270885000.0,18.0,4210,0.9953000000000001
2011-11-03,NAHARPOLY,EQ,21.85,22.9,22.9,22.0,22.45,22.45,22.06,1044,2302685000.0,7.0,1041,0.9971
2011-11-04,NAHARPOLY,EQ,22.45,23.3,23.3,23.3,23.3,23.3,23.3,3,6990000.000000001,1.0,3,1.0
2011-11-08,NAHARPOLY,EQ,23.3,23.45,23.45,21.6,22.8,22.8,22.42,153,343035000.0,3.0,153,1.0
2011-11-09,NAHARPOLY,EQ,22.8,23.35,23.35,21.65,21.75,21.75,21.77,1394,3034590000.0,12.0,1310,0.9397
2011-11-11,NAHARPOLY,EQ,21.75,23.3,23.3,20.6,21.9,21.9,21.43,651,1395150000.0,15.0,450,0.6912
2011-11-14,NAHARPOLY,EQ,21.9,24.55,24.55,20.5,22.2,21.7,21.28,1706,3630465000.0,19.0,903,0.5293
2011-11-15,NAHARPOLY,EQ,21.7,22.95,23.6,22.0,22.3,22.25,22.76,4416,10052990000.0,22.0,3703,0.8384999999999999
2011-11-16,NAHARPOLY,EQ,22.25,24.0,24.0,20.5,22.8,22.6,22.4,977,2188200000.0,12.0,703,0.7195
2011-11-17,NAHARPOLY,EQ,22.6,21.45,21.65,21.35,21.6,21.6,21.48,1621,3481900000.0,10.0,887,0.5472
2011-11-18,NAHARPOLY,EQ,21.6,20.8,21.3,20.8,21.2,21.2,21.03,407,856040000.0,6.0,307,0.7543000000000001
2011-11-21,NAHARPOLY,EQ,21.2,20.5,21.5,20.5,20.95,20.95,21.08,698,1471635000.0,7.0,698,1.0
2011-11-22,NAHARPOLY,EQ,20.95,21.5,21.85,21.5,21.85,21.85,21.74,1787,3885750000.0,8.0,1687,0.9440000000000001
2011-11-23,NAHARPOLY,EQ,21.85,21.0,23.8,20.9,20.9,21.6,21.57,4389,9467860000.0,20.0,2878,0.6557
2011-11-24,NAHARPOLY,EQ,21.6,24.95,24.95,20.0,20.65,20.65,20.67,2547,5263495000.0,16.0,2251,0.8837999999999999
2011-11-25,NAHARPOLY,EQ,20.65,24.8,24.8,20.6,20.85,20.85,21.95,4562,10012425000.0,21.0,1181,0.2589
2011-11-28,NAHARPOLY,EQ,20.85,21.0,21.5,21.0,21.35,21.35,21.36,1019,2176225000.0,3.0,1019,1.0
2011-11-29,NAHARPOLY,EQ,21.35,20.9,22.65,20.9,21.0,21.3,21.09,681,1436330000.0,8.0,553,0.812
2011-11-30,NAHARPOLY,EQ,21.3,20.65,21.4,20.6,21.4,21.4,21.04,2930,6163750000.0,14.0,1630,0.5563
2011-12-01,NAHARPOLY,EQ,21.4,20.95,21.05,20.95,21.05,21.05,21.01,750,1575750000.0,3.0,750,1.0
2011-12-02,NAHARPOLY,EQ,21.05,21.2,21.75,21.1,21.75,21.75,21.15,187,395565000.0,3.0,187,1.0
2011-12-05,NAHARPOLY,EQ,21.75,22.0,22.0,22.0,22.0,22.0,22.0,50,110000000.0,1.0,50,1.0
2011-12-07,NAHARPOLY,EQ,22.0,22.0,22.0,21.5,21.7,21.7,21.77,602,1310800000.0,5.0,602,1.0
2011-12-08,NAHARPOLY,EQ,21.7,22.45,22.45,21.0,21.0,21.0,21.03,1179,2479390000.0,11.0,1169,0.9915
2011-12-09,NAHARPOLY,EQ,21.0,20.4,21.0,20.4,20.5,20.5,20.82,1552,3231730000.0,9.0,1452,0.9356
2011-12-12,NAHARPOLY,EQ,20.5,20.4,20.6,20.4,20.6,20.6,20.56,700,1439000000.0,3.0,700,1.0
2011-12-13,NAHARPOLY,EQ,20.6,20.5,21.7,20.4,20.4,20.4,20.59,690,1420960000.0,9.0,670,0.971
2011-12-14,NAHARPOLY,EQ,20.4,20.4,20.5,19.0,20.2,20.2,20.27,359,727560000.0,5.0,301,0.8384
2011-12-15,NAHARPOLY,EQ,20.2,20.2,20.2,19.3,19.75,19.75,19.73,504,994229999.9999999,4.0,454,0.9008
2011-12-16,NAHARPOLY,EQ,19.75,19.55,21.55,19.4,21.55,21.45,21.13,379,800735000.0,9.0,300,0.7916
2011-12-19,NAHARPOLY,EQ,21.45,18.85,19.15,18.7,18.7,19.15,18.97,501,950370000.0000001,3.0,301,0.6008
2011-12-20,NAHARPOLY,EQ,19.15,18.3,18.5,18.3,18.5,18.5,18.4,420,772800000.0,4.0,210,0.5
2011-12-21,NAHARPOLY,EQ,18.5,18.3,18.3,18.15,18.15,18.15,18.24,330,601950000.0,4.0,330,1.0
2011-12-22,NAHARPOLY,EQ,18.15,18.5,19.4,18.5,19.4,19.1,19.13,800,1530000000.0,5.0,500,0.625
2011-12-23,NAHARPOLY,EQ,19.1,19.6,20.0,18.75,18.85,18.85,19.22,1875,3603125000.0,10.0,1525,0.8133
2011-12-26,NAHARPOLY,EQ,18.85,19.0,19.15,19.0,19.05,19.05,19.1,168,320900000.0,4.0,168,1.0
2011-12-28,NAHARPOLY,EQ,19.05,19.0,19.4,18.8,19.0,19.0,19.06,196,373520000.0,4.0,84,0.4286
2011-12-29,NAHARPOLY,EQ,19.0,19.5,20.3,19.25,20.3,19.8,19.59,1512,2961605000.0,11.0,1050,0.6944
2011-12-30,NAHARPOLY,EQ,19.8,16.0,21.85,16.0,19.15,19.15,19.5,474,924200000.0,11.0,470,0.9916
2012-01-03,NAHARPOLY,EQ,19.15,21.4,21.4,19.25,21.3,19.95,20.2,1982,4003960000.0,12.0,1255,0.6332
2012-01-04,NAHARPOLY,EQ,19.95,20.0,21.25,19.95,21.25,21.25,20.59,1215,2502175000.0,4.0,500,0.4115
2012-01-05,NAHARPOLY,EQ,21.25,20.25,21.2,20.25,21.2,20.7,20.66,2887,5963590000.0,16.0,1950,0.6754000000000001
2012-01-06,NAHARPOLY,EQ,20.7,20.8,21.5,20.8,21.5,21.5,21.45,3210,6886800000.0,10.0,3210,1.0
2012-01-07,NAHARPOLY,EQ,21.5,20.2,22.2,20.1,20.1,21.45,21.36,5,10680000.0,5.0,2,0.4
2012-01-09,NAHARPOLY,EQ,21.45,21.8,22.0,21.0,21.0,21.0,21.64,1028,2224100000.0,10.0,1028,1.0
2012-01-10,NAHARPOLY,EQ,21.0,20.5,24.2,20.5,22.4,22.15,21.8,1558,3396119999.9999995,16.0,1390,0.8922
2012-01-11,NAHARPOLY,EQ,22.15,21.2,22.0,21.2,22.0,21.75,21.61,1795,3878825000.0,11.0,1795,1.0
2012-01-12,NAHARPOLY,EQ,21.75,21.35,22.0,21.35,21.4,21.55,21.5,1445,3107215000.0,10.0,840,0.5813
2012-01-13,NAHARPOLY,EQ,21.55,21.7,24.5,21.65,23.0,23.0,22.79,2907,6625764999.999999,20.0,2267,0.7798
2012-01-16,NAHARPOLY,EQ,23.0,22.0,22.3,21.6,21.95,21.95,21.97,434,953329999.9999999,10.0,224,0.5161
2012-01-17,NAHARPOLY,EQ,21.95,22.0,24.0,22.0,24.0,23.05,22.08,714,1576390000.0,6.0,687,0.9622
2012-01-18,NAHARPOLY,EQ,23.05,22.05,23.8,22.05,23.8,23.8,23.7,2795,6624980000.0,9.0,2795,1.0
2012-01-19,NAHARPOLY,EQ,23.8,22.9,23.95,21.1,23.95,23.95,23.8,3697,8800700000.0,12.0,3041,0.8226000000000001
2012-01-20,NAHARPOLY,EQ,23.95,23.9,23.9,23.05,23.05,23.05,23.59,893,2106350000.0,10.0,711,0.7962
2012-01-23,NAHARPOLY,EQ,23.05,22.0,22.0,21.1,22.0,22.0,21.7,301,653290000.0,4.0,300,0.9967
2012-01-24,NAHARPOLY,EQ,22.0,22.1,22.15,22.1,22.1,22.1,22.12,1282,2835725000.0,5.0,781,0.6092000000000001
2012-01-25,NAHARPOLY,EQ,22.1,22.1,22.25,22.1,22.25,22.25,22.16,325,720250000.0,3.0,225,0.6923
2012-01-27,NAHARPOLY,EQ,22.25,22.35,22.35,22.35,22.35,22.35,22.35,500,1117500000.0,1.0,500,1.0
2012-01-30,NAHARPOLY,EQ,22.35,22.0,23.0,21.1,23.0,22.75,22.36,1124,2512720000.0,18.0,659,0.5863
2012-01-31,NAHARPOLY,EQ,22.75,22.1,22.95,22.1,22.95,22.95,22.2,113,250835000.0,3.0,100,0.885
2012-02-01,NAHARPOLY,EQ,22.95,22.0,23.5,21.5,23.5,23.5,22.39,599,1341025000.0,9.0,597,0.9967
2012-02-02,NAHARPOLY,EQ,23.5,22.5,22.5,21.7,22.1,22.1,22.05,681,1501745000.0,7.0,541,0.7944
2012-02-03,NAHARPOLY,EQ,22.1,22.15,22.15,22.0,22.0,22.1,22.1,836,1847720000.0,5.0,568,0.6794
2012-02-06,NAHARPOLY,EQ,22.1,23.75,23.85,22.9,23.7,23.7,23.68,467,1105645000.0,6.0,467,1.0
2012-02-07,NAHARPOLY,EQ,23.7,23.0,23.5,21.7,22.1,22.75,22.32,2301,5136825000.0,25.0,2093,0.9096
2012-02-08,NAHARPOLY,EQ,22.75,22.0,25.95,22.0,22.5,22.5,23.09,9979,23041560000.0,21.0,1776,0.17800000000000002
2012-02-09,NAHARPOLY,EQ,22.5,23.6,23.85,22.7,23.85,23.85,23.67,1122,2656050000.0,12.0,1122,1.0
2012-02-10,NAHARPOLY,EQ,23.85,23.85,24.0,23.15,23.15,23.3,23.93,702,1679840000.0000002,9.0,650,0.9259000000000001
2012-02-13,NAHARPOLY,EQ,23.3,23.15,23.15,22.65,22.75,22.75,22.77,1250,2846250000.0,7.0,1250,1.0
2012-02-14,NAHARPOLY,EQ,22.75,24.2,24.2,23.25,23.25,23.25,23.73,300,711750000.0,2.0,150,0.5
2012-02-15,NAHARPOLY,EQ,23.25,22.6,25.0,21.6,24.15,24.0,23.74,48819,115895939999.99998,179.0,23002,0.4712
2012-02-16,NAHARPOLY,EQ,24.0,23.5,28.8,22.4,27.35,27.85,27.31,52657,143811950000.0,426.0,31497,0.5982000000000001
2012-02-17,NAHARPOLY,EQ,27.85,28.45,28.45,26.1,26.45,26.45,26.86,2444,6564810000.000001,20.0,2434,0.9959
2012-02-21,NAHARPOLY,EQ,26.45,25.8,29.0,24.5,26.0,26.8,27.82,14294,39767810000.0,159.0,6536,0.4573
2012-02-22,NAHARPOLY,EQ,26.8,26.5,26.5,25.1,25.9,25.9,25.67,3244,8327335000.000001,41.0,2308,0.7115
2012-02-23,NAHARPOLY,EQ,25.9,25.2,25.85,24.75,25.0,25.0,24.97,4694,11721255000.0,20.0,3992,0.8504
2012-02-24,NAHARPOLY,EQ,25.0,25.0,25.05,24.45,24.5,24.5,24.92,1606,4001694999.9999995,16.0,1048,0.6526000000000001
2012-02-27,NAHARPOLY,EQ,24.5,24.1,24.1,22.75,22.75,23.45,23.78,656,1559940000.0,13.0,600,0.9146
2012-02-28,NAHARPOLY,EQ,23.45,22.55,25.85,22.0,24.55,24.0,23.26,1387,3226515000.0,21.0,1039,0.7491
2012-02-29,NAHARPOLY,EQ,24.0,23.85,23.9,23.15,23.9,23.55,23.73,2920,6928800000.0,14.0,2494,0.8541
2012-03-01,NAHARPOLY,EQ,23.55,23.1,23.5,22.8,23.15,23.15,23.15,797,1845209999.9999998,14.0,655,0.8218000000000001
2012-03-02,NAHARPOLY,EQ,23.15,24.9,24.9,23.0,23.35,23.3,23.31,1764,4111700000.0,18.0,1514,0.8583
2012-03-05,NAHARPOLY,EQ,23.3,22.5,22.7,22.3,22.6,22.55,22.57,1545,3487165000.0,19.0,1242,0.8039000000000001
2012-03-06,NAHARPOLY,EQ,22.55,22.1,23.45,21.5,22.5,22.5,22.23,5069,11266645000.0,60.0,3349,0.6607
2012-03-07,NAHARPOLY,EQ,22.5,22.1,25.5,22.1,22.2,22.95,23.93,4741,11343610000.0,14.0,4611,0.9726
2012-03-09,NAHARPOLY,EQ,22.95,23.2,23.2,21.4,22.1,22.1,22.46,3826,8593520000.0,26.0,3261,0.8523000000000001
2012-03-12,NAHARPOLY,EQ,22.1,22.4,23.1,22.4,22.4,22.75,22.7,3066,6959839999.999999,15.0,2496,0.8140999999999999
2012-03-13,NAHARPOLY,EQ,22.75,22.2,22.45,22.2,22.45,22.45,22.43,1000,2242500000.0,4.0,1000,1.0
2012-03-14,NAHARPOLY,EQ,22.45,22.1,22.9,22.1,22.9,22.9,22.5,150,337500000.0,4.0,100,0.6667000000000001
2012-03-15,NAHARPOLY,EQ,22.9,23.8,23.8,22.4,23.3,23.3,22.69,3338,7572914999.999999,11.0,3173,0.9506
2012-03-19,NAHARPOLY,EQ,23.3,23.0,23.0,20.15,20.55,21.45,21.2,1475,3126330000.0,16.0,1353,0.9173
2012-03-20,NAHARPOLY,EQ,21.45,21.5,22.0,21.4,21.95,21.95,21.52,3771,8113414999.999999,19.0,3657,0.9698000000000001
2012-03-21,NAHARPOLY,EQ,21.95,21.0,23.0,21.0,23.0,23.0,22.61,1822,4120269999.9999995,13.0,1600,0.8782
2012-03-22,NAHARPOLY,EQ,23.0,22.3,23.5,21.55,21.6,21.6,22.06,1960,4324080000.0,15.0,1943,0.9913
2012-03-23,NAHARPOLY,EQ,21.6,22.05,22.05,22.05,22.05,22.05,22.05,10,22050000.0,1.0,10,1.0
2012-03-26,NAHARPOLY,EQ,22.05,21.75,23.75,21.15,21.75,22.95,22.93,1095,2511115000.0,8.0,1052,0.9607
2012-03-27,NAHARPOLY,EQ,22.95,21.15,23.0,21.15,21.45,22.8,22.4,1594,3571180000.0000005,12.0,1098,0.6888
2012-03-28,NAHARPOLY,EQ,22.8,21.75,23.0,21.65,21.7,22.2,22.32,11928,26620030000.0,28.0,9419,0.7897
2012-03-29,NAHARPOLY,EQ,22.2,21.0,22.8,21.0,22.8,22.35,21.85,443,967965000.0,6.0,349,0.7878000000000001
2012-03-30,NAHARPOLY,EQ,22.35,21.8,23.05,21.8,23.05,22.6,22.37,2804,6271430000.0,17.0,2241,0.7992
2012-04-02,NAHARPOLY,EQ,22.6,22.05,22.3,22.0,22.3,22.3,22.11,660,1459000000.0,5.0,510,0.7726999999999999
2012-04-03,NAHARPOLY,EQ,22.3,22.05,22.1,22.05,22.1,22.1,22.1,720,1590850000.0,4.0,720,1.0
2012-04-09,NAHARPOLY,EQ,22.1,22.05,23.05,22.05,22.5,22.95,22.81,3619,8253655000.0,9.0,3090,0.8538
2012-04-10,NAHARPOLY,EQ,22.95,22.85,23.9,22.85,23.0,23.5,23.07,300,692150000.0,4.0,300,1.0
2012-04-11,NAHARPOLY,EQ,23.5,23.05,23.05,23.05,23.05,23.05,23.05,5,11525000.0,1.0,5,1.0
2012-04-12,NAHARPOLY,EQ,23.05,23.05,23.5,22.25,22.25,22.45,22.98,895,2057075000.0,10.0,834,0.9318000000000001
2012-04-13,NAHARPOLY,EQ,22.45,22.35,22.35,22.25,22.25,22.3,22.3,148,330000000.0,4.0,78,0.527
2012-04-16,NAHARPOLY,EQ,22.3,22.25,22.25,22.1,22.1,22.1,22.25,503,1119130000.0,3.0,503,1.0
2012-04-17,NAHARPOLY,EQ,22.1,22.1,22.75,21.3,22.75,22.75,22.19,670,1486450000.0,5.0,570,0.8506999999999999
2012-04-18,NAHARPOLY,EQ,22.75,24.8,24.8,22.35,23.85,23.1,22.97,1250,2870780000.0,12.0,1097,0.8776
2012-04-19,NAHARPOLY,EQ,23.1,22.6,23.2,22.4,22.5,23.05,22.68,1483,3363455000.0000005,26.0,990,0.6676000000000001
2012-04-20,NAHARPOLY,EQ,23.05,22.1,22.65,22.1,22.55,22.55,22.45,327,734250000.0,4.0,327,1.0
2012-04-23,NAHARPOLY,EQ,22.55,21.1,23.0,21.1,22.05,22.1,22.23,1047,2327985000.0,10.0,671,0.6409
2012-04-24,NAHARPOLY,EQ,22.1,22.1,22.1,21.65,21.65,21.65,22.1,100,220955000.00000003,2.0,100,1.0
2012-04-25,NAHARPOLY,EQ,21.65,21.3,22.4,21.3,22.4,22.4,21.75,550,1196500000.0,5.0,450,0.8181999999999999
2012-04-26,NAHARPOLY,EQ,22.4,22.0,23.0,21.65,22.15,23.0,22.48,1954,4393120000.0,13.0,1831,0.9370999999999999
2012-04-27,NAHARPOLY,EQ,23.0,21.9,23.45,21.9,23.45,22.9,22.82,713,1627085000.0,13.0,643,0.9018
2012-04-30,NAHARPOLY,EQ,22.9,21.4,23.0,21.35,23.0,22.85,22.33,3234,7222520000.0,15.0,2534,0.7835
2012-05-02,NAHARPOLY,EQ,22.85,23.9,24.75,23.4,23.5,23.5,23.75,460,1092380000.0,38.0,354,0.7696
2012-05-03,NAHARPOLY,EQ,23.5,21.75,22.25,21.75,22.25,22.25,22.0,42,92400000.0,2.0,21,0.5
2012-05-04,NAHARPOLY,EQ,22.25,22.25,22.4,22.25,22.4,22.4,22.29,336,748890000.0,3.0,336,1.0
2012-05-07,NAHARPOLY,EQ,22.4,21.1,21.65,21.1,21.65,21.65,21.3,383,815880000.0,7.0,383,1.0
2012-05-08,NAHARPOLY,EQ,21.65,21.6,21.6,21.6,21.6,21.6,21.6,420,907200000.0,1.0,420,1.0
2012-05-09,NAHARPOLY,EQ,21.6,22.95,22.95,22.95,22.95,22.95,22.95,681,1562895000.0,1.0,681,1.0
2012-05-10,NAHARPOLY,EQ,22.95,22.5,23.25,22.05,22.05,22.05,22.42,2697,6046710000.0,12.0,2312,0.8572
2012-05-11,NAHARPOLY,EQ,22.05,21.65,21.85,21.65,21.85,21.85,21.73,589,1279925000.0,4.0,589,1.0
2012-05-14,NAHARPOLY,EQ,21.85,21.0,23.0,21.0,21.65,22.4,22.21,4341,9642540000.0,16.0,3714,0.8556
2012-05-15,NAHARPOLY,EQ,22.4,21.15,23.0,21.15,23.0,22.25,22.57,2412,5443480000.0,13.0,1861,0.7716
2012-05-16,NAHARPOLY,EQ,22.25,22.85,23.0,20.85,21.9,21.7,21.65,7759,16800454999.999998,21.0,6800,0.8764000000000001
2012-05-17,NAHARPOLY,EQ,21.7,21.05,21.5,21.0,21.25,21.25,21.19,5259,11144755000.0,15.0,4759,0.9048999999999999
2012-05-18,NAHARPOLY,EQ,21.25,20.5,21.7,20.5,21.25,21.2,20.98,2320,4867925000.0,16.0,1135,0.4892
2012-05-21,NAHARPOLY,EQ,21.2,21.0,23.0,21.0,23.0,23.0,22.74,6122,13920020000.000002,15.0,4668,0.7625000000000001
2012-05-22,NAHARPOLY,EQ,23.0,21.4,22.9,21.4,22.9,22.9,22.72,423,961170000.0000001,4.0,423,1.0
2012-05-23,NAHARPOLY,EQ,22.9,23.0,23.0,23.0,23.0,23.0,23.0,499,1147700000.0,2.0,499,1.0
2012-05-24,NAHARPOLY,EQ,23.0,22.8,23.1,21.85,23.1,23.1,22.83,3630,8285839999.999999,21.0,2298,0.6331
2012-05-25,NAHARPOLY,EQ,23.1,22.0,22.65,22.0,22.65,22.65,22.64,207,468730000.0,3.0,206,0.9952
2012-05-28,NAHARPOLY,EQ,22.65,23.0,23.0,23.0,23.0,23.0,23.0,102,234600000.0,3.0,51,0.5
2012-05-30,NAHARPOLY,EQ,23.0,21.8,23.0,21.05,22.3,22.3,22.25,5855,13025585000.0,29.0,2822,0.48200000000000004
2012-05-31,NAHARPOLY,EQ,22.3,22.0,23.0,22.0,22.3,22.3,22.97,1009,2317950000.0,5.0,1004,0.995
2012-06-01,NAHARPOLY,EQ,22.3,22.05,22.35,22.05,22.35,22.35,22.06,153,337485000.0,2.0,153,1.0
2012-06-05,NAHARPOLY,EQ,22.35,21.65,23.0,21.65,23.0,22.95,22.41,701,1570705000.0,4.0,401,0.5720000000000001
2012-06-06,NAHARPOLY,EQ,22.95,21.5,22.2,21.5,22.2,22.2,22.17,221,489920000.0,3.0,211,0.9548000000000001
2012-06-07,NAHARPOLY,EQ,22.2,21.85,22.65,21.85,22.3,22.6,22.23,637,1416060000.0,7.0,497,0.7802
2012-06-08,NAHARPOLY,EQ,22.6,21.85,22.9,21.85,22.45,22.45,22.63,697,1577610000.0,8.0,497,0.7131000000000001
2012-06-11,NAHARPOLY,EQ,22.45,22.6,22.6,21.65,22.0,21.85,22.55,13374,30157195000.0,10.0,13367,0.9995
2012-06-12,NAHARPOLY,EQ,21.85,21.2,23.0,21.2,22.75,22.2,21.96,13528,29707545000.0,49.0,11036,0.8158
2012-06-13,NAHARPOLY,EQ,22.2,22.1,22.2,22.1,22.2,22.2,22.16,668,1480020000.0,6.0,464,0.6946
2012-06-14,NAHARPOLY,EQ,22.2,22.2,22.95,21.9,21.9,22.75,22.66,4316,9780300000.0,19.0,2424,0.5616
2012-06-15,NAHARPOLY,EQ,22.75,22.4,22.4,21.3,22.15,22.25,22.19,463,1027379999.9999999,11.0,377,0.8143000000000001
2012-06-18,NAHARPOLY,EQ,22.25,23.0,23.95,22.05,22.15,22.15,22.67,1047,2373485000.0,5.0,601,0.574
2012-06-19,NAHARPOLY,EQ,22.15,22.0,22.95,22.0,22.95,22.95,22.62,609,1377315000.0,8.0,507,0.8325
2012-06-20,NAHARPOLY,EQ,22.95,22.05,22.95,22.05,22.4,22.95,22.84,1250,2855100000.0,6.0,1087,0.8695999999999999
2012-06-21,NAHARPOLY,EQ,22.95,22.2,22.25,21.8,21.8,22.1,22.12,1814,4012144999.9999995,10.0,1409,0.7767000000000001
2012-06-22,NAHARPOLY,EQ,22.1,22.45,23.0,22.05,22.05,22.65,22.65,3324,7527945000.0,12.0,2026,0.6095
2012-06-25,NAHARPOLY,EQ,22.65,22.1,22.1,22.1,22.1,22.1,22.1,400,884000000.0,1.0,400,1.0
2012-06-26,NAHARPOLY,EQ,22.1,22.05,22.95,22.05,22.2,22.85,22.85,1176,2687375000.0,5.0,1170,0.9949
2012-06-27,NAHARPOLY,EQ,22.85,22.5,22.6,21.65,22.55,22.55,22.47,92,206715000.0,5.0,90,0.9783000000000001
2012-06-28,NAHARPOLY,EQ,22.55,22.4,23.5,21.7,23.5,22.95,22.91,65,148940000.0,5.0,32,0.49229999999999996
2012-06-29,NAHARPOLY,EQ,22.95,22.65,23.05,22.65,22.65,22.65,22.9,1603,3670794999.9999995,5.0,1603,1.0
2012-07-02,NAHARPOLY,EQ,22.65,22.3,23.3,22.3,22.65,22.65,22.47,1125,2528060000.0,6.0,859,0.7636000000000001
2012-07-03,NAHARPOLY,EQ,22.65,23.6,26.5,23.6,24.4,25.65,25.67,2882,7397500000.0,12.0,1802,0.6253000000000001
2012-07-04,NAHARPOLY,EQ,25.65,25.0,25.5,23.6,23.8,23.8,24.61,510,1255295000.0,9.0,509,0.998
2012-07-05,NAHARPOLY,EQ,23.8,23.65,23.75,23.4,23.4,23.4,23.59,670,1580340000.0,7.0,556,0.8299
2012-07-06,NAHARPOLY,EQ,23.4,24.0,24.95,24.0,24.95,24.6,24.55,1368,3358185000.0,8.0,1368,1.0
2012-07-09,NAHARPOLY,EQ,24.6,24.5,24.5,23.55,23.75,23.75,23.78,680,1617330000.0,6.0,679,0.9984999999999999
2012-07-10,NAHARPOLY,EQ,23.75,23.55,23.65,23.45,23.45,23.45,23.62,459,1084345000.0,6.0,459,1.0
2012-07-11,NAHARPOLY,EQ,23.45,22.6,22.6,22.6,22.6,22.6,22.6,270,610200000.0,2.0,270,1.0
2012-07-12,NAHARPOLY,EQ,22.6,22.6,22.6,22.6,22.6,22.6,22.6,280,632800000.0,1.0,280,1.0
2012-07-13,NAHARPOLY,EQ,22.6,22.8,23.85,22.75,23.85,23.45,22.93,408,935704999.9999999,6.0,390,0.9559000000000001
2012-07-16,NAHARPOLY,EQ,23.45,23.0,23.0,22.1,23.0,23.0,22.65,297,672780000.0,5.0,198,0.6667000000000001
2012-07-17,NAHARPOLY,EQ,23.0,23.0,23.0,22.45,22.5,22.5,22.54,62,139750000.0,6.0,51,0.8226000000000001
2012-07-18,NAHARPOLY,EQ,22.5,22.05,26.75,22.05,23.1,23.3,23.57,5688,13408495000.000002,49.0,3169,0.5571
2012-07-19,NAHARPOLY,EQ,23.3,23.1,23.2,22.5,23.1,23.1,23.1,1317,3042190000.0,13.0,501,0.3804
2012-07-20,NAHARPOLY,EQ,23.1,25.5,25.5,22.35,23.0,23.0,23.47,2037,4779830000.0,21.0,857,0.4207
2012-07-23,NAHARPOLY,EQ,23.0,24.25,24.25,22.6,23.0,23.0,23.84,1025,2443285000.0,7.0,753,0.7345999999999999
2012-07-24,NAHARPOLY,EQ,23.0,23.8,23.8,22.2,22.6,22.65,22.72,839,1906159999.9999998,12.0,686,0.8176000000000001
2012-07-25,NAHARPOLY,EQ,22.65,23.15,23.15,22.7,22.7,22.7,22.93,4,9170000.0,2.0,0,0.0
2012-07-26,NAHARPOLY,EQ,22.7,22.0,23.75,21.5,23.5,22.15,22.17,505,1119640000.0,10.0,365,0.7228
2012-07-27,NAHARPOLY,EQ,22.15,22.0,22.0,22.0,22.0,22.0,22.0,100,220000000.0,1.0,100,1.0
2012-07-30,NAHARPOLY,EQ,22.0,21.6,22.75,21.6,22.3,22.35,22.25,311,691875000.0,6.0,270,0.8682
2012-07-31,NAHARPOLY,EQ,22.35,22.2,22.35,22.1,22.35,22.35,22.22,3703,8228630000.0,13.0,3703,1.0
2012-08-01,NAHARPOLY,EQ,22.35,23.4,23.45,22.2,22.2,22.2,23.44,2568,6018460000.0,9.0,2565,0.9988
2012-08-02,NAHARPOLY,EQ,22.2,22.5,23.5,22.5,23.0,23.05,23.02,925,2129400000.0,8.0,865,0.9351
2012-08-03,NAHARPOLY,EQ,23.05,23.75,23.75,22.05,22.15,22.15,22.24,248,551650000.0,4.0,223,0.8992
2012-08-06,NAHARPOLY,EQ,22.15,22.2,22.4,22.2,22.4,22.4,22.32,853,1903745000.0,8.0,791,0.9273
2012-08-07,NAHARPOLY,EQ,22.4,23.25,23.3,22.3,22.3,22.3,22.57,542,1223360000.0,7.0,505,0.9317000000000001
2012-08-08,NAHARPOLY,EQ,22.3,24.1,24.1,22.2,22.45,22.45,22.98,1652,3795975000.0,18.0,1226,0.7421
2012-08-09,NAHARPOLY,EQ,22.45,22.35,22.55,22.35,22.55,22.55,22.46,420,943400000.0,3.0,420,1.0
2012-08-10,NAHARPOLY,EQ,22.55,22.2,22.75,22.2,22.75,22.6,22.54,192,432775000.0,3.0,192,1.0
2012-08-13,NAHARPOLY,EQ,22.6,23.0,23.0,22.4,22.4,22.4,22.55,618,1393320000.0,4.0,468,0.7573000000000001
2012-08-14,NAHARPOLY,EQ,22.4,22.0,23.35,22.0,23.0,23.05,22.98,5842,13424435000.0,25.0,3347,0.5729
2012-08-16,NAHARPOLY,EQ,23.05,22.5,23.0,22.05,23.0,23.0,22.96,235,539500000.0,5.0,234,0.9956999999999999
2012-08-17,NAHARPOLY,EQ,23.0,22.5,22.95,22.0,22.95,22.95,22.66,4861,11013280000.0,22.0,3136,0.6451000000000001
2012-08-21,NAHARPOLY,EQ,22.95,22.4,23.0,21.2,22.65,22.6,22.43,4158,9325255000.0,30.0,2482,0.5969
2012-08-22,NAHARPOLY,EQ,22.6,22.3,22.5,22.3,22.5,22.45,22.48,188,422580000.0,2.0,188,1.0
2012-08-23,NAHARPOLY,EQ,22.45,22.25,23.25,22.2,22.5,22.5,22.91,3318,7601000000.0,13.0,2950,0.8891
2012-08-24,NAHARPOLY,EQ,22.5,22.5,23.0,22.2,22.35,22.9,22.74,6243,14194704999.999998,24.0,4280,0.6856
2012-08-27,NAHARPOLY,EQ,22.9,22.2,22.55,21.05,22.5,22.5,22.23,1020,2267445000.0,10.0,848,0.8314
2012-08-28,NAHARPOLY,EQ,22.5,22.0,22.5,20.55,22.35,22.35,22.16,1160,2571120000.0,8.0,1159,0.9991
2012-08-29,NAHARPOLY,EQ,22.35,22.25,22.35,22.1,22.1,22.15,22.25,2506,5575615000.0,12.0,2253,0.899
2012-08-30,NAHARPOLY,EQ,22.15,22.1,23.0,22.0,22.45,22.9,22.56,8175,18444210000.0,20.0,5603,0.6854000000000001
2012-08-31,NAHARPOLY,EQ,22.9,22.75,22.75,21.65,22.0,21.9,22.44,158,354565000.0,6.0,156,0.9873000000000001
2012-09-03,NAHARPOLY,EQ,21.9,22.15,22.15,22.15,22.15,22.15,22.15,1,2215000.0,1.0,1,1.0
2012-09-04,NAHARPOLY,EQ,22.15,21.25,23.0,21.25,22.15,22.15,22.04,626,1379775000.0,9.0,590,0.9425
2012-09-05,NAHARPOLY,EQ,22.15,22.05,22.15,22.05,22.1,22.1,22.11,604,1335330000.0,3.0,604,1.0
2012-09-06,NAHARPOLY,EQ,22.1,21.5,22.1,20.25,21.3,21.2,21.37,5547,11854390000.0,31.0,4620,0.8329000000000001
2012-09-07,NAHARPOLY,EQ,21.2,21.05,23.0,21.05,22.45,22.45,22.69,7718,17512190000.0,22.0,6495,0.8415
2012-09-08,NAHARPOLY,EQ,22.45,22.0,22.0,22.0,22.0,22.0,22.0,75,165000000.0,1.0,75,1.0
2012-09-10,NAHARPOLY,EQ,22.0,22.0,22.9,22.0,22.9,22.9,22.17,271,600735000.0,5.0,271,1.0
2012-09-11,NAHARPOLY,EQ,22.9,22.1,22.2,22.1,22.2,22.2,22.12,370,818400000.0,2.0,370,1.0
2012-09-12,NAHARPOLY,EQ,22.2,22.15,22.15,22.15,22.15,22.15,22.15,605,1340075000.0,4.0,605,1.0
2012-09-13,NAHARPOLY,EQ,22.15,22.15,22.4,22.15,22.3,22.3,22.3,3622,8077530000.0,10.0,3587,0.9903000000000001
2012-09-14,NAHARPOLY,EQ,22.3,21.7,22.45,21.7,22.0,22.0,22.01,1982,4362220000.0,18.0,1809,0.9127
2012-09-17,NAHARPOLY,EQ,22.0,21.6,22.65,21.6,22.5,22.3,22.09,385,850575000.0,5.0,165,0.4286
2012-09-18,NAHARPOLY,EQ,22.3,21.8,22.05,21.8,22.05,22.05,21.89,579,1267240000.0,3.0,579,1.0
2012-09-20,NAHARPOLY,EQ,22.05,22.3,23.0,21.6,22.2,22.2,22.73,5528,12562770000.0,30.0,4000,0.7236
2012-09-21,NAHARPOLY,EQ,22.2,23.3,23.3,22.0,22.0,22.0,22.1,4374,9665090000.0,14.0,3881,0.8873000000000001
2012-09-24,NAHARPOLY,EQ,22.0,22.15,22.6,21.8,21.8,21.8,22.28,173,385410000.0,5.0,173,1.0
2012-09-25,NAHARPOLY,EQ,21.8,22.0,23.0,22.0,22.2,22.9,22.61,7445,16831845000.000002,32.0,4595,0.6172
2012-09-26,NAHARPOLY,EQ,22.9,22.55,22.65,22.25,22.5,22.5,22.49,2088,4696425000.0,13.0,1899,0.9095000000000001
2012-09-27,NAHARPOLY,EQ,22.5,22.15,22.8,22.15,22.8,22.8,22.32,770,1718550000.0,4.0,670,0.8701000000000001
2012-09-28,NAHARPOLY,EQ,22.8,22.25,22.7,22.0,22.7,22.4,22.28,589,1312180000.0,9.0,561,0.9525
2012-10-01,NAHARPOLY,EQ,22.4,22.05,23.0,21.6,22.45,22.4,22.57,1854,4185355000.0000005,23.0,1167,0.6294
2012-10-03,NAHARPOLY,EQ,22.4,22.9,22.9,22.5,22.5,22.5,22.65,1400,3171240000.0,6.0,1400,1.0
2012-10-04,NAHARPOLY,EQ,22.5,22.6,23.0,22.5,22.55,23.0,22.95,9547,21907450000.0,51.0,8861,0.9281
2012-10-05,NAHARPOLY,EQ,23.0,22.6,22.65,22.6,22.65,22.65,22.64,1291,2922440000.0,13.0,1291,1.0
2012-10-08,NAHARPOLY,EQ,22.65,22.3,22.4,22.2,22.4,22.4,22.28,3445,7676775000.0,13.0,3345,0.971
2012-10-09,NAHARPOLY,EQ,22.4,22.0,22.5,22.0,22.45,22.45,22.28,2075,4623870000.0,16.0,1559,0.7513
2012-10-10,NAHARPOLY,EQ,22.45,22.1,22.1,22.0,22.1,22.1,22.08,1370,3025300000.0,8.0,1210,0.8832
2012-10-11,NAHARPOLY,EQ,22.1,21.85,23.0,21.85,22.25,22.25,22.72,6850,15565300000.0,11.0,4210,0.6146
2012-10-12,NAHARPOLY,EQ,22.25,22.95,22.95,22.05,22.05,22.05,22.76,1616,3677290000.0,28.0,1616,1.0
2012-10-15,NAHARPOLY,EQ,22.05,22.85,22.85,22.85,22.85,22.85,22.85,4,9140000.0,2.0,2,0.5
2012-10-16,NAHARPOLY,EQ,22.85,22.1,22.15,22.1,22.15,22.15,22.12,972,2150420000.0,4.0,972,1.0
2012-10-17,NAHARPOLY,EQ,22.15,21.4,22.55,21.2,22.55,22.55,22.39,2490,5575215000.0,19.0,2018,0.8104000000000001
2012-10-18,NAHARPOLY,EQ,22.55,22.0,22.15,22.0,22.15,22.15,22.05,721,1589990000.0,12.0,686,0.9515000000000001
2012-10-19,NAHARPOLY,EQ,22.15,22.0,22.5,21.35,22.4,22.15,21.78,9005,19613020000.0,18.0,6750,0.7495999999999999
2012-10-22,NAHARPOLY,EQ,22.15,21.95,22.0,21.95,22.0,22.0,21.99,570,1253650000.0,4.0,570,1.0
2012-10-23,NAHARPOLY,EQ,22.0,22.25,22.55,22.15,22.2,22.2,22.26,3324,7397570000.0,19.0,3324,1.0
2012-10-25,NAHARPOLY,EQ,22.2,21.9,22.0,21.9,22.0,22.0,21.95,200,439000000.0,2.0,100,0.5
2012-10-26,NAHARPOLY,EQ,22.0,21.9,21.9,21.6,21.6,21.6,21.71,1095,2377180000.0,5.0,1095,1.0
2012-10-29,NAHARPOLY,EQ,21.6,21.6,22.2,21.6,22.2,22.2,21.95,1132,2484280000.0,6.0,852,0.7526999999999999
2012-10-30,NAHARPOLY,EQ,22.2,22.0,22.4,21.6,21.6,21.6,21.8,1752,3818960000.0,12.0,1300,0.742
2012-10-31,NAHARPOLY,EQ,21.6,21.4,21.95,20.5,21.95,21.55,21.1,21315,44973425000.0,36.0,10704,0.5022
2012-11-01,NAHARPOLY,EQ,21.55,20.7,23.3,20.6,22.7,22.7,22.27,8532,19002825000.0,28.0,6756,0.7918000000000001
2012-11-02,NAHARPOLY,EQ,22.7,22.7,22.7,22.0,22.0,22.0,22.47,2775,6236635000.0,17.0,2683,0.9668000000000001
2012-11-05,NAHARPOLY,EQ,22.0,22.2,22.2,21.9,21.9,21.9,22.16,766,1697140000.0000002,9.0,766,1.0
2012-11-06,NAHARPOLY,EQ,21.9,21.9,22.0,21.65,22.0,21.85,21.83,1683,3674135000.0,15.0,1090,0.6476999999999999
2012-11-07,NAHARPOLY,EQ,21.85,21.8,22.0,21.8,22.0,21.95,21.94,2500,5486000000.0,12.0,2500,1.0
2012-11-08,NAHARPOLY,EQ,21.95,21.65,22.1,21.65,22.0,21.75,21.86,867,1894880000.0,10.0,680,0.7843000000000001
2012-11-09,NAHARPOLY,EQ,21.75,21.6,21.6,21.6,21.6,21.6,21.6,1310,2829600000.0,7.0,1310,1.0
2012-11-12,NAHARPOLY,EQ,21.6,21.45,23.0,21.45,22.5,22.4,22.62,8270,18705185000.0,26.0,6097,0.7372
2012-11-13,NAHARPOLY,EQ,22.4,22.6,22.6,22.0,22.0,22.0,22.02,3373,7428970000.0,13.0,2669,0.7913
2012-11-15,NAHARPOLY,EQ,22.0,21.5,22.0,21.5,22.0,22.0,21.98,6884,15127650000.0,22.0,6834,0.9927
2012-11-16,NAHARPOLY,EQ,22.0,22.0,22.0,21.6,21.8,21.8,21.69,1340,2906300000.0,7.0,1340,1.0
2012-11-19,NAHARPOLY,EQ,21.8,21.6,21.6,21.15,21.15,21.15,21.31,2543,5420270000.0,10.0,1943,0.7641
2012-11-20,NAHARPOLY,EQ,21.15,21.05,22.9,21.05,21.5,21.5,22.47,9465,21264105000.0,39.0,7084,0.7484000000000001
2012-11-21,NAHARPOLY,EQ,21.5,21.7,21.7,21.45,21.45,21.45,21.58,520,1122025000.0,6.0,520,1.0
2012-11-22,NAHARPOLY,EQ,21.45,21.4,21.5,21.15,21.15,21.15,21.27,2046,4351795000.0,12.0,1846,0.9022
2012-11-23,NAHARPOLY,EQ,21.15,21.1,21.55,21.05,21.1,21.1,21.2,2279,4832455000.0,13.0,1672,0.7337
2012-11-26,NAHARPOLY,EQ,21.1,20.9,20.9,20.75,20.8,20.8,20.8,1750,3640750000.0,10.0,1550,0.8856999999999999
2012-11-27,NAHARPOLY,EQ,20.8,20.65,20.8,20.65,20.8,20.8,20.78,60,124650000.0,2.0,60,1.0
2012-11-29,NAHARPOLY,EQ,20.8,20.2,22.7,20.2,20.85,20.85,20.84,255,531350000.0,8.0,200,0.7843000000000001
2012-11-30,NAHARPOLY,EQ,20.85,20.6,22.4,20.6,21.0,21.0,20.96,1663,3485210000.0,18.0,1358,0.8166
2012-12-03,NAHARPOLY,EQ,21.0,20.7,20.7,20.5,20.55,20.5,20.56,1630,3350644999.9999995,14.0,1599,0.981
2012-12-04,NAHARPOLY,EQ,20.5,20.25,20.4,20.0,20.25,20.25,20.14,4705,9477645000.0,15.0,4605,0.9787
2012-12-05,NAHARPOLY,EQ,20.25,21.1,21.35,20.25,20.4,20.4,20.57,2337,4806605000.0,24.0,1793,0.7672
2012-12-06,NAHARPOLY,EQ,20.4,20.2,20.5,20.2,20.3,20.3,20.34,230,467750000.0,5.0,160,0.6957
2012-12-07,NAHARPOLY,EQ,20.3,20.05,20.3,20.05,20.3,20.3,20.22,716,1447430000.0,4.0,474,0.662
2012-12-10,NAHARPOLY,EQ,20.3,21.35,21.35,20.1,20.95,20.95,20.7,402,832310000.0,6.0,291,0.7239
2012-12-11,NAHARPOLY,EQ,20.95,20.1,21.05,20.0,20.0,20.05,20.12,1055,2122925000.0,10.0,1054,0.9991
2012-12-12,NAHARPOLY,EQ,20.05,20.25,20.4,20.05,20.1,20.05,20.13,2848,5732045000.0,19.0,2013,0.7068000000000001
2012-12-13,NAHARPOLY,EQ,20.05,19.9,20.0,19.85,19.85,19.85,19.92,4115,8196700000.0,12.0,3962,0.9628
2012-12-14,NAHARPOLY,EQ,19.85,20.85,20.85,19.75,19.8,19.8,19.85,801,1589905000.0,11.0,801,1.0
2012-12-17,NAHARPOLY,EQ,19.8,21.4,21.4,19.4,19.55,19.55,19.58,2525,4943815000.0,17.0,1460,0.5782
2012-12-18,NAHARPOLY,EQ,19.55,19.5,19.5,18.7,18.7,18.75,19.11,4753,9084695000.0,24.0,4147,0.8725
2012-12-19,NAHARPOLY,EQ,18.75,18.85,18.85,18.5,18.7,18.7,18.68,2175,4063494999.9999995,20.0,1860,0.8552
2012-12-20,NAHARPOLY,EQ,18.7,20.0,20.0,18.6,19.0,19.0,19.02,1297,2467520000.0,14.0,977,0.7533
2012-12-21,NAHARPOLY,EQ,19.0,18.8,19.05,18.75,19.05,18.85,18.8,267,502035000.00000006,7.0,210,0.7865000000000001
2012-12-24,NAHARPOLY,EQ,18.85,18.3,18.3,18.15,18.25,18.25,18.25,1150,2099250000.0,9.0,1150,1.0
2012-12-26,NAHARPOLY,EQ,18.25,18.3,18.9,18.0,18.4,18.35,18.39,2426,4460745000.0,22.0,1870,0.7708
2012-12-27,NAHARPOLY,EQ,18.35,18.0,18.75,18.0,18.5,18.5,18.21,1281,2332300000.0,9.0,1231,0.961
2012-12-28,NAHARPOLY,EQ,18.5,18.05,18.5,18.05,18.2,18.2,18.24,771,1406130000.0,8.0,721,0.9351
2012-12-31,NAHARPOLY,EQ,18.2,18.0,18.7,18.0,18.15,18.1,18.11,864,1565065000.0,17.0,656,0.7593000000000001
2013-01-01,NAHARPOLY,EQ,18.1,18.3,18.4,18.3,18.4,18.4,18.33,725,1328995000.0,5.0,724,0.9986
2013-01-02,NAHARPOLY,EQ,18.4,18.05,18.55,18.05,18.35,18.35,18.27,325,593800000.0,6.0,240,0.7384999999999999
2013-01-03,NAHARPOLY,EQ,18.35,18.3,18.35,18.25,18.3,18.3,18.3,304,556170000.0,7.0,304,1.0
2013-01-04,NAHARPOLY,EQ,18.3,18.7,18.9,18.7,18.9,18.85,18.73,615,1151960000.0,6.0,615,1.0
2013-01-07,NAHARPOLY,EQ,18.85,18.25,18.75,18.25,18.75,18.75,18.39,398,731875000.0,5.0,398,1.0
2013-01-08,NAHARPOLY,EQ,18.75,18.25,19.45,18.25,19.45,19.4,19.12,5601,10707130000.0,24.0,4537,0.81
2013-01-09,NAHARPOLY,EQ,19.4,20.0,23.0,19.7,22.1,21.7,21.96,73057,160411385000.0,393.0,29645,0.4058
2013-01-10,NAHARPOLY,EQ,21.7,22.2,23.3,20.5,20.5,21.05,21.98,27586,60627219999.99999,210.0,6061,0.2197
2013-01-11,NAHARPOLY,EQ,21.05,22.65,22.65,20.15,20.15,20.4,20.72,11817,24488715000.0,65.0,6066,0.5133
2013-01-14,NAHARPOLY,EQ,20.4,20.1,22.35,20.1,20.5,20.7,21.03,24629,51787070000.0,142.0,5131,0.20829999999999999
2013-01-15,NAHARPOLY,EQ,20.7,22.1,22.1,20.5,20.6,20.8,20.86,8362,17441075000.0,45.0,6330,0.757
2013-01-16,NAHARPOLY,EQ,20.8,20.85,21.65,20.5,20.9,20.9,20.96,4471,9369400000.0,30.0,3173,0.7097
2013-01-17,NAHARPOLY,EQ,20.9,20.3,20.3,20.25,20.25,20.25,20.26,722,1462435000.0,8.0,722,1.0
2013-01-18,NAHARPOLY,EQ,20.25,20.15,20.3,19.6,19.6,19.6,20.14,4513,9088590000.0,25.0,3453,0.7651000000000001
2013-01-21,NAHARPOLY,EQ,19.6,19.15,20.3,19.0,19.15,19.4,19.15,3227,6180190000.0,25.0,2881,0.8928
2013-01-22,NAHARPOLY,EQ,19.4,19.0,19.0,19.0,19.0,19.0,19.0,658,1250200000.0,6.0,630,0.9573999999999999
2013-01-23,NAHARPOLY,EQ,19.0,18.6,19.8,18.5,18.5,18.6,18.71,1672,3128195000.0,26.0,1538,0.9198999999999999
2013-01-24,NAHARPOLY,EQ,18.6,18.6,18.6,18.3,18.3,18.3,18.46,924,1705920000.0,3.0,924,1.0
2013-01-25,NAHARPOLY,EQ,18.3,17.35,18.2,17.35,17.75,17.75,17.88,80,143055000.0,6.0,60,0.75
2013-01-28,NAHARPOLY,EQ,17.75,17.9,18.5,17.65,18.1,18.1,18.29,872,1594845000.0,9.0,787,0.9025
2013-01-29,NAHARPOLY,EQ,18.1,18.1,20.9,18.1,18.3,18.3,19.79,1354,2678970000.0,25.0,955,0.7053
2013-01-30,NAHARPOLY,EQ,18.3,18.1,18.25,18.1,18.25,18.25,18.19,580,1054750000.0,5.0,580,1.0
2013-01-31,NAHARPOLY,EQ,18.25,17.95,18.0,17.5,18.0,17.95,17.82,1881,3351710000.0,16.0,1343,0.7140000000000001
2013-02-01,NAHARPOLY,EQ,17.95,17.35,18.25,17.35,17.7,17.7,17.85,5399,9636105000.0,17.0,5180,0.9594
2013-02-04,NAHARPOLY,EQ,17.7,17.6,18.2,17.6,18.0,18.0,18.01,3820,6879650000.0,24.0,3250,0.8508
2013-02-05,NAHARPOLY,EQ,18.0,17.7,17.7,16.8,17.35,17.35,17.34,1953,3386244999.9999995,15.0,1511,0.7737
2013-02-06,NAHARPOLY,EQ,17.35,17.25,17.45,17.25,17.45,17.45,17.31,1900,3288140000.0,10.0,1568,0.8253
2013-02-07,NAHARPOLY,EQ,17.45,17.15,18.2,17.15,17.15,17.45,17.48,449,784990000.0,7.0,330,0.735
2013-02-08,NAHARPOLY,EQ,17.45,17.1,17.85,16.35,17.85,17.75,16.95,4967,8416739999.999999,27.0,3287,0.6618
2013-02-11,NAHARPOLY,EQ,17.75,17.4,18.05,16.5,17.5,17.5,16.82,682,1147340000.0,7.0,681,0.9984999999999999
2013-02-12,NAHARPOLY,EQ,17.5,17.4,17.4,16.6,17.0,17.0,17.09,2255,3853475000.0,12.0,2046,0.9073000000000001
2013-02-13,NAHARPOLY,EQ,17.0,16.9,17.45,16.1,17.0,17.0,16.8,879,1476915000.0,11.0,564,0.6416
2013-02-14,NAHARPOLY,EQ,17.0,16.75,17.15,16.5,16.75,16.75,16.96,1295,2196670000.0,11.0,1029,0.7946
2013-02-15,NAHARPOLY,EQ,16.75,17.0,17.0,15.75,16.75,16.75,16.74,1209,2023765000.0000002,10.0,1208,0.9992000000000001
2013-02-18,NAHARPOLY,EQ,16.75,17.0,17.0,16.25,16.25,16.7,16.89,6855,11574975000.0,11.0,6854,0.9999
2013-02-19,NAHARPOLY,EQ,16.7,16.55,17.6,16.55,17.0,17.0,17.0,2535,4308750000.0,9.0,1445,0.5700000000000001
2013-02-20,NAHARPOLY,EQ,17.0,16.5,17.25,16.1,16.5,16.5,16.72,2404,4020635000.0,15.0,932,0.38770000000000004
2013-02-21,NAHARPOLY,EQ,16.5,16.1,17.45,16.1,16.5,16.5,16.66,2138,3561700000.0,7.0,1138,0.5323
2013-02-22,NAHARPOLY,EQ,16.5,16.45,17.15,16.45,17.15,17.1,16.97,993,1685295000.0,8.0,993,1.0
2013-02-25,NAHARPOLY,EQ,17.1,16.4,17.0,15.65,17.0,17.0,16.71,938,1567325000.0,15.0,895,0.9542
2013-02-26,NAHARPOLY,EQ,17.0,17.4,17.4,16.5,16.5,16.5,16.78,327,548550000.0,3.0,227,0.6942
2013-02-27,NAHARPOLY,EQ,16.5,16.5,17.0,16.3,16.75,16.75,16.8,4854,8154670000.0,11.0,3750,0.7726000000000001
2013-02-28,NAHARPOLY,EQ,16.75,16.5,16.5,16.05,16.5,16.5,16.39,1483,2430490000.0,12.0,1232,0.8307
2013-03-01,NAHARPOLY,EQ,16.5,16.45,16.45,16.45,16.45,16.45,16.45,2,3290000.0,1.0,2,1.0
2013-03-04,NAHARPOLY,EQ,16.45,16.1,17.5,15.25,16.25,16.25,16.26,1814,2949225000.0,14.0,1199,0.6609999999999999
2013-03-05,NAHARPOLY,EQ,16.25,16.0,17.0,15.5,17.0,17.0,16.53,686,1133875000.0,6.0,684,0.9971
2013-03-06,NAHARPOLY,EQ,17.0,16.5,17.3,16.5,16.55,16.55,16.58,569,943200000.0,6.0,568,0.9982
2013-03-07,NAHARPOLY,EQ,16.55,16.5,16.95,16.5,16.65,16.65,16.77,951,1594770000.0,8.0,770,0.8097
2013-03-08,NAHARPOLY,EQ,16.65,16.75,17.25,15.8,17.25,17.25,16.34,37124,60664555000.00001,71.0,22398,0.6033
2013-03-11,NAHARPOLY,EQ,17.25,16.6,17.25,16.6,17.25,17.15,17.05,933,1590510000.0,8.0,933,1.0
2013-03-12,NAHARPOLY,EQ,17.15,16.6,16.6,16.6,16.6,16.6,16.6,274,454839999.99999994,3.0,274,1.0
2013-03-13,NAHARPOLY,EQ,16.6,16.5,16.55,16.5,16.55,16.55,16.54,588,972690000.0,6.0,588,1.0
2013-03-14,NAHARPOLY,EQ,16.55,16.55,16.55,16.05,16.5,16.5,16.3,1108,1806495000.0,4.0,624,0.5632
2013-03-15,NAHARPOLY,EQ,16.5,16.15,17.5,16.15,16.9,16.85,16.78,8004,13430579999.999998,14.0,1402,0.1752
2013-03-18,NAHARPOLY,EQ,16.85,16.35,16.6,16.05,16.6,16.55,16.55,652,1078790000.0,4.0,652,1.0
2013-03-19,NAHARPOLY,EQ,16.55,16.1,16.1,16.1,16.1,16.1,16.1,294,473339999.99999994,3.0,294,1.0
2013-03-20,NAHARPOLY,EQ,16.1,16.0,16.5,14.9,15.9,15.85,15.82,18803,29740830000.0,36.0,13184,0.7012
2013-03-21,NAHARPOLY,EQ,15.85,15.75,15.8,15.75,15.75,15.75,15.76,3687,5809525000.0,8.0,3187,0.8644
2013-03-22,NAHARPOLY,EQ,15.75,15.0,16.0,15.0,15.6,15.6,15.68,2323,3642200000.0,9.0,2223,0.9570000000000001
2013-03-25,NAHARPOLY,EQ,15.6,14.75,15.25,14.75,15.25,15.25,15.14,223,337575000.0,3.0,223,1.0
2013-03-26,NAHARPOLY,EQ,15.25,15.1,16.45,15.0,16.05,16.0,15.96,131501,209868820000.00003,25.0,131342,0.9988
2013-03-28,NAHARPOLY,EQ,16.0,15.6,15.6,15.6,15.6,15.6,15.6,500,780000000.0,1.0,500,1.0
2013-04-01,NAHARPOLY,EQ,15.6,17.75,17.75,17.75,17.75,17.75,17.75,200,355000000.0,1.0,200,1.0
2013-04-02,NAHARPOLY,EQ,17.75,16.25,16.25,16.0,16.0,16.1,16.12,2730,4399500000.0,7.0,2730,1.0
2013-04-03,NAHARPOLY,EQ,16.1,15.5,16.5,15.5,16.5,16.5,15.67,326,510945000.0,5.0,311,0.9540000000000001
2013-04-04,NAHARPOLY,EQ,16.5,15.15,15.45,15.15,15.45,15.45,15.44,240,370560000.0,4.0,232,0.9667
2013-04-05,NAHARPOLY,EQ,15.45,15.25,16.4,15.2,16.25,16.25,15.78,5060,7982200000.0,14.0,2350,0.4644
2013-04-08,NAHARPOLY,EQ,16.25,16.25,16.25,15.55,15.55,15.55,16.11,1025,1651625000.0,2.0,1025,1.0
2013-04-10,NAHARPOLY,EQ,15.55,15.05,15.05,15.05,15.05,15.05,15.05,187,281435000.0,1.0,187,1.0
2013-04-17,NAHARPOLY,EQ,15.05,14.05,14.05,12.9,12.9,12.9,14.05,502,705080000.0,3.0,502,1.0
2013-04-22,NAHARPOLY,EQ,12.9,15.4,15.4,15.4,15.4,15.4,15.4,10,15400000.0,1.0,10,1.0
2013-05-02,NAHARPOLY,EQ,15.4,14.0,14.6,14.0,14.6,14.6,14.53,250,363320000.0,3.0,250,1.0
2013-05-03,NAHARPOLY,EQ,14.6,13.75,14.5,13.75,14.5,14.5,14.01,200,280260000.0,3.0,200,1.0
2013-05-06,NAHARPOLY,EQ,14.5,14.5,14.5,14.5,14.5,14.5,14.5,1,1450000.0,1.0,1,1.0
2013-05-08,NAHARPOLY,EQ,14.5,14.05,14.05,14.05,14.05,14.05,14.05,900,1264500000.0,1.0,900,1.0
2013-05-10,NAHARPOLY,EQ,14.05,14.05,14.75,14.05,14.75,14.75,14.69,5072,7449200000.0,12.0,4186,0.8253
2013-05-11,NAHARPOLY,EQ,14.75,15.0,15.0,15.0,15.0,15.0,15.0,360,540000000.0,3.0,360,1.0
2013-05-13,NAHARPOLY,EQ,15.0,14.85,14.85,14.85,14.85,14.85,14.85,94,139590000.0,1.0,94,1.0
2013-05-15,NAHARPOLY,EQ,14.85,14.5,14.95,14.15,14.95,14.95,14.58,824,1201490000.0,4.0,512,0.6214000000000001
2013-05-17,NAHARPOLY,EQ,14.95,14.75,14.75,14.75,14.75,14.75,14.75,100,147500000.0,2.0,100,1.0
2013-05-20,NAHARPOLY,EQ,14.75,15.45,15.45,15.45,15.45,15.45,15.45,1,1545000.0,1.0,1,1.0
2013-05-21,NAHARPOLY,EQ,15.45,16.0,16.0,16.0,16.0,16.0,16.0,1,1600000.0,1.0,1,1.0
2013-05-28,NAHARPOLY,EQ,16.0,15.25,15.25,15.25,15.25,15.25,15.25,300,457500000.0,1.0,300,1.0
2013-05-29,NAHARPOLY,EQ,15.25,14.95,15.4,14.65,15.4,15.4,14.84,1461,2167905000.0,7.0,1461,1.0
2013-05-30,NAHARPOLY,EQ,15.4,14.95,15.05,14.95,15.05,15.05,15.04,1594,2398030000.0,2.0,1594,1.0
2013-05-31,NAHARPOLY,EQ,15.05,14.35,14.35,14.35,14.35,14.35,14.35,1300,1865500000.0,2.0,1300,1.0
2013-06-04,NAHARPOLY,EQ,14.35,13.7,14.75,13.7,14.75,14.75,14.4,1500,2160000000.0,5.0,1000,0.6667000000000001
2013-06-05,NAHARPOLY,EQ,14.75,14.8,14.8,14.8,14.8,14.8,14.8,500,740000000.0,1.0,500,1.0
2013-06-06,NAHARPOLY,EQ,14.8,14.65,14.65,14.65,14.65,14.65,14.65,501,733965000.0,2.0,501,1.0
2013-06-07,NAHARPOLY,EQ,14.65,14.7,14.7,14.55,14.7,14.7,14.67,1366,2004030000.0,9.0,1266,0.9268000000000001
2013-06-10,NAHARPOLY,EQ,14.7,14.5,15.0,14.5,15.0,15.0,14.51,57,82700000.0,2.0,57,1.0
2013-06-11,NAHARPOLY,EQ,15.0,14.75,14.75,14.75,14.75,14.75,14.75,1000,1475000000.0,2.0,1000,1.0
2013-06-13,NAHARPOLY,EQ,14.75,15.0,15.0,15.0,15.0,15.0,15.0,140,210000000.0,1.0,140,1.0
2013-06-14,NAHARPOLY,EQ,15.0,14.4,14.4,14.4,14.4,14.4,14.4,3588,5166720000.0,4.0,3588,1.0
2013-06-17,NAHARPOLY,EQ,14.4,14.2,14.95,14.2,14.95,14.95,14.23,234,333030000.0,3.0,234,1.0
2013-06-18,NAHARPOLY,EQ,14.95,15.2,15.2,15.2,15.2,15.2,15.2,20,30400000.0,1.0,20,1.0
2013-06-19,NAHARPOLY,EQ,15.2,14.45,14.45,14.45,14.45,14.45,14.45,2200,3179000000.0,3.0,2200,1.0
2013-06-21,NAHARPOLY,EQ,14.45,14.55,14.55,14.05,14.45,14.45,14.26,1439,2051850000.0,7.0,1316,0.9145000000000001
2013-06-26,NAHARPOLY,EQ,14.45,15.15,15.15,15.0,15.0,15.0,15.15,994,1505760000.0,3.0,984,0.9899
2013-06-27,NAHARPOLY,EQ,15.0,14.55,14.55,14.55,14.55,14.55,14.55,167,242985000.0,1.0,167,1.0
2013-06-28,NAHARPOLY,EQ,14.55,14.25,14.25,14.25,14.25,14.25,14.25,2,2850000.0,1.0,2,1.0
2013-07-01,NAHARPOLY,EQ,14.25,14.15,14.15,14.15,14.15,14.15,14.15,100,141500000.0,1.0,100,1.0
2013-07-02,NAHARPOLY,EQ,14.15,14.4,14.4,13.55,13.55,13.55,14.31,630,901250000.0,3.0,630,1.0
2013-07-03,NAHARPOLY,EQ,13.55,14.2,14.2,13.6,14.2,14.2,14.12,408,576000000.0,6.0,356,0.8725
2013-07-04,NAHARPOLY,EQ,14.2,14.9,14.9,14.1,14.1,14.1,14.88,213,317050000.0,6.0,209,0.9812000000000001
2013-07-05,NAHARPOLY,EQ,14.1,13.45,13.7,13.45,13.7,13.7,13.65,478,652360000.0,4.0,478,1.0
2013-07-08,NAHARPOLY,EQ,13.7,13.4,13.4,13.3,13.3,13.3,13.36,1200,1603000000.0,3.0,700,0.5833
2013-07-09,NAHARPOLY,EQ,13.3,13.35,13.95,13.35,13.95,13.95,13.65,1000,1365000000.0,4.0,1000,1.0
2013-07-10,NAHARPOLY,EQ,13.95,13.35,14.0,13.35,14.0,14.0,13.78,764,1052440000.0,6.0,664,0.8691
2013-07-11,NAHARPOLY,EQ,14.0,13.7,13.7,13.7,13.7,13.7,13.7,140,191800000.0,2.0,140,1.0
2013-07-16,NAHARPOLY,EQ,13.7,13.5,13.5,13.05,13.05,13.05,13.36,349,466110000.00000006,3.0,349,1.0
2013-07-17,NAHARPOLY,EQ,13.05,13.5,13.5,13.5,13.5,13.5,13.5,1188,1603800000.0,3.0,1188,1.0
2013-07-23,NAHARPOLY,EQ,13.5,12.85,13.5,12.85,13.5,13.5,13.18,350,461125000.0,4.0,275,0.7857
2013-07-25,NAHARPOLY,EQ,13.5,13.15,13.15,13.15,13.15,13.15,13.15,300,394500000.0,1.0,300,1.0
2013-07-29,NAHARPOLY,EQ,13.15,12.75,12.75,12.75,12.75,12.75,12.75,100,127500000.0,1.0,100,1.0
2013-07-30,NAHARPOLY,EQ,12.75,12.3,12.3,12.3,12.3,12.3,12.3,70,86100000.0,1.0,70,1.0
2013-08-07,NAHARPOLY,EQ,12.3,12.5,12.5,12.5,12.5,12.5,12.5,50,62500000.0,1.0,50,1.0
2013-08-16,NAHARPOLY,EQ,12.5,11.9,11.9,11.9,11.9,11.9,11.9,300,357000000.0,1.0,300,1.0
2013-08-23,NAHARPOLY,EQ,11.9,11.35,11.35,11.35,11.35,11.35,11.35,375,425625000.0,2.0,375,1.0
2013-08-26,NAHARPOLY,EQ,11.35,10.8,10.8,10.8,10.8,10.8,10.8,700,756000000.0,2.0,700,1.0
2013-08-28,NAHARPOLY,EQ,10.8,11.0,11.0,11.0,11.0,11.0,11.0,1000,1100000000.0,3.0,1000,1.0
2013-09-05,NAHARPOLY,EQ,11.0,11.05,11.05,11.05,11.05,11.05,11.05,160,176800000.0,3.0,160,1.0
2013-09-16,NAHARPOLY,EQ,11.05,11.6,11.6,11.6,11.6,11.6,11.6,1000,1160000000.0,2.0,1000,1.0
2013-09-18,NAHARPOLY,EQ,11.6,12.0,12.0,11.95,11.95,11.95,11.98,184,220380000.00000003,6.0,184,1.0
2013-09-19,NAHARPOLY,EQ,11.95,12.0,12.0,11.55,12.0,12.0,11.96,386,461625000.0,3.0,351,0.9093000000000001
2013-09-20,NAHARPOLY,EQ,12.0,12.6,12.6,12.6,12.6,12.6,12.6,200,252000000.0,1.0,200,1.0
2013-10-03,NAHARPOLY,EQ,12.6,12.0,12.0,12.0,12.0,12.0,12.0,300,360000000.0,2.0,300,1.0
2013-10-07,NAHARPOLY,EQ,12.0,11.4,11.4,11.4,11.4,11.4,11.4,200,228000000.0,1.0,200,1.0
2013-10-08,NAHARPOLY,EQ,11.4,10.85,10.85,10.85,10.85,10.85,10.85,266,288610000.0,2.0,266,1.0
2013-10-10,NAHARPOLY,EQ,10.85,10.55,10.55,10.55,10.55,10.55,10.55,70,73850000.0,2.0,70,1.0
2013-10-11,NAHARPOLY,EQ,10.55,10.85,10.85,10.85,10.85,10.85,10.85,399,432914999.99999994,1.0,399,1.0
2013-10-14,NAHARPOLY,EQ,10.85,10.9,10.9,10.9,10.9,10.9,10.9,750,817500000.0,3.0,750,1.0
2013-10-15,NAHARPOLY,EQ,10.9,11.0,11.05,11.0,11.0,11.0,11.03,1457,1606990000.0,15.0,1037,0.7117
2013-10-21,NAHARPOLY,EQ,11.0,11.05,11.25,11.05,11.25,11.25,11.16,675,753575000.0,11.0,655,0.9704
2013-10-22,NAHARPOLY,EQ,11.25,11.6,11.8,11.6,11.8,11.8,11.6,370,429300000.0,3.0,365,0.9865
2013-10-23,NAHARPOLY,EQ,11.8,11.5,11.5,11.25,11.25,11.25,11.46,235,269375000.0,2.0,235,1.0
2013-10-24,NAHARPOLY,EQ,11.25,11.5,11.5,11.05,11.2,11.2,11.37,1249,1419925000.0,6.0,859,0.6878000000000001
2013-10-25,NAHARPOLY,EQ,11.2,11.75,11.75,11.75,11.75,11.75,11.75,312,366600000.0,4.0,312,1.0
2013-10-28,NAHARPOLY,EQ,11.75,11.75,12.2,11.75,12.2,12.2,11.84,376,445220000.0,3.0,376,1.0
2013-10-30,NAHARPOLY,EQ,12.2,12.0,12.0,12.0,12.0,12.0,12.0,500,600000000.0,3.0,500,1.0
2013-10-31,NAHARPOLY,EQ,12.0,12.0,12.0,12.0,12.0,12.0,12.0,100,120000000.0,7.0,100,1.0
2013-11-01,NAHARPOLY,EQ,12.0,12.6,12.6,12.6,12.6,12.6,12.6,3881,4890060000.0,13.0,3881,1.0
2013-11-05,NAHARPOLY,EQ,12.6,12.95,12.95,12.7,12.7,12.7,12.88,754,971329999.9999999,5.0,554,0.7347
2013-11-06,NAHARPOLY,EQ,12.7,13.2,13.3,13.0,13.25,13.25,13.25,3850,5102550000.0,7.0,3850,1.0
2013-11-08,NAHARPOLY,EQ,13.25,13.25,13.25,13.25,13.25,13.25,13.25,500,662500000.0,1.0,500,1.0
2013-11-12,NAHARPOLY,EQ,13.25,13.1,13.1,13.1,13.1,13.1,13.1,280,366800000.0,3.0,280,1.0
2013-11-19,NAHARPOLY,EQ,13.1,12.5,12.5,12.5,12.5,12.5,12.5,50,62500000.0,1.0,50,1.0
2013-11-21,NAHARPOLY,EQ,12.5,12.5,13.0,12.4,13.0,13.0,12.66,2500,3165000000.0,4.0,2500,1.0
2013-11-22,NAHARPOLY,EQ,13.0,12.5,12.5,12.5,12.5,12.5,12.5,2200,2750000000.0,3.0,2200,1.0
2013-11-25,NAHARPOLY,EQ,12.5,11.9,12.4,11.9,12.4,12.4,12.09,9100,11004000000.0,6.0,2100,0.23079999999999998
2013-11-26,NAHARPOLY,EQ,12.4,13.0,13.0,12.15,12.15,12.15,12.97,2078,2694770000.0,6.0,2078,1.0
2013-11-27,NAHARPOLY,EQ,12.15,12.15,12.15,12.15,12.15,12.15,12.15,400,486000000.0,2.0,400,1.0
2013-11-28,NAHARPOLY,EQ,12.15,12.25,12.25,12.25,12.25,12.25,12.25,20000,24500000000.0,1.0,20000,1.0
2013-11-29,NAHARPOLY,EQ,12.25,12.25,12.25,12.0,12.0,12.0,12.2,1373,1675675000.0,4.0,1373,1.0
2013-12-02,NAHARPOLY,EQ,12.0,12.55,12.55,12.5,12.5,12.5,12.51,2242,2804500000.0,3.0,2242,1.0
2013-12-03,NAHARPOLY,EQ,12.5,12.1,12.5,12.1,12.5,12.5,12.45,297,369890000.0,4.0,297,1.0
2013-12-05,NAHARPOLY,EQ,12.5,12.5,12.5,12.5,12.5,12.5,12.5,224,280000000.0,2.0,224,1.0
2013-12-06,NAHARPOLY,EQ,12.5,13.1,13.1,12.55,13.0,13.0,12.99,3061,3975800000.0,11.0,3061,1.0
2013-12-09,NAHARPOLY,EQ,13.0,12.5,12.5,12.5,12.5,12.5,12.5,2427,3033750000.0,3.0,2427,1.0
2013-12-10,NAHARPOLY,EQ,12.5,12.1,12.5,12.1,12.5,12.5,12.35,838,1034740000.0,5.0,694,0.8281999999999999
2013-12-11,NAHARPOLY,EQ,12.5,12.1,12.1,12.1,12.1,12.1,12.1,5,6050000.0,1.0,5,1.0
2013-12-12,NAHARPOLY,EQ,12.1,12.5,12.7,12.5,12.7,12.7,12.65,796,1006820000.0000001,5.0,796,1.0
2013-12-16,NAHARPOLY,EQ,12.7,12.25,12.25,12.25,12.25,12.25,12.25,540,661500000.0,2.0,540,1.0
2013-12-17,NAHARPOLY,EQ,12.25,12.5,12.5,12.5,12.5,12.5,12.5,40,50000000.0,2.0,40,1.0
2013-12-18,NAHARPOLY,EQ,12.5,12.0,12.0,12.0,12.0,12.0,12.0,113,135600000.0,1.0,113,1.0
2013-12-19,NAHARPOLY,EQ,12.0,12.15,12.5,12.15,12.4,12.4,12.38,852,1054590000.0,6.0,726,0.8521
2013-12-20,NAHARPOLY,EQ,12.4,12.5,12.5,12.5,12.5,12.5,12.5,569,711250000.0,6.0,569,1.0
2013-12-23,NAHARPOLY,EQ,12.5,12.5,12.5,12.5,12.5,12.5,12.5,1200,1500000000.0,7.0,1200,1.0
2013-12-24,NAHARPOLY,EQ,12.5,12.1,12.45,12.0,12.45,12.45,12.05,1118,1346950000.0,9.0,799,0.7147
2013-12-26,NAHARPOLY,EQ,12.45,12.5,12.5,12.0,12.1,12.1,12.45,5280,6575705000.0,13.0,5059,0.9581000000000001
2013-12-27,NAHARPOLY,EQ,12.1,12.1,12.1,12.1,12.1,12.1,12.1,1000,1210000000.0,1.0,1000,1.0
2013-12-31,NAHARPOLY,EQ,12.1,12.0,12.0,12.0,12.0,12.0,12.0,4760,5712000000.0,7.0,4760,1.0
2014-01-01,NAHARPOLY,EQ,12.0,12.0,12.1,12.0,12.1,12.1,12.03,1484,1785800000.0,5.0,1484,1.0
2014-01-03,NAHARPOLY,EQ,12.1,12.0,12.0,12.0,12.0,12.0,12.0,86,103200000.0,1.0,86,1.0
2014-01-06,NAHARPOLY,EQ,12.0,12.0,12.0,11.4,11.65,11.65,11.95,657,785180000.0,7.0,657,1.0
2014-01-08,NAHARPOLY,EQ,11.65,12.2,12.2,12.2,12.2,12.2,12.2,470,573400000.0,3.0,470,1.0
2014-01-09,NAHARPOLY,EQ,12.2,12.75,12.75,12.75,12.75,12.75,12.75,1317,1679175000.0,9.0,1317,1.0
2014-01-10,NAHARPOLY,EQ,12.75,12.75,12.75,12.75,12.75,12.75,12.75,1000,1275000000.0,2.0,1000,1.0
2014-01-13,NAHARPOLY,EQ,12.75,12.3,13.25,12.3,12.3,12.3,12.56,1520,1909755000.0,11.0,1255,0.8257
2014-01-14,NAHARPOLY,EQ,12.3,12.5,12.9,12.5,12.9,12.9,12.82,847,1086135000.0,7.0,797,0.941
2014-01-15,NAHARPOLY,EQ,12.9,12.75,12.75,12.6,12.6,12.6,12.67,923,1169480000.0,11.0,923,1.0
2014-01-17,NAHARPOLY,EQ,12.6,12.55,12.95,12.55,12.55,12.55,12.65,1932,2444610000.0,12.0,1532,0.793
2014-01-20,NAHARPOLY,EQ,12.55,12.5,13.0,12.2,13.0,13.0,12.74,892,1136285000.0,9.0,754,0.8453
2014-01-21,NAHARPOLY,EQ,13.0,13.1,13.1,12.6,12.75,12.75,12.8,1379,1765045000.0,11.0,1215,0.8811
2014-01-22,NAHARPOLY,EQ,12.75,13.25,13.25,12.8,13.25,13.25,13.19,4246,5602530000.0,11.0,4211,0.9918000000000001
2014-01-23,NAHARPOLY,EQ,13.25,12.75,13.65,12.75,13.65,13.2,13.05,3056,3986950000.0,7.0,2068,0.6767000000000001
2014-01-24,NAHARPOLY,EQ,13.2,12.65,12.65,12.65,12.65,12.65,12.65,151,191015000.0,2.0,151,1.0
2014-01-27,NAHARPOLY,EQ,12.65,12.25,12.3,12.25,12.3,12.3,12.27,338,414680000.0,3.0,338,1.0
2014-01-28,NAHARPOLY,EQ,12.3,12.25,12.5,12.25,12.5,12.5,12.44,2242,2789800000.0,8.0,2242,1.0
2014-01-29,NAHARPOLY,EQ,12.5,12.0,12.85,12.0,12.85,12.8,12.44,1663,2069420000.0,9.0,1313,0.7895000000000001
2014-01-31,NAHARPOLY,EQ,12.8,12.8,12.8,12.75,12.75,12.75,12.77,120,153200000.0,3.0,40,0.3333
2014-02-03,NAHARPOLY,EQ,12.75,12.25,12.25,12.25,12.25,12.25,12.25,90,110250000.0,2.0,90,1.0
2014-02-05,NAHARPOLY,EQ,12.25,12.85,12.85,12.85,12.85,12.85,12.85,40,51400000.0,1.0,40,1.0
2014-02-06,NAHARPOLY,EQ,12.85,12.3,12.75,12.25,12.75,12.75,12.31,108,132900000.0,6.0,102,0.9444
2014-02-10,NAHARPOLY,EQ,12.75,12.15,12.15,12.15,12.15,12.15,12.15,150,182250000.0,3.0,150,1.0
2014-02-11,NAHARPOLY,EQ,12.15,12.75,12.75,12.1,12.1,12.1,12.24,642,785920000.0,4.0,512,0.7975
2014-02-12,NAHARPOLY,EQ,12.1,12.7,12.7,11.7,11.75,11.75,11.76,1146,1347450000.0,6.0,1116,0.9738
2014-02-13,NAHARPOLY,EQ,11.75,11.3,12.25,11.3,11.3,11.35,11.32,191,216294999.99999997,5.0,133,0.6962999999999999
2014-02-14,NAHARPOLY,EQ,11.35,11.05,11.05,11.05,11.05,11.05,11.05,18,19890000.0,1.0,18,1.0
2014-02-17,NAHARPOLY,EQ,11.05,10.6,10.6,10.55,10.55,10.55,10.57,177,187030000.0,4.0,177,1.0
2014-02-19,NAHARPOLY,EQ,10.55,10.5,10.5,10.15,10.15,10.15,10.35,12623,13065020000.0,27.0,10674,0.8456
2014-02-20,NAHARPOLY,EQ,10.15,10.15,10.15,9.8,9.8,9.95,10.14,1361,1379460000.0,12.0,1354,0.9949
2014-02-21,NAHARPOLY,EQ,9.95,10.0,10.0,10.0,10.0,10.0,10.0,1000,1000000000.0,10.0,1000,1.0
2014-02-24,NAHARPOLY,EQ,10.0,9.8,9.8,9.65,9.75,9.75,9.72,650,631920000.0,6.0,594,0.9138
2014-02-25,NAHARPOLY,EQ,9.75,9.45,10.15,9.4,10.15,10.15,9.51,851,809270000.0,5.0,850,0.9988
2014-02-26,NAHARPOLY,EQ,10.15,9.8,10.4,9.75,10.4,10.4,9.8,292,286110000.0,3.0,292,1.0
2014-02-28,NAHARPOLY,EQ,10.4,10.2,10.4,9.9,10.4,10.4,10.12,969,980220000.0000001,22.0,894,0.9226000000000001
2014-03-05,NAHARPOLY,EQ,10.4,10.0,10.0,10.0,10.0,10.0,10.0,156,156000000.0,3.0,156,1.0
2014-03-06,NAHARPOLY,EQ,10.0,9.6,10.35,9.6,10.35,10.35,10.08,156,157260000.0,3.0,106,0.6795
2014-03-07,NAHARPOLY,EQ,10.35,9.85,9.85,9.85,9.85,9.85,9.85,1478,1455830000.0,5.0,1478,1.0
2014-03-10,NAHARPOLY,EQ,9.85,9.5,9.65,9.5,9.65,9.65,9.6,220,211250000.0,2.0,220,1.0
2014-03-11,NAHARPOLY,EQ,9.65,9.65,9.65,9.65,9.65,9.65,9.65,375,361875000.0,6.0,375,1.0
2014-03-12,NAHARPOLY,EQ,9.65,9.25,10.0,9.25,9.55,9.55,9.54,232,221430000.00000003,6.0,232,1.0
2014-03-13,NAHARPOLY,EQ,9.55,9.35,10.0,9.35,9.8,9.8,9.82,1780,1747359999.9999998,13.0,1710,0.9607
2014-03-14,NAHARPOLY,EQ,9.8,10.25,10.25,9.45,9.5,9.5,9.73,315,306525000.0,6.0,215,0.6825
2014-03-18,NAHARPOLY,EQ,9.5,9.6,9.65,9.55,9.55,9.55,9.6,2290,2197925000.0,9.0,2220,0.9694
2014-03-19,NAHARPOLY,EQ,9.55,9.55,9.7,9.45,9.7,9.7,9.58,1614,1546110000.0,13.0,1390,0.8612000000000001
2014-03-20,NAHARPOLY,EQ,9.7,9.95,10.0,9.95,10.0,10.0,9.95,529,526500000.0,2.0,529,1.0
2014-03-21,NAHARPOLY,EQ,10.0,10.4,10.4,10.4,10.4,10.4,10.4,50,52000000.0,1.0,50,1.0
2014-03-24,NAHARPOLY,EQ,10.4,10.5,10.5,10.5,10.5,10.5,10.5,50,52500000.0,1.0,50,1.0
2014-03-26,NAHARPOLY,EQ,10.5,10.1,10.1,10.0,10.0,10.0,10.03,1851,1856000000.0,18.0,1851,1.0
2014-03-27,NAHARPOLY,EQ,10.0,9.9,10.0,9.6,10.0,10.0,9.79,1836,1798250000.0,9.0,1502,0.8181
2014-03-28,NAHARPOLY,EQ,10.0,9.65,10.0,9.65,9.9,9.9,9.81,1711,1678784999.9999998,9.0,1711,1.0
2014-03-31,NAHARPOLY,EQ,9.9,10.3,10.3,10.05,10.05,10.05,10.26,897,920410000.0,3.0,897,1.0
2014-04-01,NAHARPOLY,EQ,10.05,9.8,10.55,9.8,10.4,10.4,10.29,1968,2024990000.0000002,14.0,1575,0.8003
2014-04-02,NAHARPOLY,EQ,10.4,10.1,10.9,10.1,10.9,10.9,10.84,2608,2826980000.0,5.0,2500,0.9586
2014-04-03,NAHARPOLY,EQ,10.9,11.0,11.0,10.55,11.0,11.0,10.87,3581,3894050000.0,11.0,3581,1.0
2014-04-04,NAHARPOLY,EQ,11.0,10.55,11.55,10.55,11.55,11.55,11.3,5314,6004465000.0,24.0,4603,0.8662000000000001
2014-04-07,NAHARPOLY,EQ,11.55,11.25,12.1,11.25,12.1,12.1,11.69,1737,2030875000.0,6.0,1737,1.0
2014-04-09,NAHARPOLY,EQ,12.1,12.0,12.7,12.0,12.7,12.7,12.32,13243,16310490000.0,40.0,8587,0.6484000000000001
2014-04-10,NAHARPOLY,EQ,12.7,12.6,13.25,12.4,12.45,12.45,12.55,898,1126700000.0,7.0,848,0.9443000000000001
2014-04-11,NAHARPOLY,EQ,12.45,12.5,13.0,12.25,13.0,12.95,12.77,3240,4138705000.0000005,10.0,3100,0.9568000000000001
2014-04-15,NAHARPOLY,EQ,12.95,13.0,13.0,12.35,12.35,12.35,12.56,996,1251310000.0,7.0,696,0.6988
2014-04-16,NAHARPOLY,EQ,12.35,12.1,12.5,12.1,12.5,12.5,12.32,227,279750000.0,2.0,227,1.0
2014-04-17,NAHARPOLY,EQ,12.5,12.15,12.55,12.1,12.55,12.55,12.38,802,992729999.9999999,9.0,646,0.8055
2014-04-21,NAHARPOLY,EQ,12.55,12.25,12.5,12.25,12.5,12.5,12.38,112,138600000.0,2.0,56,0.5
2014-04-22,NAHARPOLY,EQ,12.5,12.5,12.5,12.3,12.3,12.3,12.41,1008,1251380000.0,9.0,976,0.9683
2014-04-23,NAHARPOLY,EQ,12.3,12.0,12.9,12.0,12.9,12.9,12.45,457,568860000.0,9.0,443,0.9694
2014-04-25,NAHARPOLY,EQ,12.9,12.4,12.65,12.4,12.45,12.45,12.59,1259,1584575000.0,7.0,1259,1.0
2014-04-28,NAHARPOLY,EQ,12.45,12.05,12.5,12.05,12.5,12.5,12.43,1868,2322310000.0,10.0,1395,0.7468000000000001
2014-04-29,NAHARPOLY,EQ,12.5,12.1,12.5,12.05,12.5,12.5,12.24,4795,5870110000.0,15.0,3996,0.8334
2014-04-30,NAHARPOLY,EQ,12.5,12.1,12.1,12.0,12.0,12.05,12.08,2118,2557770000.0,23.0,1618,0.7639
2014-05-02,NAHARPOLY,EQ,12.05,11.75,12.4,11.7,11.7,11.7,11.89,5444,6470790000.0,15.0,4987,0.9161
2014-05-05,NAHARPOLY,EQ,11.7,11.65,11.65,11.65,11.65,11.65,11.65,235,273775000.0,3.0,235,1.0
2014-05-06,NAHARPOLY,EQ,11.65,11.7,11.7,11.4,11.4,11.4,11.61,996,1155990000.0,10.0,996,1.0
2014-05-07,NAHARPOLY,EQ,11.4,11.3,11.3,11.2,11.2,11.2,11.24,1027,1154490000.0,13.0,927,0.9026000000000001
2014-05-08,NAHARPOLY,EQ,11.2,11.25,11.3,11.25,11.3,11.3,11.27,238,268155000.00000003,4.0,238,1.0
2014-05-09,NAHARPOLY,EQ,11.3,11.5,12.0,11.2,11.75,11.75,11.37,2700,3069350000.0,9.0,2477,0.9174
2014-05-12,NAHARPOLY,EQ,11.75,11.75,12.0,11.0,11.05,11.0,11.36,2588,2938910000.0,20.0,2388,0.9227
2014-05-13,NAHARPOLY,EQ,11.0,11.4,11.4,10.9,11.2,11.2,11.14,5581,6215630000.0,31.0,4072,0.7295999999999999
2014-05-14,NAHARPOLY,EQ,11.2,11.05,11.85,11.0,11.0,11.05,11.14,4586,5107620000.0,18.0,4536,0.9891
2014-05-15,NAHARPOLY,EQ,11.05,10.95,12.0,10.95,12.0,11.75,11.54,2823,3257530000.0,21.0,2433,0.8618000000000001
2014-05-16,NAHARPOLY,EQ,11.75,12.7,12.7,10.8,11.4,11.4,11.53,5772,6654795000.0,30.0,4774,0.8271
2014-05-19,NAHARPOLY,EQ,11.4,11.4,12.5,11.4,12.5,12.5,11.85,1289,1527170000.0,8.0,1244,0.9651000000000001
2014-05-20,NAHARPOLY,EQ,12.5,12.0,13.2,11.65,13.2,12.8,12.31,1627,2002865000.0000002,12.0,1400,0.8605
2014-05-21,NAHARPOLY,EQ,12.8,13.0,14.05,12.75,13.6,13.6,13.59,1860,2527065000.0,13.0,1618,0.8699
2014-05-22,NAHARPOLY,EQ,13.6,14.95,14.95,13.45,14.95,14.95,14.93,1657,2473115000.0,12.0,1657,1.0
2014-05-23,NAHARPOLY,EQ,14.95,15.5,15.65,15.0,15.6,15.6,15.47,3750,5801455000.0,33.0,3283,0.8755
2014-05-26,NAHARPOLY,EQ,15.6,16.0,16.05,15.05,15.05,15.05,15.5,4568,7079289999.999999,24.0,3434,0.7518000000000001
2014-05-27,NAHARPOLY,EQ,15.05,14.3,14.3,14.3,14.3,14.3,14.3,100,143000000.0,1.0,100,1.0
2014-05-28,NAHARPOLY,EQ,14.3,13.8,15.0,13.8,15.0,14.9,14.62,1778,2600235000.0,14.0,1715,0.9646
2014-05-29,NAHARPOLY,EQ,14.9,14.3,14.3,14.3,14.3,14.3,14.3,201,287430000.0,2.0,201,1.0
2014-05-30,NAHARPOLY,EQ,14.3,15.0,15.0,15.0,15.0,15.0,15.0,781,1171500000.0,3.0,781,1.0
2014-06-02,NAHARPOLY,EQ,15.0,15.7,15.75,15.7,15.75,15.75,15.73,747,1175340000.0,5.0,747,1.0
2014-06-03,NAHARPOLY,EQ,15.75,16.5,16.5,16.5,16.5,16.5,16.5,1361,2245650000.0,8.0,1361,1.0
2014-06-04,NAHARPOLY,EQ,16.5,17.3,17.3,17.3,17.3,17.3,17.3,380,657400000.0,4.0,380,1.0
2014-06-05,NAHARPOLY,EQ,17.3,18.15,18.15,18.15,18.15,18.15,18.15,807,1464705000.0,4.0,807,1.0
2014-06-06,NAHARPOLY,EQ,18.15,19.05,19.05,19.05,19.05,19.05,19.05,3165,6029325000.0,5.0,3165,1.0
2014-06-09,NAHARPOLY,EQ,19.05,20.0,20.0,19.05,20.0,20.0,19.97,32629,65146315000.0,41.0,26617,0.8157
2014-06-10,NAHARPOLY,EQ,20.0,21.0,21.0,19.1,21.0,21.0,20.44,31128,63612555000.00001,84.0,28513,0.9159999999999999
2014-06-11,NAHARPOLY,EQ,21.0,21.85,22.05,21.1,22.05,22.05,21.97,19965,43858570000.0,63.0,13795,0.691
2014-06-12,NAHARPOLY,EQ,22.05,23.1,23.15,22.55,23.15,23.15,23.04,5777,13311354999.999998,35.0,3969,0.687
2014-06-13,NAHARPOLY,EQ,23.15,24.3,24.3,24.3,24.3,24.3,24.3,8982,21826260000.0,33.0,8982,1.0
2014-06-16,NAHARPOLY,EQ,24.3,25.5,25.5,23.15,24.0,24.25,24.25,31785,77085710000.0,79.0,23741,0.7469
2014-06-17,NAHARPOLY,EQ,24.25,24.0,25.0,24.0,24.0,24.2,24.2,9045,21886430000.0,34.0,9045,1.0
2014-06-18,NAHARPOLY,EQ,24.2,24.0,24.7,24.0,24.0,24.1,24.3,20156,48984520000.0,66.0,14506,0.7197
2014-06-19,NAHARPOLY,EQ,24.1,24.0,24.75,24.0,24.1,24.15,24.06,5763,13867754999.999998,31.0,5220,0.9058
2014-08-06,NAHARPOLY,EQ,25.5,26.75,26.75,26.75,26.75,26.75,26.75,5299,14174825000.0,15.0,5299,1.0
2014-08-07,NAHARPOLY,EQ,26.75,28.05,28.05,26.75,28.05,28.05,28.01,47776,133844060000.00002,121.0,44401,0.9294
2014-08-08,NAHARPOLY,EQ,28.05,29.35,29.35,26.7,28.0,27.6,28.0,12449,34859520000.0,51.0,10289,0.8265000000000001
2014-08-11,NAHARPOLY,EQ,27.6,28.0,28.1,27.0,27.05,27.25,27.55,7476,20597165000.0,35.0,5378,0.7194
2014-08-12,NAHARPOLY,EQ,27.25,25.9,25.9,25.9,25.9,25.9,25.9,25245,65384550000.0,31.0,25243,0.9999
2014-08-13,NAHARPOLY,EQ,25.9,24.65,24.65,24.65,24.65,24.65,24.65,651,1604715000.0,5.0,650,0.9984999999999999
2014-08-14,NAHARPOLY,EQ,24.65,23.45,23.45,23.45,23.45,23.45,23.45,105,246225000.0,4.0,104,0.9905
2014-08-18,NAHARPOLY,EQ,23.45,22.3,24.45,22.3,24.2,24.1,22.5,59703,134303055000.0,79.0,46694,0.7820999999999999
2014-08-19,NAHARPOLY,EQ,24.1,24.25,24.75,22.9,22.9,22.9,23.52,13490,31730305000.0,48.0,11637,0.8626
2014-08-20,NAHARPOLY,EQ,22.9,24.0,24.0,24.0,24.0,24.0,24.0,3353,8047200000.0,18.0,3333,0.9940000000000001
2014-08-21,NAHARPOLY,EQ,24.0,24.05,25.2,24.05,25.2,25.2,25.18,4977,12530490000.0,24.0,4095,0.8228
2014-08-22,NAHARPOLY,EQ,25.2,24.2,25.0,23.95,23.95,23.95,24.28,3037,7374639999.999999,19.0,2531,0.8334
2014-08-25,NAHARPOLY,EQ,23.95,24.9,25.1,23.0,24.2,24.6,24.68,14175,34982095000.0,47.0,7586,0.5352
2014-08-26,NAHARPOLY,EQ,24.6,24.0,24.4,24.0,24.35,24.35,24.3,7723,18767650000.0,13.0,7660,0.9918000000000001
2014-08-27,NAHARPOLY,EQ,24.35,25.0,25.0,24.2,25.0,24.95,24.97,7173,17911320000.0,14.0,7102,0.9901000000000001
2014-08-28,NAHARPOLY,EQ,24.95,24.0,24.0,23.85,23.85,23.85,23.9,1004,2399550000.0,7.0,602,0.5996
2014-09-01,NAHARPOLY,EQ,23.85,23.85,25.0,23.3,25.0,25.0,24.57,9826,24146540000.0,15.0,8226,0.8372
2014-09-02,NAHARPOLY,EQ,25.0,24.5,24.95,24.0,24.0,24.0,24.13,2680,6465725000.0,20.0,1195,0.4459
2014-09-03,NAHARPOLY,EQ,24.0,24.95,25.2,23.05,25.2,24.75,24.51,11233,27535015000.000004,35.0,7782,0.6928
2014-09-04,NAHARPOLY,EQ,24.75,25.7,25.7,23.6,24.95,24.9,24.46,4660,11398230000.0,16.0,2193,0.4706
2014-09-05,NAHARPOLY,EQ,24.9,24.35,25.7,24.25,25.45,24.95,25.45,2500,6363600000.0,8.0,2171,0.8684000000000001
2014-09-08,NAHARPOLY,EQ,24.95,25.95,25.95,24.5,24.5,24.5,25.38,1410,3579050000.0,14.0,1225,0.8688
2014-09-09,NAHARPOLY,EQ,24.5,24.75,26.95,23.9,25.1,25.05,25.84,5315,13735450000.0,26.0,4976,0.9362
2014-09-10,NAHARPOLY,EQ,25.05,23.3,26.4,23.3,24.5,24.5,24.85,5747,14283985000.0,31.0,3579,0.6228
2014-09-11,NAHARPOLY,EQ,24.5,26.1,26.9,24.05,26.55,26.65,25.93,17496,45372965000.0,51.0,12821,0.7328
2014-09-12,NAHARPOLY,EQ,26.65,27.15,28.6,27.1,27.1,27.45,28.0,4050,11340070000.0,36.0,2952,0.7289
2014-09-15,NAHARPOLY,EQ,27.45,27.9,29.0,27.2,27.3,27.3,28.42,4956,14086720000.000002,35.0,4794,0.9673
2014-09-16,NAHARPOLY,EQ,27.3,28.95,28.95,26.3,26.4,26.4,27.01,2402,6486820000.0,11.0,1651,0.6873
2014-09-17,NAHARPOLY,EQ,26.4,26.15,26.15,24.2,24.2,24.8,25.08,5185,13003635000.0,35.0,3175,0.6123
2014-09-18,NAHARPOLY,EQ,24.8,24.3,25.0,24.3,25.0,25.0,24.42,1402,3423419999.9999995,5.0,1324,0.9444
2014-09-19,NAHARPOLY,EQ,25.0,24.75,26.8,24.75,25.15,25.2,25.4,4374,11109440000.0,29.0,2359,0.5393
2014-09-22,NAHARPOLY,EQ,25.2,27.0,27.7,26.95,27.7,27.7,27.07,17619,47692990000.0,43.0,16074,0.9123000000000001
2014-09-23,NAHARPOLY,EQ,27.7,25.0,30.4,25.0,29.4,29.25,29.87,16662,49768095000.0,108.0,12144,0.7288
2014-09-24,NAHARPOLY,EQ,29.25,27.25,28.0,26.75,26.8,26.8,27.03,2662,7196675000.0,12.0,2607,0.9793000000000001
2014-09-25,NAHARPOLY,EQ,26.8,25.0,26.25,24.15,24.15,24.15,24.95,3901,9733665000.0,41.0,3401,0.8718000000000001
2014-09-26,NAHARPOLY,EQ,24.15,25.85,25.85,23.3,23.75,23.95,24.39,3254,7936775000.0,21.0,1101,0.33840000000000003
2014-09-29,NAHARPOLY,EQ,23.95,23.8,24.1,23.8,23.85,23.95,24.0,1613,3871655000.0000005,16.0,1613,1.0
2014-09-30,NAHARPOLY,EQ,23.95,23.5,24.75,23.5,24.75,24.75,24.05,1336,3213500000.0,7.0,1100,0.8234
2014-10-01,NAHARPOLY,EQ,24.75,24.5,24.5,23.2,23.2,23.85,24.09,849,2045100000.0,12.0,749,0.8822
2014-10-07,NAHARPOLY,EQ,23.85,24.5,24.5,21.55,23.1,23.1,22.69,4708,10683785000.0,20.0,3857,0.8192
2014-10-08,NAHARPOLY,EQ,23.1,23.35,23.35,22.5,22.5,22.5,22.72,385,874750000.0,3.0,285,0.7403000000000001
2014-10-09,NAHARPOLY,EQ,22.5,23.0,24.75,23.0,24.75,24.75,24.59,7956,19563800000.0,18.0,7956,1.0
2014-10-10,NAHARPOLY,EQ,24.75,25.0,26.4,25.0,25.4,25.9,25.87,9822,25410260000.0,40.0,5412,0.551
2014-10-13,NAHARPOLY,EQ,25.9,24.6,26.0,24.6,25.2,25.3,25.74,880,2265055000.0,12.0,662,0.7523000000000001
2014-10-14,NAHARPOLY,EQ,25.3,25.05,25.1,25.0,25.1,25.1,25.01,2019,5050500000.0,7.0,1819,0.9009
2014-10-16,NAHARPOLY,EQ,25.1,24.35,25.9,24.35,24.35,24.6,25.06,1744,4369915000.0,19.0,1071,0.6141
2014-10-17,NAHARPOLY,EQ,24.6,24.3,24.95,24.0,24.1,24.1,24.67,11403,28136409999.999996,17.0,8674,0.7606999999999999
2014-10-20,NAHARPOLY,EQ,24.1,24.55,24.65,24.35,24.5,24.4,24.45,3580,8753930000.0,17.0,1858,0.519
2014-10-21,NAHARPOLY,EQ,24.4,26.5,26.5,23.75,23.75,23.75,25.07,585,1466375000.0,2.0,585,1.0
2014-10-22,NAHARPOLY,EQ,23.75,23.55,23.55,23.55,23.55,23.55,23.55,648,1526040000.0,5.0,648,1.0
2014-10-27,NAHARPOLY,EQ,23.55,23.0,23.1,23.0,23.1,23.1,23.02,601,1383300000.0,3.0,601,1.0
2014-10-28,NAHARPOLY,EQ,23.1,22.7,24.7,22.7,23.8,23.8,23.89,2310,5517795000.0,10.0,2110,0.9134000000000001
2014-10-29,NAHARPOLY,EQ,23.8,25.0,25.0,24.05,24.3,24.3,24.42,1171,2859840000.0,16.0,1109,0.9470999999999999
2014-10-30,NAHARPOLY,EQ,24.3,24.2,25.0,24.2,25.0,25.0,24.76,10248,25370245000.0,12.0,9920,0.968
2014-10-31,NAHARPOLY,EQ,25.0,24.65,25.45,24.5,24.5,24.6,24.89,2445,6086395000.0,13.0,1355,0.5542
2014-11-03,NAHARPOLY,EQ,24.6,24.6,26.2,24.45,24.7,24.7,25.06,1020,2555740000.0,8.0,420,0.4118
2014-11-05,NAHARPOLY,EQ,24.7,24.7,26.2,24.7,25.05,25.05,25.08,1018,2552655000.0,12.0,468,0.4597
2014-11-07,NAHARPOLY,EQ,25.05,25.0,27.5,25.0,26.0,26.0,26.42,3185,8414455000.0,16.0,2935,0.9215000000000001
2014-11-10,NAHARPOLY,EQ,26.0,25.35,27.0,25.35,27.0,26.95,26.69,2037,5436795000.0,7.0,2037,1.0
2014-11-11,NAHARPOLY,EQ,26.95,27.95,30.4,25.5,26.0,26.15,27.78,13781,38289440000.0,60.0,8808,0.6391
2014-11-12,NAHARPOLY,EQ,26.15,27.0,28.8,27.0,28.0,28.5,27.96,6606,18469925000.0,36.0,5692,0.8616
2014-11-13,NAHARPOLY,EQ,28.5,33.3,34.2,31.6,34.2,33.9,33.37,60349,201369800000.0,360.0,34706,0.5751
2014-11-14,NAHARPOLY,EQ,33.9,34.2,35.9,30.0,31.8,31.6,32.86,29280,96199500000.0,303.0,18784,0.6415000000000001
2014-11-17,NAHARPOLY,EQ,31.6,33.95,34.75,30.0,33.0,33.25,33.82,37968,128407080000.0,319.0,11039,0.2907
2014-11-18,NAHARPOLY,EQ,33.25,32.5,34.75,30.7,33.05,33.25,33.89,24291,82314285000.0,132.0,11321,0.4661
2014-11-19,NAHARPOLY,EQ,33.25,34.75,34.75,31.5,31.5,31.5,32.63,3176,10362330000.0,29.0,2997,0.9436
2014-11-20,NAHARPOLY,EQ,31.5,30.8,31.7,30.5,30.7,30.75,30.92,7984,24688845000.0,52.0,6999,0.8765999999999999
2014-11-21,NAHARPOLY,EQ,30.75,30.4,32.95,28.75,30.4,30.4,30.22,4367,13196925000.0,47.0,3006,0.6883
2014-11-24,NAHARPOLY,EQ,30.4,29.5,31.9,28.05,28.85,28.85,28.87,8860,25582670000.0,64.0,5341,0.6028
2014-11-25,NAHARPOLY,EQ,28.85,28.3,29.4,28.15,29.25,28.65,28.7,193,553975000.0,9.0,129,0.6684
2014-11-26,NAHARPOLY,EQ,28.65,28.0,30.4,27.0,29.75,29.85,29.7,5970,17732925000.0,34.0,5724,0.9588
2014-11-27,NAHARPOLY,EQ,29.85,29.0,32.15,29.0,32.15,32.05,31.75,16645,52843865000.0,157.0,14978,0.8998
2014-11-28,NAHARPOLY,EQ,32.05,31.0,34.4,29.75,32.7,32.75,33.24,25640,85232550000.0,246.0,11532,0.4498
2014-12-01,NAHARPOLY,EQ,32.75,33.0,33.0,32.9,32.9,32.9,32.92,4403,14496095000.000002,29.0,4147,0.9419
2014-12-02,NAHARPOLY,EQ,32.9,31.0,33.2,31.0,33.2,32.95,32.54,10847,35301140000.0,40.0,7335,0.6762
2014-12-03,NAHARPOLY,EQ,32.95,32.1,37.2,32.1,35.4,35.4,35.66,72042,256921960000.0,443.0,35050,0.4865
2014-12-04,NAHARPOLY,EQ,35.4,35.4,36.7,33.35,34.25,33.9,35.29,14702,51889935000.0,136.0,9533,0.6484000000000001
2014-12-05,NAHARPOLY,EQ,33.9,33.35,34.0,33.0,33.5,33.5,33.29,6517,21696510000.0,57.0,5511,0.8456
2014-12-08,NAHARPOLY,EQ,33.5,33.8,34.3,33.1,33.45,33.5,33.4,8587,28681515000.000004,70.0,7576,0.8823000000000001
2014-12-09,NAHARPOLY,EQ,33.5,34.0,34.4,31.9,32.2,32.7,33.43,15590,52122355000.0,94.0,12848,0.8240999999999999
2014-12-10,NAHARPOLY,EQ,32.7,32.1,33.0,31.1,32.25,32.05,31.91,9609,30657705000.0,43.0,7610,0.792
2014-12-11,NAHARPOLY,EQ,32.05,32.0,32.0,30.15,31.1,31.1,30.99,5898,18278630000.0,35.0,4807,0.8150000000000001
2014-12-12,NAHARPOLY,EQ,31.1,31.95,31.95,30.8,31.0,30.9,31.41,817,2565835000.0,9.0,686,0.8397
2014-12-15,NAHARPOLY,EQ,30.9,30.4,31.3,26.0,27.85,27.7,27.89,54143,151023100000.0,154.0,30247,0.5587
2014-12-16,NAHARPOLY,EQ,27.7,27.7,28.75,25.55,28.75,28.55,27.7,3969,10995070000.0,36.0,1486,0.3744
2014-12-17,NAHARPOLY,EQ,28.55,27.0,27.5,26.5,27.0,26.95,27.0,3397,9172625000.0,31.0,2286,0.6729
2014-12-18,NAHARPOLY,EQ,26.95,28.95,29.7,27.45,28.5,28.5,28.23,5576,15743150000.0,27.0,2921,0.5239
2014-12-19,NAHARPOLY,EQ,28.5,32.1,32.1,28.55,29.75,29.45,29.72,2967,8816680000.0,23.0,1626,0.5479999999999999
2014-12-22,NAHARPOLY,EQ,29.45,32.05,32.05,30.05,31.3,30.7,30.59,1430,4374640000.0,14.0,994,0.6951
2014-12-23,NAHARPOLY,EQ,30.7,30.0,30.0,28.0,29.05,29.05,29.06,438,1272720000.0,11.0,406,0.9269
2014-12-24,NAHARPOLY,EQ,29.05,28.7,29.0,28.6,28.6,28.65,28.64,3170,9079700000.0,10.0,3170,1.0
2014-12-29,NAHARPOLY,EQ,28.65,29.95,31.4,29.0,29.0,29.7,30.5,15679,47816020000.0,39.0,11564,0.7375
2014-12-30,NAHARPOLY,EQ,29.7,29.0,29.0,28.1,28.8,28.6,28.59,318,909165000.0,13.0,267,0.8395999999999999
2014-12-31,NAHARPOLY,EQ,28.6,28.1,30.15,28.1,30.15,30.15,28.65,175,501375000.0,3.0,150,0.8571
2015-01-01,NAHARPOLY,EQ,30.15,29.0,29.8,28.1,29.3,28.65,28.79,4706,13548845000.000002,27.0,3948,0.8389
2015-01-02,NAHARPOLY,EQ,28.65,28.6,30.7,28.6,30.1,30.1,29.82,4321,12885460000.0,24.0,3671,0.8495999999999999
2015-01-05,NAHARPOLY,EQ,30.1,31.0,31.7,29.5,29.95,29.95,31.0,3729,11559410000.0,24.0,3103,0.8321
2015-01-06,NAHARPOLY,EQ,29.95,28.55,30.0,28.5,28.55,28.55,29.35,1687,4950740000.0,24.0,1527,0.9052
2015-01-07,NAHARPOLY,EQ,28.55,27.2,30.85,27.0,28.65,28.75,29.04,871,2529585000.0,12.0,761,0.8737
2015-01-08,NAHARPOLY,EQ,28.75,34.3,34.3,26.85,27.5,27.5,27.19,36326,98781600000.0,156.0,23535,0.6479
2015-01-09,NAHARPOLY,EQ,27.5,27.2,29.1,27.0,28.0,28.0,27.9,1629,4544230000.0,21.0,1613,0.9902
2015-01-12,NAHARPOLY,EQ,28.0,27.2,28.0,26.9,27.2,27.2,27.39,4056,11110640000.0,31.0,3974,0.9798000000000001
2015-01-13,NAHARPOLY,EQ,27.2,26.5,27.95,26.1,27.7,27.7,27.38,3091,8463605000.0,19.0,2990,0.9673
2015-01-14,NAHARPOLY,EQ,27.7,26.65,26.65,26.65,26.65,26.65,26.65,240,639600000.0,2.0,120,0.5
2015-01-15,NAHARPOLY,EQ,26.65,26.65,27.9,26.65,27.05,27.05,27.01,1774,4792265000.0,9.0,1771,0.9983
2015-01-16,NAHARPOLY,EQ,27.05,26.5,27.95,25.1,27.9,27.9,27.44,887,2434070000.0,16.0,725,0.8174
2015-01-19,NAHARPOLY,EQ,27.9,28.5,28.5,26.15,26.45,26.7,26.71,1138,3039045000.0,18.0,835,0.7337
2015-01-20,NAHARPOLY,EQ,26.7,26.5,27.0,26.1,27.0,27.0,26.87,2830,7603105000.0,24.0,2283,0.8067000000000001
2015-01-21,NAHARPOLY,EQ,27.0,26.75,27.25,26.15,26.95,26.65,26.42,1571,4151044999.9999995,20.0,1485,0.9453
2015-01-22,NAHARPOLY,EQ,26.65,26.5,26.5,26.2,26.2,26.2,26.24,213,558840000.0,7.0,212,0.9953000000000001
2015-01-23,NAHARPOLY,EQ,26.2,26.1,28.45,26.1,26.25,26.3,26.55,1431,3799269999.9999995,9.0,1231,0.8602
2015-01-27,NAHARPOLY,EQ,26.3,26.5,26.5,25.0,26.0,25.9,25.71,3867,9942265000.0,25.0,3161,0.8174
2015-01-28,NAHARPOLY,EQ,25.9,25.5,25.8,24.65,25.8,25.75,25.08,1101,2760995000.0,20.0,799,0.7256999999999999
2015-01-29,NAHARPOLY,EQ,25.75,25.5,26.0,24.3,25.4,25.35,25.18,2767,6968170000.0,29.0,2505,0.9053
2015-01-30,NAHARPOLY,EQ,25.35,24.95,29.9,24.95,25.85,25.85,25.79,4964,12803325000.0,29.0,4625,0.9317000000000001
2015-02-02,NAHARPOLY,EQ,25.85,25.0,25.75,25.0,25.75,25.7,25.32,658,1666050000.0,5.0,628,0.9544
2015-02-03,NAHARPOLY,EQ,25.7,25.3,26.0,23.75,25.4,25.5,25.16,12640,31798665000.000004,53.0,4049,0.32030000000000003
2015-02-04,NAHARPOLY,EQ,25.5,25.0,25.0,22.95,23.35,23.3,23.13,27703,64076269999.99999,118.0,21723,0.7841
2015-02-05,NAHARPOLY,EQ,23.3,22.5,23.8,21.0,22.3,22.3,22.37,3391,7584660000.000001,35.0,2318,0.6836
2015-02-06,NAHARPOLY,EQ,22.3,21.5,22.25,21.0,21.5,21.5,21.3,1990,4239580000.0000005,19.0,1857,0.9331999999999999
2015-02-09,NAHARPOLY,EQ,21.5,21.0,21.0,20.0,20.0,20.0,20.07,2846,5710695000.0,29.0,2283,0.8022
2015-02-10,NAHARPOLY,EQ,20.0,20.0,22.0,18.3,19.3,19.2,21.28,11191,23811365000.0,20.0,10864,0.9708
2015-02-11,NAHARPOLY,EQ,19.2,20.0,20.0,18.6,19.5,19.5,19.49,4181,8148710000.000001,24.0,4179,0.9995
2015-02-12,NAHARPOLY,EQ,19.5,19.05,19.5,19.0,19.2,19.2,19.17,5504,10549385000.0,30.0,3953,0.7182
2015-02-13,NAHARPOLY,EQ,19.2,20.0,20.6,18.6,20.6,20.6,20.35,2112,4298115000.0,13.0,2069,0.9795999999999999
2015-02-16,NAHARPOLY,EQ,20.6,20.0,20.3,18.5,19.9,19.9,19.67,3162,6220900000.0,22.0,2655,0.8397
2015-02-18,NAHARPOLY,EQ,19.9,19.5,20.4,18.25,19.75,19.75,19.04,6492,12362870000.0,49.0,3972,0.6118
2015-02-19,NAHARPOLY,EQ,19.75,19.75,20.9,19.75,20.55,20.55,20.53,4253,8729700000.0,19.0,3924,0.9226000000000001
2015-02-20,NAHARPOLY,EQ,20.55,20.05,21.95,20.05,21.25,21.25,21.38,2375,5077895000.0,13.0,2375,1.0
2015-02-23,NAHARPOLY,EQ,21.25,20.85,22.5,20.85,21.25,21.45,21.83,1447,3159275000.0,16.0,996,0.6883
2015-02-24,NAHARPOLY,EQ,21.45,20.6,22.3,20.55,21.1,21.05,21.08,2127,4482960000.0,18.0,1425,0.67
2015-02-25,NAHARPOLY,EQ,21.05,21.5,21.5,21.0,21.0,21.0,21.17,1830,3874130000.0000005,9.0,1506,0.823
2015-02-26,NAHARPOLY,EQ,21.0,20.8,20.8,20.5,20.5,20.5,20.63,1201,2478050000.0,9.0,1200,0.9992000000000001
2015-02-27,NAHARPOLY,EQ,20.5,21.25,21.25,20.1,20.15,20.15,20.17,728,1468725000.0,6.0,728,1.0
2015-02-28,NAHARPOLY,EQ,20.15,20.3,20.3,20.3,20.3,20.3,20.3,125,253750000.0,2.0,125,1.0
2015-03-02,NAHARPOLY,EQ,20.3,24.25,24.25,19.65,21.4,21.4,21.57,5375,11594265000.0,44.0,4800,0.893
2015-03-03,NAHARPOLY,EQ,21.4,20.0,21.7,20.0,21.5,21.5,21.31,1369,2917160000.0,13.0,1365,0.9971
2015-03-04,NAHARPOLY,EQ,21.5,20.0,21.95,19.0,21.5,21.5,19.86,11089,22023250000.0,17.0,11065,0.9978
2015-03-05,NAHARPOLY,EQ,21.5,20.7,22.0,20.7,21.0,21.0,21.5,1578,3392225000.0,12.0,1568,0.9937
2015-03-09,NAHARPOLY,EQ,21.0,20.4,20.4,19.45,19.85,19.85,19.88,542,1077230000.0,18.0,535,0.9871
2015-03-10,NAHARPOLY,EQ,19.85,20.9,20.9,19.65,20.1,20.1,20.27,1960,3972550000.0,27.0,1665,0.8495
2015-03-11,NAHARPOLY,EQ,20.1,20.3,20.3,19.65,19.65,19.65,19.88,3406,6772789999.999999,8.0,1406,0.4128
2015-03-12,NAHARPOLY,EQ,19.65,19.5,20.3,18.4,20.05,20.05,19.98,2780,5554915000.0,33.0,2212,0.7957
2015-03-13,NAHARPOLY,EQ,20.05,20.2,20.2,19.5,19.5,19.5,19.83,40,79320000.0,4.0,40,1.0
2015-03-16,NAHARPOLY,EQ,19.5,18.2,23.3,18.2,19.8,19.3,19.33,6508,12577205000.0,37.0,5363,0.8240999999999999
2015-03-17,NAHARPOLY,EQ,19.3,20.4,20.4,19.75,20.0,20.0,19.94,788,1571525000.0,6.0,788,1.0
2015-03-18,NAHARPOLY,EQ,20.0,19.95,20.95,19.95,20.95,20.95,20.66,2238,4623170000.0,14.0,2238,1.0
2015-03-19,NAHARPOLY,EQ,20.95,22.3,23.95,20.95,23.0,23.0,23.25,12237,28449250000.0,47.0,10571,0.8639
2015-03-20,NAHARPOLY,EQ,23.0,24.9,24.9,21.75,21.95,22.0,22.73,12976,29494434999.999996,42.0,12272,0.9457
2015-03-23,NAHARPOLY,EQ,22.0,21.5,21.5,20.55,21.0,21.0,20.61,4731,9750610000.0,15.0,4727,0.9992000000000001
2015-03-24,NAHARPOLY,EQ,21.0,20.5,21.1,19.5,20.55,20.55,20.25,8578,17373750000.0,20.0,5198,0.606
2015-03-25,NAHARPOLY,EQ,20.55,20.5,21.4,19.1,21.4,21.05,20.79,3285,6828530000.0,13.0,2978,0.9065000000000001
2015-03-26,NAHARPOLY,EQ,21.05,21.4,21.4,20.9,20.9,20.9,20.97,1100,2306500000.0,4.0,1100,1.0
2015-03-27,NAHARPOLY,EQ,20.9,20.5,20.5,18.9,20.2,20.2,19.56,2030,3971160000.0,13.0,1028,0.5064
2015-03-30,NAHARPOLY,EQ,20.2,20.6,20.6,20.6,20.6,20.6,20.6,329,677740000.0,4.0,329,1.0
2015-03-31,NAHARPOLY,EQ,20.6,20.05,20.55,20.05,20.55,20.5,20.36,1447,2945790000.0,7.0,1446,0.9993000000000001
2015-04-01,NAHARPOLY,EQ,20.5,20.65,22.7,20.65,22.25,22.25,22.35,1664,3719069999.9999995,12.0,1011,0.6076
2015-04-06,NAHARPOLY,EQ,22.25,22.15,22.3,21.55,22.3,22.3,21.77,620,1349600000.0,3.0,620,1.0
2015-04-07,NAHARPOLY,EQ,22.3,22.0,22.0,21.65,21.65,21.65,21.88,300,656500000.0,3.0,300,1.0
2015-04-08,NAHARPOLY,EQ,21.65,21.8,22.5,21.8,21.8,21.8,21.81,6672,14551960000.0,45.0,6672,1.0
2015-04-09,NAHARPOLY,EQ,21.8,21.85,22.5,21.85,22.5,22.5,22.02,328,722195000.0,6.0,328,1.0
2015-04-10,NAHARPOLY,EQ,22.5,22.5,23.0,22.25,23.0,22.9,22.73,2957,6721495000.0,12.0,2957,1.0
2015-04-13,NAHARPOLY,EQ,22.9,22.4,24.0,20.7,24.0,23.4,23.15,3256,7536605000.0,26.0,1951,0.5992000000000001
2015-04-15,NAHARPOLY,EQ,23.4,23.0,23.4,22.3,23.2,23.2,23.17,3006,6964985000.000001,21.0,2904,0.9661000000000001
2015-04-16,NAHARPOLY,EQ,23.2,23.5,23.9,23.5,23.5,23.5,23.66,1094,2588150000.0,8.0,1094,1.0
2015-04-17,NAHARPOLY,EQ,23.5,24.0,24.5,23.5,23.85,24.2,24.13,2480,5985310000.0,12.0,2110,0.8508
2015-04-20,NAHARPOLY,EQ,24.2,24.9,24.9,23.05,24.9,24.9,24.57,14342,35236035000.0,37.0,14027,0.978
2015-04-21,NAHARPOLY,EQ,24.9,25.0,25.0,23.75,24.25,24.25,24.73,1620,4005530000.0000005,15.0,1494,0.9222
2015-04-22,NAHARPOLY,EQ,24.25,23.0,25.95,21.75,24.55,24.55,24.48,1768,4328320000.0,24.0,1443,0.8162
2015-04-23,NAHARPOLY,EQ,24.55,24.05,24.25,24.05,24.25,24.25,24.1,331,797760000.0,3.0,331,1.0
2015-04-24,NAHARPOLY,EQ,24.25,24.0,24.0,23.25,23.5,23.5,23.47,409,960075000.0,7.0,408,0.9976
2015-04-27,NAHARPOLY,EQ,23.5,23.5,23.5,23.5,23.5,23.5,23.5,368,864800000.0,2.0,368,1.0
2015-04-28,NAHARPOLY,EQ,23.5,24.0,24.0,23.5,23.5,23.5,23.65,10,23650000.0,2.0,10,1.0
2015-04-29,NAHARPOLY,EQ,23.5,24.0,25.0,24.0,25.0,25.0,24.92,3150,7849625000.0,7.0,3150,1.0
2015-04-30,NAHARPOLY,EQ,25.0,24.0,27.0,23.7,24.15,24.15,24.86,1394,3465560000.0,10.0,1056,0.7575000000000001
2015-05-04,NAHARPOLY,EQ,24.15,24.0,26.85,22.65,26.5,26.5,24.78,793,1965334999.9999998,12.0,616,0.7768
2015-05-05,NAHARPOLY,EQ,26.5,26.0,26.0,22.4,26.0,25.95,25.15,3093,7778914999.999999,46.0,2058,0.6654000000000001
2015-05-06,NAHARPOLY,EQ,25.95,25.4,25.4,24.05,24.4,24.4,24.31,1623,3945930000.0000005,10.0,1610,0.9920000000000001
2015-05-07,NAHARPOLY,EQ,24.4,24.25,24.25,24.25,24.25,24.25,24.25,1200,2910000000.0,2.0,1200,1.0
2015-05-08,NAHARPOLY,EQ,24.25,24.3,25.0,23.5,24.25,24.25,24.74,8187,20250680000.0,14.0,7050,0.8611
2015-05-11,NAHARPOLY,EQ,24.25,24.05,24.5,24.05,24.3,24.3,24.29,468,1136740000.0,5.0,468,1.0
2015-05-12,NAHARPOLY,EQ,24.3,23.8,26.4,23.05,26.15,26.15,25.45,6755,17190305000.0,31.0,5980,0.8853
2015-05-13,NAHARPOLY,EQ,26.15,27.0,27.0,24.0,24.55,24.55,24.84,778,1932705000.0,12.0,724,0.9306000000000001
2015-05-15,NAHARPOLY,EQ,24.55,24.6,25.5,24.6,25.0,25.0,25.45,4958,12617090000.0,7.0,4958,1.0
2015-05-18,NAHARPOLY,EQ,25.0,24.65,25.3,24.6,25.25,25.25,24.99,21885,54682805000.00001,16.0,21879,0.9997
2015-05-19,NAHARPOLY,EQ,25.25,25.1,25.9,25.0,25.0,25.0,25.01,13724,34330270000.0,15.0,13724,1.0
2015-05-20,NAHARPOLY,EQ,25.0,25.85,26.0,24.7,25.7,24.9,25.43,15735,40013370000.0,16.0,15701,0.9978
2015-05-21,NAHARPOLY,EQ,24.9,25.9,26.15,25.05,26.15,26.15,25.96,65121,169037030000.0,28.0,57244,0.8790000000000001
2015-05-22,NAHARPOLY,EQ,26.15,25.5,25.5,24.65,25.0,25.0,25.16,434,1091795000.0,7.0,431,0.9931000000000001
2015-05-25,NAHARPOLY,EQ,25.0,24.5,26.0,23.8,26.0,26.0,24.99,4386,10959720000.0,16.0,2808,0.6402
2015-05-26,NAHARPOLY,EQ,26.0,25.5,25.5,24.5,24.5,24.85,24.99,18095,45221570000.0,33.0,16761,0.9263
2015-05-27,NAHARPOLY,EQ,24.85,25.95,26.0,24.85,25.1,25.1,25.7,7394,19003755000.0,18.0,5000,0.6762
2015-05-28,NAHARPOLY,EQ,25.1,24.95,25.9,24.0,25.0,25.0,24.99,1123,2805845000.0,15.0,1104,0.9831000000000001
2015-05-29,NAHARPOLY,EQ,25.0,24.3,25.4,22.85,25.0,25.0,23.82,89,211994999.99999997,16.0,50,0.5618
2015-06-01,NAHARPOLY,EQ,25.0,24.3,24.3,22.05,23.9,22.15,23.59,1243,2932060000.0,23.0,1131,0.9098999999999999
2015-06-02,NAHARPOLY,EQ,22.15,23.9,25.2,23.9,25.2,24.75,24.75,7176,17763210000.0,36.0,4776,0.6656000000000001
2015-06-03,NAHARPOLY,EQ,24.75,24.75,25.15,24.05,24.95,24.95,24.58,8360,20551600000.0,15.0,8360,1.0
2015-06-04,NAHARPOLY,EQ,24.95,24.95,25.55,24.5,25.55,25.55,25.19,8,20155000.0,3.0,4,0.5
2015-06-05,NAHARPOLY,EQ,25.55,25.3,25.5,24.1,25.4,25.4,25.07,693,1737550000.0,7.0,453,0.6537000000000001
2015-06-08,NAHARPOLY,EQ,25.4,25.4,25.5,24.15,25.5,25.4,25.38,15208,38601700000.0,25.0,14479,0.9521
2015-06-10,NAHARPOLY,EQ,25.4,24.0,24.75,23.35,24.15,24.65,24.27,873,2118495000.0,16.0,468,0.5361
2015-06-11,NAHARPOLY,EQ,24.65,24.05,24.4,24.05,24.4,24.4,24.33,87,211685000.0,2.0,87,1.0
2015-06-12,NAHARPOLY,EQ,24.4,24.3,24.55,24.25,24.55,24.55,24.41,2194,5355450000.0,4.0,1194,0.5442
2015-06-15,NAHARPOLY,EQ,24.55,24.65,24.65,24.65,24.65,24.65,24.65,114,281010000.0,1.0,114,1.0
2015-06-16,NAHARPOLY,EQ,24.65,24.65,24.65,22.0,24.55,24.55,24.17,478,1155190000.0,10.0,402,0.841
2015-06-17,NAHARPOLY,EQ,24.55,24.0,25.75,22.2,24.3,24.3,24.07,8222,19792265000.0,23.0,8026,0.9762000000000001
2015-06-18,NAHARPOLY,EQ,24.3,24.0,24.3,22.35,24.3,24.3,23.9,572,1367190000.0,11.0,457,0.799
2015-06-19,NAHARPOLY,EQ,24.3,24.0,26.9,23.05,24.75,24.75,24.9,1441,3588310000.0,11.0,1126,0.7814
2015-06-22,NAHARPOLY,EQ,24.75,24.0,25.8,24.0,25.5,25.45,24.68,1319,3254985000.0,12.0,1091,0.8271
2015-06-23,NAHARPOLY,EQ,25.45,24.2,26.25,24.2,26.25,25.5,25.02,1860,4653360000.0,10.0,1300,0.6989
2015-06-24,NAHARPOLY,EQ,25.5,25.0,25.75,25.0,25.75,25.75,25.61,1710,4378550000.0,10.0,1505,0.8801000000000001
2015-06-25,NAHARPOLY,EQ,25.75,25.8,27.0,25.75,27.0,26.55,26.29,5250,13803125000.0,28.0,3100,0.5905
2015-06-26,NAHARPOLY,EQ,26.55,27.45,27.45,26.5,26.55,26.5,26.86,650,1746059999.9999998,12.0,613,0.9431
2015-06-29,NAHARPOLY,EQ,26.5,25.5,26.9,24.5,26.9,26.9,25.61,1156,2960885000.0,19.0,878,0.7595000000000001
2015-06-30,NAHARPOLY,EQ,26.9,25.8,26.5,25.8,26.2,26.2,26.25,1360,3569400000.0,6.0,1360,1.0
2015-07-01,NAHARPOLY,EQ,26.2,25.5,27.5,24.7,27.0,27.15,26.95,3730,10050640000.0,24.0,2089,0.5601
2015-07-02,NAHARPOLY,EQ,27.15,26.5,28.0,24.7,26.3,26.3,26.48,1008,2669230000.0,15.0,1005,0.997
2015-07-03,NAHARPOLY,EQ,26.3,27.5,28.0,26.45,28.0,27.55,27.12,24931,67602885000.0,37.0,24518,0.9834
2015-07-06,NAHARPOLY,EQ,27.55,27.5,29.0,27.35,29.0,28.8,27.88,40607,113215789999.99998,36.0,38166,0.9399
2015-07-07,NAHARPOLY,EQ,28.8,29.15,30.75,29.15,30.75,30.3,29.99,13266,39781655000.0,67.0,10306,0.7769
2015-07-08,NAHARPOLY,EQ,30.3,30.75,30.75,28.55,29.5,29.5,29.45,2739,8067189999.999999,28.0,2237,0.8167
2015-07-09,NAHARPOLY,EQ,29.5,31.3,31.3,29.1,30.95,30.05,29.66,7123,21128075000.0,30.0,7049,0.9895999999999999
2015-07-10,NAHARPOLY,EQ,30.05,30.5,34.0,30.05,30.9,30.8,31.46,4717,14839920000.000002,39.0,2983,0.6324000000000001
2015-07-13,NAHARPOLY,EQ,30.8,32.45,32.45,30.15,30.5,30.45,30.92,2541,7855889999.999999,24.0,2171,0.8544
2015-07-14,NAHARPOLY,EQ,30.45,32.4,32.4,30.25,30.25,30.3,30.82,2696,8310250000.0,20.0,2285,0.8476
2015-07-15,NAHARPOLY,EQ,30.3,32.0,32.8,30.45,31.5,31.85,31.56,6594,20809030000.0,56.0,4966,0.7531
2015-07-16,NAHARPOLY,EQ,31.85,32.9,32.95,30.8,30.8,30.8,31.45,3511,11041695000.0,23.0,2727,0.7767000000000001
2015-07-17,NAHARPOLY,EQ,30.8,31.1,32.2,29.3,32.0,31.85,30.91,2621,8101189999.999999,32.0,2533,0.9664
2015-07-20,NAHARPOLY,EQ,31.85,29.4,31.0,29.4,30.2,30.2,30.67,4236,12990625000.0,29.0,3539,0.8355
2015-07-21,NAHARPOLY,EQ,30.2,30.25,30.5,29.65,29.65,29.8,29.96,1761,5276575000.0,22.0,1725,0.9795999999999999
2015-07-22,NAHARPOLY,EQ,29.8,29.5,30.8,29.5,30.0,30.0,30.13,1220,3676105000.0000005,10.0,1220,1.0
2015-07-23,NAHARPOLY,EQ,30.0,29.5,30.75,29.5,30.3,30.2,29.97,8094,24257120000.0,31.0,4530,0.5597
2015-07-24,NAHARPOLY,EQ,30.2,30.0,31.7,29.85,30.6,30.5,30.39,5597,17008015000.0,37.0,5533,0.9886
2015-07-27,NAHARPOLY,EQ,30.5,29.0,30.45,28.1,30.45,30.45,29.58,3648,10789240000.0,19.0,2775,0.7606999999999999
2015-07-28,NAHARPOLY,EQ,30.45,29.7,30.0,29.55,29.6,29.6,29.63,3038,9000255000.0,9.0,2838,0.9342
2015-07-29,NAHARPOLY,EQ,29.6,30.05,32.25,30.05,32.0,31.85,31.64,6275,19852210000.0,48.0,3940,0.6279
2015-07-30,NAHARPOLY,EQ,31.85,32.1,32.1,29.0,30.25,30.1,30.79,3992,12292705000.0,35.0,3489,0.8740000000000001
2015-07-31,NAHARPOLY,EQ,30.1,30.1,34.5,30.1,34.5,32.7,32.27,6412,20690565000.0,49.0,6412,1.0
2015-08-03,NAHARPOLY,EQ,32.7,33.0,35.9,32.3,34.65,34.25,34.25,44301,151718675000.0,171.0,31037,0.7006
2015-08-04,NAHARPOLY,EQ,34.25,34.15,36.0,34.15,34.9,35.55,35.18,24418,85890710000.0,136.0,20290,0.8309000000000001
2015-08-05,NAHARPOLY,EQ,35.55,35.5,37.9,35.5,36.0,36.3,36.74,25419,93378400000.0,147.0,19792,0.7786
2015-08-06,NAHARPOLY,EQ,36.3,38.55,43.55,38.55,43.55,43.55,41.91,207382,869125394999.9999,1140.0,113377,0.5467000000000001
2015-08-07,NAHARPOLY,EQ,43.55,44.0,44.3,39.5,40.45,40.1,41.87,98601,412888590000.0,860.0,61498,0.6237
2015-08-10,NAHARPOLY,EQ,40.1,41.0,42.45,39.5,40.45,40.55,41.5,30597,126972914999.99998,305.0,22927,0.7493000000000001
2015-08-11,NAHARPOLY,EQ,40.55,40.6,42.0,37.7,37.85,38.3,38.64,12418,47988990000.0,140.0,9235,0.7437
2015-08-12,NAHARPOLY,EQ,38.3,38.0,40.0,35.2,37.0,37.0,36.73,5759,21154645000.0,78.0,5267,0.9146
2015-08-13,NAHARPOLY,EQ,37.0,36.25,37.4,36.2,36.2,36.25,36.49,17857,65162490000.0,51.0,17517,0.981
2015-08-14,NAHARPOLY,EQ,36.25,36.5,39.8,36.5,38.5,38.0,37.53,15063,56524155000.00001,148.0,12635,0.8388
2015-08-17,NAHARPOLY,EQ,38.0,37.2,40.0,37.2,38.8,37.65,38.59,3307,12760885000.0,49.0,2198,0.6647
2015-08-18,NAHARPOLY,EQ,37.65,37.85,40.0,37.85,39.25,39.25,38.9,1744,6785030000.0,39.0,1307,0.7494
2015-08-19,NAHARPOLY,EQ,39.25,35.35,39.8,35.35,39.0,39.45,39.34,13281,52244900000.0,67.0,12873,0.9693
2015-08-20,NAHARPOLY,EQ,39.45,36.25,39.5,36.25,38.45,38.45,37.99,4588,17429725000.0,31.0,3857,0.8407
2015-08-21,NAHARPOLY,EQ,38.45,34.65,38.85,34.65,36.85,36.85,36.89,2286,8433470000.0,25.0,2089,0.9138
2015-08-24,NAHARPOLY,EQ,36.85,34.8,36.05,33.2,33.25,33.25,34.48,5942,20488580000.0,55.0,5496,0.9248999999999999
2015-08-25,NAHARPOLY,EQ,33.25,30.5,35.75,30.5,32.55,33.2,32.55,4936,16068829999.999998,93.0,3991,0.8085
2015-08-26,NAHARPOLY,EQ,33.2,32.1,35.95,32.0,33.2,34.0,33.79,3369,11385515000.0,30.0,1840,0.5462
2015-08-27,NAHARPOLY,EQ,34.0,32.6,35.0,32.6,34.0,34.0,34.08,1671,5695075000.0,44.0,1558,0.9324
2015-08-28,NAHARPOLY,EQ,34.0,32.5,34.95,32.5,34.95,34.6,34.02,1477,5024300000.0,23.0,1352,0.9154000000000001
2015-08-31,NAHARPOLY,EQ,34.6,31.5,34.0,31.5,33.0,33.15,33.16,1552,5146655000.0,7.0,1550,0.9987
2015-09-01,NAHARPOLY,EQ,33.15,32.8,36.0,31.15,35.7,33.7,32.9,11866,39038165000.0,49.0,9091,0.7661
2015-09-02,NAHARPOLY,EQ,33.7,36.7,36.95,33.05,34.95,34.2,33.93,3706,12573985000.0,44.0,2221,0.5993
2015-09-03,NAHARPOLY,EQ,34.2,34.15,36.0,32.7,35.0,35.1,35.4,6002,21247730000.0,49.0,4926,0.8207
2015-09-04,NAHARPOLY,EQ,35.1,32.5,36.5,32.1,35.0,35.55,35.52,9675,34361820000.0,33.0,9080,0.9385
2015-09-07,NAHARPOLY,EQ,35.55,35.5,37.0,33.65,34.05,34.05,34.42,1308,4501715000.0,16.0,1012,0.7737
2015-09-08,NAHARPOLY,EQ,34.05,33.05,37.7,33.05,34.0,34.0,34.0,1020,3467885000.0,18.0,818,0.802
2015-09-09,NAHARPOLY,EQ,34.0,36.8,36.8,33.75,34.0,34.3,34.32,1081,3710400000.0,39.0,641,0.593
2015-09-10,NAHARPOLY,EQ,34.3,34.0,34.0,33.6,33.6,33.6,33.99,511,1737000000.0,3.0,511,1.0
2015-09-11,NAHARPOLY,EQ,33.6,33.5,34.0,33.5,33.9,33.95,33.76,79,266710000.0,6.0,39,0.49369999999999997
2015-09-14,NAHARPOLY,EQ,33.95,32.8,34.75,32.8,34.75,34.75,34.03,1575,5359180000.0,20.0,1486,0.9435
2015-09-15,NAHARPOLY,EQ,34.75,33.5,34.7,33.05,34.2,33.85,33.78,5547,18740065000.0,80.0,2656,0.47880000000000006
2015-09-16,NAHARPOLY,EQ,33.85,33.2,34.0,33.0,33.1,33.1,33.21,3381,11228495000.0,19.0,2846,0.8418000000000001
2015-09-18,NAHARPOLY,EQ,33.1,33.05,35.05,30.2,31.25,30.65,32.49,2383,7742314999.999999,29.0,2349,0.9856999999999999
2015-09-21,NAHARPOLY,EQ,30.65,30.5,33.6,30.2,32.5,32.4,31.6,5940,18772050000.0,85.0,5045,0.8493
2015-09-22,NAHARPOLY,EQ,32.4,32.35,38.85,32.35,36.5,36.65,37.24,44631,166225065000.0,406.0,32999,0.7394
2015-09-23,NAHARPOLY,EQ,36.65,35.0,38.9,35.0,38.5,38.35,37.8,17563,66389165000.0,243.0,12845,0.7314
2015-09-24,NAHARPOLY,EQ,38.35,37.8,38.5,37.2,37.5,38.0,37.77,9037,34130570000.0,29.0,6884,0.7618
2015-09-28,NAHARPOLY,EQ,38.0,35.1,38.0,35.1,37.25,37.25,36.89,3840,14166040000.0,50.0,3300,0.8593999999999999
2015-09-29,NAHARPOLY,EQ,37.25,35.0,37.0,35.0,37.0,35.95,35.67,844,3010845000.0,17.0,716,0.8483
2015-09-30,NAHARPOLY,EQ,35.95,35.8,37.1,35.8,37.1,37.0,36.49,612,2233415000.0,9.0,611,0.9984000000000001
2015-10-01,NAHARPOLY,EQ,37.0,36.35,37.2,36.35,37.2,37.2,36.9,1556,5741260000.0,12.0,1356,0.8715
2015-10-05,NAHARPOLY,EQ,37.2,36.25,37.5,34.5,35.3,35.7,35.77,14587,52172690000.0,46.0,11232,0.77
2015-10-06,NAHARPOLY,EQ,35.7,38.25,38.25,35.0,36.15,36.15,35.73,3803,13586404999.999998,26.0,2677,0.7039
2015-10-07,NAHARPOLY,EQ,36.15,36.1,37.8,36.1,37.25,37.2,37.24,8479,31578559999.999996,31.0,8071,0.9519
2015-10-08,NAHARPOLY,EQ,37.2,37.0,37.25,37.0,37.0,37.0,37.11,3869,14356075000.0,10.0,3869,1.0
2015-10-09,NAHARPOLY,EQ,37.0,37.1,38.0,36.8,37.0,37.0,37.1,19321,71686640000.0,42.0,18521,0.9586
2015-10-12,NAHARPOLY,EQ,37.0,42.4,42.4,37.0,40.25,39.85,38.71,18228,70558120000.0,119.0,14988,0.8223
2015-10-13,NAHARPOLY,EQ,39.85,40.2,47.6,40.2,47.3,46.95,44.43,86299,383385630000.0,591.0,61817,0.7162999999999999
2015-10-14,NAHARPOLY,EQ,46.95,48.75,51.65,45.55,47.05,47.2,49.28,168938,832561120000.0,1621.0,113270,0.6705
2015-10-15,NAHARPOLY,EQ,47.2,49.95,50.9,46.8,47.5,47.3,48.43,146261,708367770000.0,686.0,73416,0.502
2015-10-16,NAHARPOLY,EQ,47.3,46.0,48.0,45.5,46.0,46.4,47.2,9899,46719575000.0,117.0,7581,0.7658
2015-10-19,NAHARPOLY,EQ,46.4,46.15,48.8,46.15,47.0,47.35,47.37,9285,43979635000.0,81.0,7515,0.8094
2015-10-20,NAHARPOLY,EQ,47.35,47.3,48.95,46.3,48.0,47.2,47.78,16094,76889170000.0,163.0,10990,0.6829000000000001
2015-10-21,NAHARPOLY,EQ,47.2,48.9,48.9,46.3,46.85,46.9,47.17,18508,87299250000.0,129.0,15139,0.818
2015-10-23,NAHARPOLY,EQ,46.9,46.35,53.6,45.5,52.65,51.85,50.99,144285,735702730000.0,1242.0,73205,0.5074000000000001
2015-10-26,NAHARPOLY,EQ,51.85,54.0,62.2,53.5,62.2,62.2,59.57,272175,1621421365000.0,3002.0,142881,0.525
2015-10-27,NAHARPOLY,EQ,62.2,63.7,63.9,58.5,58.5,58.7,60.11,202020,1214434580000.0,1826.0,88231,0.43670000000000003
2015-10-28,NAHARPOLY,EQ,58.7,59.5,61.05,58.0,58.0,58.45,59.02,47227,278732600000.0,578.0,28674,0.6072
2015-10-29,NAHARPOLY,EQ,58.45,58.6,62.0,56.2,58.3,59.3,60.23,101229,609700075000.0,1067.0,43123,0.42600000000000005
2015-10-30,NAHARPOLY,EQ,59.3,60.3,64.45,58.25,59.5,59.55,62.24,215531,1341457130000.0,1826.0,67779,0.3145
2015-11-02,NAHARPOLY,EQ,59.55,58.0,62.5,58.0,59.35,59.85,60.13,67013,402957170000.0,665.0,29539,0.44079999999999997
2015-11-03,NAHARPOLY,EQ,59.85,60.0,62.25,59.0,59.2,59.6,61.03,66951,408631975000.0,727.0,20275,0.3028
2015-11-04,NAHARPOLY,EQ,59.6,60.0,61.65,59.1,59.85,59.8,60.38,37770,228049175000.0,286.0,23460,0.6211
2015-11-05,NAHARPOLY,EQ,59.8,59.7,60.9,57.0,57.2,57.65,58.93,19862,117039705000.0,218.0,11406,0.5743
2015-11-06,NAHARPOLY,EQ,57.65,56.1,58.9,55.85,56.45,56.2,56.64,21807,123513185000.00002,284.0,11517,0.5281
2015-11-09,NAHARPOLY,EQ,56.2,53.2,57.8,53.2,54.5,54.6,54.89,46967,257822225000.0,454.0,32228,0.6862
2015-11-10,NAHARPOLY,EQ,54.6,55.4,59.25,55.0,56.0,55.75,56.66,24801,140521480000.0,264.0,10877,0.4386
2015-11-11,NAHARPOLY,EQ,55.75,53.0,53.0,50.2,50.2,50.2,51.02,35246,179832200000.0,248.0,27762,0.7877
2015-11-13,NAHARPOLY,EQ,50.2,48.0,49.8,45.2,45.4,45.5,46.39,44501,206420290000.0,507.0,29722,0.6679
2015-11-16,NAHARPOLY,EQ,45.5,47.5,47.5,43.25,45.0,45.1,44.82,28398,127277695000.0,179.0,19409,0.6835
2015-11-17,NAHARPOLY,EQ,45.1,45.0,47.35,44.6,45.9,46.0,45.84,27271,125003220000.0,191.0,19181,0.7033
2015-11-18,NAHARPOLY,EQ,46.0,46.95,47.0,44.05,44.15,44.4,45.58,8761,39933885000.0,140.0,6502,0.7422
2015-11-19,NAHARPOLY,EQ,44.4,46.4,46.4,44.4,45.05,45.35,45.36,5945,26964070000.0,64.0,4846,0.8151
2015-11-20,NAHARPOLY,EQ,45.35,44.6,46.7,44.1,44.75,44.9,45.57,9138,41645415000.0,107.0,7150,0.7824
2015-11-23,NAHARPOLY,EQ,44.9,46.9,46.9,44.15,44.65,44.65,45.14,7790,35162400000.0,89.0,5881,0.7549
2015-11-24,NAHARPOLY,EQ,44.65,44.0,45.75,44.0,45.0,45.0,44.71,6623,29612700000.0,89.0,4288,0.6474
2015-11-26,NAHARPOLY,EQ,45.0,46.0,47.25,45.95,47.25,47.25,46.55,5806,27029045000.0,69.0,4840,0.8336
2015-11-27,NAHARPOLY,EQ,47.25,49.5,49.5,47.05,47.55,47.35,48.15,15076,72589935000.0,107.0,12320,0.8172
2015-11-30,NAHARPOLY,EQ,47.35,47.0,47.0,45.6,45.85,46.05,46.24,8201,37925355000.0,81.0,5868,0.7155
2015-12-01,NAHARPOLY,EQ,46.05,46.15,48.35,46.0,48.35,48.35,47.99,15365,73730810000.0,141.0,13913,0.9055
2015-12-02,NAHARPOLY,EQ,48.35,46.7,50.75,46.7,50.75,50.75,50.21,15724,78957070000.0,133.0,14013,0.8912000000000001
2015-12-03,NAHARPOLY,EQ,50.75,52.0,52.9,50.0,50.0,50.5,51.65,18808,97138290000.0,140.0,14698,0.7815000000000001
2015-12-04,NAHARPOLY,EQ,50.5,48.0,52.9,48.0,49.15,49.9,49.74,8824,43893520000.0,143.0,6966,0.7894
2015-12-07,NAHARPOLY,EQ,49.9,49.8,51.75,49.5,50.2,50.15,50.26,8637,43407305000.0,140.0,6279,0.7270000000000001
2015-12-08,NAHARPOLY,EQ,50.15,51.05,51.35,48.1,48.1,48.3,49.64,7385,36657445000.0,254.0,6356,0.8606999999999999
2015-12-09,NAHARPOLY,EQ,48.3,48.15,48.2,43.8,45.0,45.0,46.09,5185,23896930000.0,74.0,4833,0.9320999999999999
2015-12-10,NAHARPOLY,EQ,45.0,45.2,48.8,43.7,46.0,45.9,45.11,11550,52103335000.0,212.0,7891,0.6831999999999999
2015-12-11,NAHARPOLY,EQ,45.9,45.9,46.35,43.1,46.35,45.45,45.09,5883,26528130000.0,70.0,3340,0.5677000000000001
2015-12-14,NAHARPOLY,EQ,45.45,45.5,47.85,45.45,45.75,45.6,45.93,5120,23518165000.0,46.0,4783,0.9342
2015-12-15,NAHARPOLY,EQ,45.6,45.8,48.05,45.4,46.2,46.35,46.63,16235,75706400000.0,142.0,11686,0.7198000000000001
2015-12-16,NAHARPOLY,EQ,46.35,46.1,46.95,45.9,46.6,46.6,46.36,2114,9800060000.0,23.0,1650,0.7805
2015-12-17,NAHARPOLY,EQ,46.6,47.0,48.5,45.65,48.4,47.65,46.86,2892,13551354999.999998,68.0,2182,0.7545000000000001
2015-12-18,NAHARPOLY,EQ,47.65,47.75,50.0,46.55,49.0,47.9,48.26,7616,36754640000.0,107.0,5418,0.7114
2015-12-21,NAHARPOLY,EQ,47.9,47.65,49.85,47.65,49.85,49.4,49.38,4875,24071295000.0,65.0,4277,0.8773000000000001
2015-12-22,NAHARPOLY,EQ,49.4,49.9,51.0,48.25,48.25,48.25,49.26,6385,31453915000.000004,65.0,4645,0.7275
2015-12-23,NAHARPOLY,EQ,48.25,48.0,49.7,48.0,48.05,48.2,48.78,5308,25892280000.0,73.0,4293,0.8088
2015-12-24,NAHARPOLY,EQ,48.2,48.0,49.65,47.6,48.0,48.0,48.15,8495,40902560000.0,92.0,7418,0.8732
2015-12-28,NAHARPOLY,EQ,48.0,49.8,52.8,49.8,52.8,52.8,52.43,24961,130867525000.0,232.0,17464,0.6997
2015-12-29,NAHARPOLY,EQ,52.8,56.9,56.9,53.05,53.05,54.05,54.46,42666,232357215000.0,431.0,25100,0.5883
2015-12-30,NAHARPOLY,EQ,54.05,53.15,53.7,51.2,52.9,52.15,52.81,12654,66825230000.00001,122.0,6910,0.5461
2015-12-31,NAHARPOLY,EQ,52.15,53.7,53.8,51.45,53.7,52.7,52.06,3238,16856840000.0,43.0,1856,0.5732
2016-01-01,NAHARPOLY,EQ,52.7,53.75,59.3,53.0,57.15,56.95,56.46,72748,410759285000.0,477.0,39781,0.5468000000000001
2016-01-04,NAHARPOLY,EQ,56.95,56.95,60.9,53.75,55.65,54.85,56.48,35454,200247845000.0,231.0,26207,0.7392000000000001
2016-01-05,NAHARPOLY,EQ,54.85,55.9,60.75,54.5,59.05,58.8,58.37,124587,727239480000.0,824.0,51793,0.4157
2016-01-06,NAHARPOLY,EQ,58.8,59.0,62.95,58.2,61.0,60.75,60.44,104825,633533780000.0,732.0,35311,0.3369
2016-01-07,NAHARPOLY,EQ,60.75,59.65,61.85,55.0,56.1,57.0,57.23,19353,110758770000.0,232.0,11011,0.569
2016-01-08,NAHARPOLY,EQ,57.0,59.0,62.9,57.3,59.0,59.3,60.77,62412,379304685000.0,541.0,17116,0.2742
2016-01-11,NAHARPOLY,EQ,59.3,61.2,65.0,55.25,62.0,61.95,62.9,159926,1005862775000.0,1090.0,49460,0.3093
2016-01-12,NAHARPOLY,EQ,61.95,63.2,65.0,59.0,59.0,59.85,62.71,83813,525583230000.0,589.0,22643,0.2702
2016-01-13,NAHARPOLY,EQ,59.85,61.9,62.75,53.15,58.0,58.6,58.74,47795,280752895000.0,430.0,22616,0.4732
2016-01-14,NAHARPOLY,EQ,58.6,57.0,61.5,54.15,58.65,57.65,57.9,12524,72519400000.0,184.0,6161,0.4919
2016-01-15,NAHARPOLY,EQ,57.65,60.0,60.0,53.0,53.0,54.6,55.64,14754,82097220000.0,91.0,10683,0.7241
2016-01-18,NAHARPOLY,EQ,54.6,56.8,58.0,48.0,49.0,48.45,50.07,18950,94873855000.0,260.0,10431,0.5504
2016-01-19,NAHARPOLY,EQ,48.45,51.4,51.4,47.05,49.05,49.5,49.82,30679,152857890000.0,87.0,25741,0.8390000000000001
2016-01-20,NAHARPOLY,EQ,49.5,50.95,50.95,45.35,47.5,46.2,46.71,9093,42474030000.0,132.0,7072,0.7777
2016-01-21,NAHARPOLY,EQ,46.2,47.0,47.7,43.0,43.5,44.35,45.34,12424,56334425000.0,182.0,9000,0.7244
2016-01-22,NAHARPOLY,EQ,44.35,46.1,53.0,46.1,51.0,50.85,50.22,13933,69974055000.0,148.0,7895,0.5666
2016-01-25,NAHARPOLY,EQ,50.85,52.9,53.9,50.0,51.6,51.3,52.33,11830,61904390000.0,127.0,5751,0.48610000000000003
2016-01-27,NAHARPOLY,EQ,51.3,50.0,54.8,50.0,51.3,50.95,51.16,1964,10048240000.0,47.0,877,0.4465
2016-01-28,NAHARPOLY,EQ,50.95,50.35,52.65,50.35,52.5,52.4,51.88,2478,12855285000.0,24.0,2350,0.9483
2016-01-29,NAHARPOLY,EQ,52.4,51.1,53.35,51.1,51.5,51.9,52.27,806,4212760000.0,15.0,614,0.7618
2016-02-01,NAHARPOLY,EQ,51.9,51.15,54.7,49.65,49.85,50.3,51.72,5367,27757295000.0,96.0,1855,0.3456
2016-02-02,NAHARPOLY,EQ,50.3,51.1,51.9,47.5,47.65,48.8,50.13,6261,31387820000.0,54.0,5068,0.8095
2016-02-03,NAHARPOLY,EQ,48.8,48.0,49.85,45.6,45.7,46.5,47.24,7653,36155310000.0,87.0,5054,0.6604000000000001
2016-02-04,NAHARPOLY,EQ,46.5,45.8,51.4,45.8,46.3,47.35,48.97,13748,67323090000.0,122.0,6538,0.4756
2016-02-05,NAHARPOLY,EQ,47.35,47.15,48.0,47.0,47.0,47.15,47.28,965,4562205000.0,19.0,923,0.9565000000000001
2016-02-08,NAHARPOLY,EQ,47.15,47.0,49.0,45.55,45.55,46.0,46.66,8768,40907690000.0,84.0,6177,0.7045
2016-02-09,NAHARPOLY,EQ,46.0,46.0,47.0,44.95,46.5,45.8,45.44,6849,31118465000.000004,70.0,5830,0.8512000000000001
2016-02-10,NAHARPOLY,EQ,45.8,45.0,46.5,42.15,45.0,45.55,44.21,3522,15570185000.0,46.0,2059,0.5846
2016-02-11,NAHARPOLY,EQ,45.55,45.05,45.05,36.45,36.45,36.45,37.58,40567,152440945000.0,257.0,38458,0.948
2016-02-12,NAHARPOLY,EQ,36.45,37.0,37.05,29.2,29.2,29.2,30.14,140183,422521570000.0,563.0,97809,0.6977
2016-02-15,NAHARPOLY,EQ,29.2,29.3,32.1,27.55,28.6,28.75,30.07,74195,223087750000.0,303.0,57170,0.7705
2016-02-16,NAHARPOLY,EQ,28.75,29.0,29.7,26.1,27.45,27.0,26.95,126048,339689240000.0,457.0,52176,0.4139
2016-02-17,NAHARPOLY,EQ,27.0,26.0,28.85,26.0,28.5,28.3,27.08,28631,77529765000.0,125.0,21035,0.7347
2016-02-18,NAHARPOLY,EQ,28.3,28.5,30.5,28.5,29.9,29.85,29.49,14576,42988805000.0,144.0,11538,0.7916
2016-02-19,NAHARPOLY,EQ,29.85,29.9,30.1,29.0,29.8,29.8,29.46,6283,18510555000.0,50.0,5748,0.9148000000000001
2016-02-22,NAHARPOLY,EQ,29.8,30.4,30.95,29.05,30.2,30.5,30.26,15751,47659910000.0,69.0,14028,0.8906000000000001
2016-02-23,NAHARPOLY,EQ,30.5,31.1,31.1,29.05,29.2,29.4,29.37,1586,4657910000.0,27.0,1389,0.8758
2016-02-24,NAHARPOLY,EQ,29.4,28.8,29.4,28.1,28.15,28.55,28.71,5331,15306004999.999998,32.0,4807,0.9017000000000001
2016-02-25,NAHARPOLY,EQ,28.55,28.0,29.6,27.6,29.0,28.5,28.9,3744,10819980000.0,51.0,2609,0.6968000000000001
2016-02-26,NAHARPOLY,EQ,28.5,28.35,29.9,28.35,28.75,29.0,29.17,4473,13048020000.0,33.0,3801,0.8498000000000001
2016-02-29,NAHARPOLY,EQ,29.0,29.0,29.2,26.4,28.0,28.05,27.93,4161,11620690000.0,60.0,1755,0.4218
2016-03-01,NAHARPOLY,EQ,28.05,29.2,29.6,27.35,28.65,29.0,28.52,4889,13943545000.000002,62.0,2939,0.6011
2016-03-02,NAHARPOLY,EQ,29.0,29.9,31.25,29.9,30.5,30.5,30.75,47703,146690435000.0,80.0,43954,0.9214
2016-03-03,NAHARPOLY,EQ,30.5,30.6,31.6,30.0,30.95,30.85,30.8,11153,34345980000.0,39.0,10432,0.9354000000000001
2016-03-04,NAHARPOLY,EQ,30.85,30.7,31.5,30.65,31.25,31.15,31.13,42750,133097200000.0,298.0,26059,0.6096
2016-03-08,NAHARPOLY,EQ,31.15,31.3,31.8,27.4,31.0,30.95,29.85,30420,90807190000.0,206.0,16350,0.5375
2016-03-09,NAHARPOLY,EQ,30.95,29.7,31.5,29.7,30.0,30.15,30.36,25176,76430170000.0,81.0,19654,0.7807
2016-03-10,NAHARPOLY,EQ,30.15,30.35,32.7,30.35,31.5,31.4,31.37,45604,143054380000.0,134.0,20684,0.4536
2016-03-11,NAHARPOLY,EQ,31.4,31.35,31.8,30.75,31.0,30.9,31.11,11215,34890985000.0,42.0,6536,0.5828
2016-03-14,NAHARPOLY,EQ,30.9,31.0,31.8,30.3,31.0,31.0,31.22,15055,47008620000.0,26.0,14815,0.9841
2016-03-15,NAHARPOLY,EQ,31.0,30.95,32.0,30.2,30.2,30.25,30.41,6982,21235505000.0,34.0,6623,0.9486
2016-03-16,NAHARPOLY,EQ,30.25,30.2,30.8,29.95,30.6,30.6,30.49,14763,45019205000.0,20.0,12702,0.8604
2016-03-17,NAHARPOLY,EQ,30.6,31.0,33.65,30.5,30.5,30.65,31.69,26920,85299575000.0,122.0,13656,0.5073
2016-03-18,NAHARPOLY,EQ,30.65,30.15,31.35,30.15,31.15,31.15,31.03,4355,13514110000.0,26.0,4352,0.9993000000000001
2016-03-21,NAHARPOLY,EQ,31.15,31.7,32.75,30.55,31.4,31.0,31.45,44387,139596605000.0,103.0,34640,0.7804000000000001
2016-03-22,NAHARPOLY,EQ,31.0,30.75,31.4,30.7,31.0,30.95,30.97,13760,42619850000.0,33.0,13210,0.96
2016-03-23,NAHARPOLY,EQ,30.95,31.0,31.45,30.7,31.45,31.25,31.21,17669,55141069999.99999,38.0,16122,0.9124
2016-03-28,NAHARPOLY,EQ,31.25,31.1,31.5,30.85,30.85,31.0,31.07,7055,21919435000.0,52.0,5997,0.85
2016-03-29,NAHARPOLY,EQ,31.0,31.0,31.45,29.3,31.15,30.85,30.79,4468,13755870000.000002,41.0,3998,0.8948
2016-03-30,NAHARPOLY,EQ,30.85,31.3,32.0,30.6,31.15,31.2,31.11,4972,15466885000.0,29.0,4622,0.9296
2016-03-31,NAHARPOLY,EQ,31.2,31.4,34.3,31.05,32.75,32.75,32.54,9798,31880134999.999996,66.0,7787,0.7948000000000001
2016-04-01,NAHARPOLY,EQ,32.75,32.65,39.25,32.65,38.0,38.55,37.42,85507,319992640000.0,452.0,39288,0.4595
2016-04-04,NAHARPOLY,EQ,38.55,37.05,40.7,37.05,37.3,37.55,39.17,39394,154288505000.0,371.0,18256,0.46340000000000003
2016-04-05,NAHARPOLY,EQ,37.55,38.95,39.8,35.55,39.0,38.7,37.72,12259,46235715000.0,126.0,8279,0.6753
2016-04-06,NAHARPOLY,EQ,38.7,38.8,39.3,38.5,38.5,38.5,38.73,2560,9915580000.0,17.0,2560,1.0
2016-04-07,NAHARPOLY,EQ,38.5,37.1,41.8,37.0,40.0,39.85,40.23,20373,81964525000.0,154.0,7631,0.37460000000000004
2016-04-08,NAHARPOLY,EQ,39.85,39.8,42.5,38.75,40.5,40.9,40.79,5838,23811765000.0,63.0,4105,0.7031999999999999
2016-04-11,NAHARPOLY,EQ,40.9,41.0,45.8,41.0,43.25,43.35,43.71,121289,530161440000.00006,690.0,50284,0.4146
2016-04-12,NAHARPOLY,EQ,43.35,44.7,51.5,44.0,47.7,48.05,48.76,302256,1473765765000.0,2428.0,125129,0.414
2016-04-13,NAHARPOLY,EQ,48.05,49.5,49.9,46.5,46.5,47.0,48.54,48179,233858600000.0,589.0,29237,0.6068
2016-04-18,NAHARPOLY,EQ,47.0,48.9,50.0,44.0,44.0,44.4,45.87,24685,113225325000.0,230.0,13871,0.5619
2016-04-20,NAHARPOLY,EQ,44.4,43.7,44.4,42.6,43.1,43.4,43.43,14438,62704315000.0,144.0,11137,0.7714
2016-04-21,NAHARPOLY,EQ,43.4,43.7,44.5,43.05,44.25,43.5,43.62,7729,33712030000.0,53.0,6087,0.7876000000000001
2016-04-22,NAHARPOLY,EQ,43.5,44.0,44.5,43.05,43.2,43.5,44.02,10816,47613455000.0,70.0,8285,0.766
2016-04-25,NAHARPOLY,EQ,43.5,44.45,44.45,43.05,43.5,43.5,43.53,3695,16083115000.0,51.0,2913,0.7884000000000001
2016-04-26,NAHARPOLY,EQ,43.5,44.15,44.5,43.1,44.5,44.4,44.06,17989,79267665000.0,79.0,12656,0.7034999999999999
2016-04-27,NAHARPOLY,EQ,44.4,43.95,45.75,43.25,43.8,44.25,44.55,17116,76251855000.0,92.0,10302,0.6019
2016-04-28,NAHARPOLY,EQ,44.25,44.2,44.5,42.0,43.3,42.7,43.72,10723,46884565000.0,87.0,8252,0.7696
2016-04-29,NAHARPOLY,EQ,42.7,43.3,44.75,42.15,43.65,42.8,43.49,13506,58734115000.0,107.0,7098,0.5255
2016-05-02,NAHARPOLY,EQ,42.8,43.45,44.4,42.0,43.25,43.25,43.24,7953,34391185000.0,59.0,3443,0.4329
2016-05-03,NAHARPOLY,EQ,43.25,42.3,47.95,42.3,43.0,43.05,44.95,41932,188474790000.0,307.0,20360,0.4855
2016-05-04,NAHARPOLY,EQ,43.05,43.5,44.8,42.55,43.25,43.3,43.84,10857,47598355000.0,100.0,6939,0.6391
2016-05-05,NAHARPOLY,EQ,43.3,42.0,44.9,42.0,43.25,43.4,43.94,9448,41515640000.0,91.0,5068,0.5364
2016-05-06,NAHARPOLY,EQ,43.4,42.1,44.0,41.65,42.0,42.05,43.06,11920,51331160000.0,78.0,6229,0.5226
2016-05-09,NAHARPOLY,EQ,42.05,42.9,43.0,41.0,41.6,41.9,42.1,7880,33174640000.000004,75.0,3449,0.43770000000000003
2016-05-10,NAHARPOLY,EQ,41.9,41.55,43.25,41.3,43.25,43.0,42.46,7757,32939040000.000004,126.0,4046,0.5216
2016-05-11,NAHARPOLY,EQ,43.0,42.6,44.8,41.7,44.8,43.9,43.53,13833,60218710000.0,93.0,4891,0.3536
2016-05-12,NAHARPOLY,EQ,43.9,44.7,44.8,41.35,42.85,42.85,43.24,5223,22583720000.0,59.0,3343,0.6401000000000001
2016-05-13,NAHARPOLY,EQ,42.85,42.85,43.6,42.4,43.0,42.95,43.01,6102,26245505000.0,48.0,5327,0.873
2016-05-16,NAHARPOLY,EQ,42.95,42.1,43.95,42.1,43.5,43.5,42.99,1539,6615925000.0,22.0,975,0.6335000000000001
2016-05-17,NAHARPOLY,EQ,43.5,43.6,46.0,43.6,44.1,44.2,44.88,23061,103495395000.0,236.0,12043,0.5222
2016-05-18,NAHARPOLY,EQ,44.2,45.25,53.0,45.25,52.15,52.25,51.91,634036,3290980575000.0,3610.0,138441,0.2183
2016-05-19,NAHARPOLY,EQ,52.25,52.25,55.95,48.25,51.0,50.5,52.89,263160,1391772245000.0,2127.0,97602,0.37090000000000006
2016-05-20,NAHARPOLY,EQ,50.5,50.0,53.75,47.5,47.75,47.9,50.6,98315,497512555000.0,942.0,36448,0.37070000000000003
2016-05-23,NAHARPOLY,EQ,47.9,48.0,52.85,47.0,47.95,47.85,50.04,89577,448212895000.0,779.0,35032,0.3911
2016-05-24,NAHARPOLY,EQ,47.85,49.4,49.6,47.0,47.4,47.1,47.71,15192,72477955000.0,90.0,10258,0.6752
2016-05-25,NAHARPOLY,EQ,47.1,47.5,48.5,46.65,47.0,47.0,47.26,19697,93095780000.0,170.0,12815,0.6506000000000001
2016-05-26,NAHARPOLY,EQ,47.0,46.2,47.95,46.1,46.1,46.5,46.9,10918,51204860000.0,83.0,7702,0.7054
2016-05-27,NAHARPOLY,EQ,46.5,47.8,50.0,47.15,47.3,47.75,48.73,33860,165016545000.0,314.0,18916,0.5587
2016-05-30,NAHARPOLY,EQ,47.75,47.2,48.0,45.0,45.25,45.15,46.71,17586,82140470000.0,208.0,9784,0.5564
2016-05-31,NAHARPOLY,EQ,45.15,47.0,48.0,43.0,43.6,43.8,44.93,40615,182466625000.0,212.0,23571,0.5804
2016-06-01,NAHARPOLY,EQ,43.8,43.8,45.45,42.8,44.4,44.45,44.63,19320,86218365000.0,213.0,12140,0.6284000000000001
2016-06-02,NAHARPOLY,EQ,44.45,44.95,44.95,43.45,43.45,43.75,44.0,8780,38636100000.0,72.0,5505,0.627
2016-06-03,NAHARPOLY,EQ,43.75,43.55,44.4,43.45,44.0,44.0,43.87,14171,62168305000.00001,116.0,9794,0.6911
2016-06-06,NAHARPOLY,EQ,44.0,44.9,48.0,43.4,46.55,46.65,46.15,19565,90295295000.0,199.0,10845,0.5543
2016-06-07,NAHARPOLY,EQ,46.65,46.95,47.75,45.5,45.95,46.55,46.62,16571,77255950000.0,152.0,9384,0.5663
2016-06-08,NAHARPOLY,EQ,46.55,45.3,46.85,44.8,45.2,45.15,45.41,6824,30988270000.0,122.0,4647,0.6809999999999999
2016-06-09,NAHARPOLY,EQ,45.15,46.45,46.85,45.0,46.85,45.85,45.62,5120,23355965000.0,52.0,4177,0.8158
2016-06-10,NAHARPOLY,EQ,45.85,45.75,48.0,45.75,46.15,46.1,46.74,11523,53853805000.00001,117.0,6988,0.6064
2016-06-13,NAHARPOLY,EQ,46.1,47.25,47.3,45.05,45.4,45.75,46.09,8337,38427205000.0,94.0,6478,0.777
2016-06-14,NAHARPOLY,EQ,45.75,45.95,52.4,44.75,50.25,50.65,49.65,166060,824452475000.0,1338.0,68595,0.4131
2016-06-15,NAHARPOLY,EQ,50.65,51.7,53.6,50.0,50.75,50.75,51.63,118448,611576125000.0,796.0,38460,0.3247
2016-06-16,NAHARPOLY,EQ,50.75,49.0,51.35,47.75,48.3,48.75,49.56,59487,294809320000.0,330.0,27052,0.4548
2016-06-17,NAHARPOLY,EQ,48.75,48.75,52.05,48.75,48.8,49.35,50.58,87853,444322965000.00006,698.0,31371,0.35710000000000003
2016-06-20,NAHARPOLY,EQ,49.35,50.0,50.7,48.7,48.7,49.4,49.64,22635,112361070000.0,134.0,16831,0.7436
2016-06-21,NAHARPOLY,EQ,49.4,48.7,49.8,48.0,48.0,48.85,48.79,28851,140755475000.0,190.0,16129,0.559
2016-06-22,NAHARPOLY,EQ,48.85,48.65,49.85,47.15,47.3,48.0,48.28,18076,87263370000.0,140.0,12462,0.6894
2016-06-23,NAHARPOLY,EQ,48.0,47.0,48.85,46.25,47.1,47.1,47.3,35648,168604020000.0,117.0,20963,0.5881000000000001
2016-06-24,NAHARPOLY,EQ,47.1,46.25,46.95,44.3,46.5,46.6,45.59,11836,53956805000.00001,81.0,9812,0.8290000000000001
2016-06-27,NAHARPOLY,EQ,46.6,45.75,48.0,45.75,47.0,46.65,47.23,13658,64501575000.0,136.0,5870,0.42979999999999996
2016-06-28,NAHARPOLY,EQ,46.65,48.0,48.4,47.0,47.2,47.65,47.68,12310,58691260000.0,125.0,8753,0.711
2016-06-29,NAHARPOLY,EQ,47.65,46.6,49.4,46.6,48.0,48.15,48.38,18250,88289400000.0,188.0,9261,0.5075000000000001
2016-06-30,NAHARPOLY,EQ,48.15,49.2,49.25,47.8,48.15,48.2,48.24,22200,107101525000.0,124.0,13805,0.6218
2016-07-01,NAHARPOLY,EQ,48.2,48.2,49.0,48.1,48.2,48.3,48.39,11379,55059910000.0,75.0,7976,0.7009000000000001
2016-07-04,NAHARPOLY,EQ,48.3,48.0,49.35,48.0,48.5,48.45,48.75,9983,48663885000.0,99.0,8176,0.8190000000000001
2016-07-05,NAHARPOLY,EQ,48.45,48.95,50.0,48.35,48.6,49.0,48.91,12005,58721775000.0,128.0,10612,0.8840000000000001
2016-07-07,NAHARPOLY,EQ,49.0,50.9,52.0,48.5,49.75,49.4,49.51,7712,38185015000.0,57.0,3347,0.434
2016-07-08,NAHARPOLY,EQ,49.4,50.45,51.4,48.3,49.5,49.45,49.91,57850,288708880000.0,468.0,21207,0.3666
2016-07-11,NAHARPOLY,EQ,49.45,49.5,50.1,48.5,49.25,49.7,49.5,32170,159256520000.0,164.0,20012,0.6221
2016-07-12,NAHARPOLY,EQ,49.7,49.7,49.95,48.7,48.7,49.0,49.32,29052,143282690000.0,152.0,20941,0.7208
2016-07-13,NAHARPOLY,EQ,49.0,49.1,49.1,47.9,48.3,48.3,48.38,11783,57011644999.99999,98.0,8796,0.7465
2016-07-14,NAHARPOLY,EQ,48.3,48.3,49.5,48.05,48.4,48.4,48.71,11095,54038310000.0,74.0,7562,0.6816
2016-07-15,NAHARPOLY,EQ,48.4,48.2,49.55,46.4,47.95,47.6,47.82,6550,31320350000.0,87.0,5267,0.8041
2016-07-18,NAHARPOLY,EQ,47.6,47.55,49.6,47.55,48.0,48.15,48.72,15474,75387020000.0,94.0,13151,0.8499
2016-07-19,NAHARPOLY,EQ,48.15,49.7,49.7,47.0,47.1,47.3,47.76,3209,15325910000.0,70.0,1544,0.4811
2016-07-20,NAHARPOLY,EQ,47.3,48.05,49.0,48.05,49.0,49.0,48.88,25073,122565300000.0,108.0,23968,0.9559000000000001
2016-07-21,NAHARPOLY,EQ,49.0,48.3,49.85,48.05,48.85,48.55,49.04,11495,56375635000.0,88.0,10185,0.886
2016-07-22,NAHARPOLY,EQ,48.55,48.5,48.95,48.0,48.5,48.65,48.52,10053,48775265000.0,69.0,7393,0.7354
2016-07-25,NAHARPOLY,EQ,48.65,48.6,49.7,48.25,48.5,48.45,48.8,22482,109716050000.0,69.0,8566,0.381
2016-07-26,NAHARPOLY,EQ,48.45,49.65,58.1,49.15,54.9,55.25,55.49,494403,2743516335000.0,5256.0,152539,0.3085
2016-07-27,NAHARPOLY,EQ,55.25,56.4,64.7,56.4,59.0,58.95,60.12,292033,1755811520000.0,3307.0,95213,0.326
2016-07-28,NAHARPOLY,EQ,58.95,60.9,61.2,54.1,57.0,56.9,58.11,81578,474074045000.0,670.0,30934,0.37920000000000004
2016-07-29,NAHARPOLY,EQ,56.9,57.9,59.4,54.6,55.8,56.35,56.64,40705,230549104999.99997,550.0,14899,0.36600000000000005
2016-08-01,NAHARPOLY,EQ,56.35,55.2,60.0,53.55,56.7,56.5,58.0,79899,463391820000.0,651.0,35286,0.4416
2016-08-02,NAHARPOLY,EQ,56.5,58.65,58.65,53.1,54.1,54.7,55.07,17647,97180790000.0,189.0,10367,0.5875
2016-08-03,NAHARPOLY,EQ,54.7,53.2,56.85,52.55,53.85,53.05,53.67,13251,71124110000.0,223.0,6992,0.5277000000000001
2016-08-04,NAHARPOLY,EQ,53.05,55.2,55.85,52.0,52.0,52.5,52.83,13122,69320345000.0,193.0,6625,0.5049
2016-08-05,NAHARPOLY,EQ,52.5,51.4,55.0,51.4,55.0,54.5,53.93,8300,44758130000.0,93.0,5577,0.6718999999999999
2016-08-08,NAHARPOLY,EQ,54.5,53.45,54.4,51.55,52.5,52.3,52.5,12595,66127925000.0,114.0,10486,0.8326000000000001
2016-08-09,NAHARPOLY,EQ,52.3,51.25,52.0,46.0,51.25,50.45,49.73,40830,203030545000.0,213.0,22846,0.5595
2016-08-10,NAHARPOLY,EQ,50.45,51.8,54.25,51.65,52.0,52.15,52.83,20209,106761295000.0,152.0,14222,0.7037000000000001
2016-08-11,NAHARPOLY,EQ,52.15,52.75,54.45,50.75,51.0,51.2,52.98,34941,185114225000.0,192.0,17840,0.5106
2016-08-12,NAHARPOLY,EQ,51.2,49.75,52.8,49.75,50.0,50.65,50.76,13802,70063945000.0,136.0,10392,0.7529000000000001
2016-08-16,NAHARPOLY,EQ,50.65,48.2,52.0,45.05,48.65,49.35,48.62,5053,24569065000.0,99.0,2354,0.46590000000000004
2016-08-17,NAHARPOLY,EQ,49.35,50.65,50.65,47.65,50.0,49.65,49.75,14601,72641845000.0,96.0,6839,0.46840000000000004
2016-08-18,NAHARPOLY,EQ,49.65,50.35,50.35,48.35,48.5,49.45,49.35,7717,38080380000.0,67.0,4654,0.6031000000000001
2016-08-19,NAHARPOLY,EQ,49.45,49.1,51.0,48.35,49.0,48.8,49.87,5713,28493409999.999996,81.0,3965,0.6940000000000001
2016-08-22,NAHARPOLY,EQ,48.8,48.65,50.9,48.5,50.8,50.35,50.08,21176,106044820000.0,104.0,13644,0.6443000000000001
2016-08-23,NAHARPOLY,EQ,50.35,50.35,52.0,50.35,50.8,50.9,51.58,18763,96770305000.0,99.0,16127,0.8595
2016-08-24,NAHARPOLY,EQ,50.9,49.65,50.8,49.65,50.0,50.0,49.99,3656,18277465000.0,55.0,2769,0.7574
2016-08-25,NAHARPOLY,EQ,50.0,50.9,50.9,49.65,49.8,49.8,50.2,2376,11928015000.0,44.0,1146,0.4823
2016-08-26,NAHARPOLY,EQ,49.8,50.0,50.25,49.4,49.5,49.5,49.6,5433,26948130000.0,37.0,4736,0.8717
2016-08-29,NAHARPOLY,EQ,49.5,49.05,49.9,48.3,48.7,48.95,49.05,3917,19211795000.0,41.0,3473,0.8865999999999999
2016-08-30,NAHARPOLY,EQ,48.95,49.2,56.85,49.05,51.8,51.6,54.54,255918,1395812690000.0,1807.0,66596,0.2602
2016-08-31,NAHARPOLY,EQ,51.6,51.8,52.95,50.45,50.5,50.7,51.42,27418,140975025000.0,378.0,15563,0.5676
2016-09-01,NAHARPOLY,EQ,50.7,50.4,51.95,49.5,50.45,50.1,50.71,11952,60613330000.00001,117.0,7741,0.6476999999999999
2016-09-02,NAHARPOLY,EQ,50.1,50.1,50.4,49.1,49.25,49.2,49.47,7217,35699365000.0,79.0,4882,0.6765000000000001
2016-09-06,NAHARPOLY,EQ,49.2,49.5,50.8,47.45,49.9,49.8,49.74,11892,59147644999.99999,89.0,7311,0.6148
2016-09-07,NAHARPOLY,EQ,49.8,48.5,50.0,48.5,48.8,48.9,49.15,6547,32175534999.999996,57.0,5226,0.7981999999999999
2016-09-08,NAHARPOLY,EQ,48.9,48.35,49.95,48.35,49.5,49.55,49.37,13699,67633165000.0,92.0,11180,0.8161
2016-09-09,NAHARPOLY,EQ,49.55,49.05,49.9,48.0,48.7,48.3,48.75,31368,152914890000.0,186.0,25031,0.798
2016-09-12,NAHARPOLY,EQ,48.3,48.05,48.9,45.1,48.0,48.0,47.6,18281,87024355000.0,83.0,13890,0.7598
2016-09-14,NAHARPOLY,EQ,48.0,49.0,49.5,48.0,48.0,48.25,48.75,11044,53844410000.0,96.0,10204,0.9239
2016-09-15,NAHARPOLY,EQ,48.25,48.0,49.0,47.6,48.3,47.85,48.12,8989,43256480000.0,59.0,7415,0.8249
2016-09-16,NAHARPOLY,EQ,47.85,48.9,48.9,48.1,48.5,48.35,48.35,4611,22291985000.0,59.0,3489,0.7567
2016-09-19,NAHARPOLY,EQ,48.35,49.85,50.8,48.9,50.3,50.0,49.69,12823,63711165000.0,125.0,9941,0.7752
2016-09-20,NAHARPOLY,EQ,50.0,50.0,55.4,49.55,52.35,52.7,52.95,97984,518862484999.99994,894.0,50146,0.5118
2016-09-21,NAHARPOLY,EQ,52.7,54.0,54.1,51.8,51.95,52.2,52.84,13274,70140860000.0,123.0,9893,0.7453000000000001
2016-09-22,NAHARPOLY,EQ,52.2,51.1,52.65,49.1,51.55,51.8,51.69,20078,103782030000.0,189.0,13346,0.6647
2016-09-23,NAHARPOLY,EQ,51.8,51.5,51.95,50.2,50.25,50.7,51.29,26242,134582410000.00002,127.0,23691,0.9028
2016-09-26,NAHARPOLY,EQ,50.7,50.5,52.05,50.4,51.0,51.1,51.44,16795,86391500000.0,110.0,12158,0.7239
2016-09-27,NAHARPOLY,EQ,51.1,51.0,57.95,50.0,53.7,53.4,55.15,154236,850642255000.0001,1443.0,49153,0.31870000000000004
2016-09-28,NAHARPOLY,EQ,53.4,55.35,55.35,51.1,52.35,51.7,52.0,29221,151962055000.0,242.0,24570,0.8408
2016-09-29,NAHARPOLY,EQ,51.7,52.1,61.0,50.25,52.0,51.25,56.4,603636,3404578115000.0,3031.0,103082,0.17079999999999998
2016-09-30,NAHARPOLY,EQ,51.25,52.55,56.0,52.3,53.0,53.5,54.64,126694,692284630000.0,903.0,40524,0.3199
2016-10-03,NAHARPOLY,EQ,53.5,54.0,57.45,53.0,54.5,54.35,55.36,105695,585105300000.0,941.0,29795,0.28190000000000004
2016-10-04,NAHARPOLY,EQ,54.35,54.5,55.65,53.45,53.9,53.7,54.2,25890,140326690000.0,127.0,21385,0.826
2016-10-05,NAHARPOLY,EQ,53.7,53.7,54.0,52.9,53.4,53.4,53.41,26288,140416070000.0,295.0,17087,0.65
2016-10-06,NAHARPOLY,EQ,53.4,54.0,55.5,53.0,53.5,53.75,54.02,22673,122473305000.0,200.0,16920,0.7463
2016-10-07,NAHARPOLY,EQ,53.75,55.35,55.35,52.1,52.75,52.95,53.04,30854,163653860000.0,246.0,24223,0.7851
2016-10-10,NAHARPOLY,EQ,52.95,52.9,54.2,52.0,53.5,53.85,53.71,11355,60983310000.0,103.0,8188,0.7211
2016-10-13,NAHARPOLY,EQ,53.85,53.1,54.0,52.0,52.5,52.5,52.78,27099,143027195000.0,120.0,24748,0.9131999999999999
2016-10-14,NAHARPOLY,EQ,52.5,53.0,53.9,52.5,53.4,53.15,53.05,18315,97152390000.0,126.0,10980,0.5995
2016-10-17,NAHARPOLY,EQ,53.15,52.55,53.95,52.5,53.5,53.15,53.12,8655,45975405000.0,97.0,6946,0.8025
2016-10-18,NAHARPOLY,EQ,53.15,53.1,57.0,53.1,55.0,55.15,55.62,58100,323164805000.0,632.0,28480,0.4902
2016-10-19,NAHARPOLY,EQ,55.15,54.0,58.8,53.9,56.2,56.8,57.52,86428,497158675000.0,652.0,41463,0.4797
2016-10-20,NAHARPOLY,EQ,56.8,58.0,58.0,56.4,56.8,57.05,57.13,28577,163257640000.0,244.0,20842,0.7293000000000001
2016-10-21,NAHARPOLY,EQ,57.05,62.0,68.45,60.0,68.45,68.45,66.3,1007456,6679685170000.0,6949.0,316873,0.3145
2016-10-24,NAHARPOLY,EQ,68.45,70.9,75.45,70.2,72.25,72.1,72.48,737955,5348652030000.0,5258.0,293088,0.3972
2016-10-25,NAHARPOLY,EQ,72.1,71.9,71.9,67.0,67.95,68.1,68.61,201604,1383287355000.0,1839.0,92007,0.45640000000000003
2016-10-26,NAHARPOLY,EQ,68.1,68.15,69.7,64.0,65.55,65.25,66.22,99143,656483460000.0,815.0,68312,0.6890000000000001
2016-10-27,NAHARPOLY,EQ,65.25,65.55,68.0,61.3,64.4,63.8,65.16,244929,1595859465000.0,1767.0,60708,0.2479
2016-10-28,NAHARPOLY,EQ,63.8,63.7,73.5,62.1,70.8,70.8,70.79,352515,2495615640000.0,3875.0,122190,0.34659999999999996
2016-10-30,NAHARPOLY,EQ,70.8,71.1,72.1,70.35,71.5,71.5,71.38,55067,393073670000.0,489.0,34969,0.635
2016-11-01,NAHARPOLY,EQ,71.5,72.1,74.55,69.0,71.4,71.75,72.45,227545,1648570425000.0,1936.0,78204,0.3437
2016-11-02,NAHARPOLY,EQ,71.75,71.35,71.85,67.4,68.25,68.7,69.53,82502,573654325000.0,923.0,43836,0.5313
2016-11-03,NAHARPOLY,EQ,68.7,70.9,71.1,66.9,66.9,67.3,68.91,61408,423143500000.0,431.0,34231,0.5574
2016-11-04,NAHARPOLY,EQ,67.3,66.0,68.45,62.85,64.0,63.85,63.87,81444,520143955000.0,364.0,62815,0.7713
2016-11-07,NAHARPOLY,EQ,63.85,66.4,69.8,64.35,65.0,65.2,65.49,31609,207002305000.0,320.0,14393,0.45530000000000004
2016-11-08,NAHARPOLY,EQ,65.2,66.75,66.75,64.25,64.5,64.65,65.05,8674,56421590000.0,116.0,6816,0.7858
2016-11-09,NAHARPOLY,EQ,64.65,60.3,64.0,56.0,62.0,61.85,59.07,79955,472331305000.0,560.0,49948,0.6247
2016-11-10,NAHARPOLY,EQ,61.85,66.6,66.9,63.0,64.3,64.4,64.75,33069,214129190000.0,262.0,20716,0.6264000000000001
2016-11-11,NAHARPOLY,EQ,64.4,64.4,64.4,61.1,61.3,61.4,61.83,20970,129649380000.0,241.0,14387,0.6861
2016-11-15,NAHARPOLY,EQ,61.4,61.5,61.5,54.3,55.0,54.95,55.36,63229,350051950000.0,409.0,51535,0.8151
2016-11-16,NAHARPOLY,EQ,54.95,55.1,57.0,53.1,54.85,54.35,54.77,17726,97092495000.0,190.0,11832,0.6675
2016-11-17,NAHARPOLY,EQ,54.35,54.95,55.0,52.25,53.45,52.8,53.41,19733,105385870000.0,175.0,12521,0.6345000000000001
2016-11-18,NAHARPOLY,EQ,52.8,54.4,54.4,51.2,53.2,52.35,52.41,17999,94329225000.0,152.0,11744,0.6525
2016-11-21,NAHARPOLY,EQ,52.35,53.0,54.4,48.05,48.2,48.8,49.9,31799,158672300000.0,222.0,24825,0.7807
2016-11-22,NAHARPOLY,EQ,48.8,47.75,51.5,47.75,49.65,50.85,49.61,12953,64264580000.00001,171.0,10114,0.7808
2016-11-23,NAHARPOLY,EQ,50.85,51.8,52.4,50.0,52.2,51.85,51.37,5613,28835159999.999996,115.0,3810,0.6788
2016-11-24,NAHARPOLY,EQ,51.85,50.5,52.9,49.55,52.9,51.85,50.84,10170,51705795000.0,176.0,6811,0.6697
2016-11-25,NAHARPOLY,EQ,51.85,53.9,58.9,53.0,54.2,54.25,54.1,26325,142419175000.0,182.0,20396,0.7748
2016-11-28,NAHARPOLY,EQ,54.25,56.25,57.0,54.5,56.25,56.05,55.72,22842,127281835000.00002,203.0,17634,0.772
2016-11-29,NAHARPOLY,EQ,56.05,57.0,58.1,55.55,56.0,56.4,57.02,14981,85416630000.0,133.0,12711,0.8484999999999999
2016-11-30,NAHARPOLY,EQ,56.4,55.95,61.7,55.7,58.3,58.05,58.89,75088,442192384999.99994,498.0,20645,0.2749
2016-12-01,NAHARPOLY,EQ,58.05,60.4,60.4,56.5,57.8,57.1,57.88,8486,49113900000.0,143.0,4950,0.5833
2016-12-02,NAHARPOLY,EQ,57.1,55.6,57.45,54.25,55.1,55.0,55.31,7739,42803005000.0,122.0,6501,0.84
2016-12-05,NAHARPOLY,EQ,55.0,54.7,56.5,54.05,54.25,54.8,55.16,4651,25654150000.0,57.0,3112,0.6691
2016-12-06,NAHARPOLY,EQ,54.8,55.0,56.2,53.8,54.0,54.15,54.87,6458,35437190000.0,91.0,3868,0.5989
2016-12-07,NAHARPOLY,EQ,54.15,56.0,56.0,53.8,53.8,54.05,54.41,9901,53866880000.00001,73.0,7707,0.7784000000000001
2016-12-08,NAHARPOLY,EQ,54.05,54.5,58.5,54.4,56.5,56.3,56.43,26750,150941345000.0,363.0,14432,0.5395000000000001
2016-12-09,NAHARPOLY,EQ,56.3,58.0,58.0,55.0,55.7,55.25,56.04,15190,85122600000.0,225.0,9030,0.5945
2016-12-12,NAHARPOLY,EQ,55.25,57.5,64.0,57.0,59.5,60.15,61.19,269204,1647230865000.0,2862.0,67064,0.24910000000000002
2016-12-13,NAHARPOLY,EQ,60.15,61.15,65.0,60.3,61.65,61.7,62.98,121512,765301025000.0,1378.0,39573,0.3257
2016-12-14,NAHARPOLY,EQ,61.7,62.65,62.65,58.75,60.35,59.5,59.94,38170,228797445000.00003,408.0,18241,0.4779
2016-12-15,NAHARPOLY,EQ,59.5,59.0,60.9,58.25,58.8,59.3,59.59,39416,234867485000.0,425.0,16152,0.4098
2016-12-16,NAHARPOLY,EQ,59.3,60.4,60.4,58.15,58.4,58.4,58.7,7955,46695745000.0,96.0,6396,0.804
2016-12-19,NAHARPOLY,EQ,58.4,58.1,61.8,58.1,59.0,59.0,59.52,37992,226114179999.99997,263.0,25031,0.6587999999999999
2016-12-20,NAHARPOLY,EQ,59.0,58.2,59.8,57.85,57.9,57.9,58.32,22663,132180714999.99998,165.0,18580,0.8198000000000001
2016-12-21,NAHARPOLY,EQ,57.9,57.5,59.3,56.5,57.05,56.85,57.6,26241,151139320000.0,312.0,14949,0.5697
2016-12-22,NAHARPOLY,EQ,56.85,56.25,57.0,56.1,56.9,56.5,56.33,12973,73073630000.0,106.0,9332,0.7193
2016-12-23,NAHARPOLY,EQ,56.5,57.6,59.45,55.6,59.0,58.65,58.27,29601,172470750000.0,200.0,20917,0.7066
2016-12-26,NAHARPOLY,EQ,58.65,58.9,59.0,55.75,55.75,55.95,57.12,20010,114294935000.00002,158.0,14357,0.7175
2016-12-27,NAHARPOLY,EQ,55.95,55.8,56.5,55.0,55.3,55.5,55.38,12990,71936065000.0,134.0,8049,0.6196
2016-12-28,NAHARPOLY,EQ,55.5,55.2,56.8,55.1,55.15,55.2,55.42,14216,78791295000.0,117.0,11602,0.8161
2016-12-29,NAHARPOLY,EQ,55.2,55.1,57.25,55.1,57.2,56.7,56.55,17115,96777660000.0,147.0,12946,0.7564000000000001
2016-12-30,NAHARPOLY,EQ,56.7,55.25,58.0,55.25,57.3,56.4,56.73,9068,51443175000.0,99.0,5999,0.6616
2017-01-02,NAHARPOLY,EQ,56.4,56.0,57.85,56.0,57.25,57.55,57.08,6472,36941760000.0,88.0,4924,0.7608
2017-01-03,NAHARPOLY,EQ,57.55,58.25,59.95,57.4,58.5,58.45,58.76,41650,244752379999.99997,197.0,32860,0.789
2017-01-04,NAHARPOLY,EQ,58.45,59.85,61.8,58.55,60.0,59.75,60.41,64927,392238350000.0,638.0,29066,0.44770000000000004
2017-01-05,NAHARPOLY,EQ,59.75,59.2,61.9,59.2,60.1,59.85,60.25,17798,107224720000.0,122.0,14205,0.7981
2017-01-06,NAHARPOLY,EQ,59.85,61.0,61.0,59.2,59.5,59.25,59.54,7750,46144035000.0,89.0,5578,0.7197
2017-01-09,NAHARPOLY,EQ,59.25,58.85,60.5,58.2,58.35,58.9,58.83,15583,91676500000.0,125.0,11453,0.735
2017-01-10,NAHARPOLY,EQ,58.9,57.7,59.85,57.7,58.3,58.55,58.73,18251,107187555000.0,184.0,13525,0.7411
2017-01-11,NAHARPOLY,EQ,58.55,59.8,60.8,59.0,60.0,59.85,59.95,30228,181222805000.0,306.0,20680,0.6840999999999999
2017-01-12,NAHARPOLY,EQ,59.85,60.9,60.9,58.65,58.65,58.8,59.31,7503,44497830000.0,103.0,5668,0.7554000000000001
2017-01-13,NAHARPOLY,EQ,58.8,59.7,60.3,58.4,58.5,58.65,58.85,6375,37515900000.0,45.0,4644,0.7284999999999999
2017-01-16,NAHARPOLY,EQ,58.65,58.25,60.85,58.25,60.8,60.0,59.91,43044,257873020000.00003,286.0,28336,0.6583
2017-01-17,NAHARPOLY,EQ,60.0,60.85,68.3,60.85,66.3,66.6,64.86,377198,2446657400000.0,3137.0,122630,0.3251
2017-01-18,NAHARPOLY,EQ,66.6,67.0,67.65,63.65,64.8,64.5,65.27,84517,551665500000.0,902.0,41190,0.48740000000000006
2017-01-19,NAHARPOLY,EQ,64.5,65.7,66.5,63.5,64.45,64.0,64.77,25991,168333960000.0,245.0,11950,0.4598
2017-01-20,NAHARPOLY,EQ,64.0,62.45,64.5,61.25,62.0,62.1,62.99,28104,177016465000.0,316.0,14856,0.5286
2017-01-23,NAHARPOLY,EQ,62.1,62.5,64.0,61.3,62.75,62.3,62.75,15491,97210055000.0,206.0,5475,0.35340000000000005
2017-01-24,NAHARPOLY,EQ,62.3,63.5,63.9,62.1,62.15,62.2,62.93,15084,94922550000.0,146.0,9358,0.6204
2017-01-25,NAHARPOLY,EQ,62.2,63.2,63.2,61.6,61.75,61.85,62.12,7770,48270570000.0,104.0,5725,0.7368000000000001
2017-01-27,NAHARPOLY,EQ,61.85,63.35,64.0,61.65,61.65,61.95,62.36,14041,87556935000.0,176.0,8014,0.5708
2017-01-30,NAHARPOLY,EQ,61.95,62.0,63.35,62.0,62.5,62.15,62.5,14726,92040550000.0,101.0,12984,0.8817
2017-01-31,NAHARPOLY,EQ,62.15,62.5,63.25,61.5,61.9,61.6,61.88,8277,51221975000.0,99.0,6190,0.7479000000000001
2017-02-01,NAHARPOLY,EQ,61.6,61.5,62.5,61.3,62.0,62.0,61.75,11486,70927080000.0,58.0,10446,0.9095000000000001
2017-02-02,NAHARPOLY,EQ,62.0,63.0,66.4,62.95,64.05,63.95,64.92,188139,1221331950000.0,1463.0,66921,0.3557
2017-02-03,NAHARPOLY,EQ,63.95,65.35,66.5,63.0,64.0,63.6,64.46,26041,167859865000.0,396.0,16998,0.6527
2017-02-06,NAHARPOLY,EQ,63.6,64.0,66.5,62.5,62.8,63.05,63.96,16955,108446589999.99998,206.0,11842,0.6984
2017-02-07,NAHARPOLY,EQ,63.05,63.5,65.4,62.85,63.5,64.05,64.23,36673,235548685000.0,450.0,16902,0.46090000000000003
2017-02-08,NAHARPOLY,EQ,64.05,65.0,65.0,63.5,64.5,64.05,64.49,16177,104332935000.0,209.0,10273,0.635
2017-02-09,NAHARPOLY,EQ,64.05,64.5,64.5,62.55,63.1,63.15,63.33,10165,64376325000.0,128.0,6971,0.6858
2017-02-10,NAHARPOLY,EQ,63.15,63.2,63.75,62.1,62.1,62.6,62.84,11091,69697510000.0,100.0,9181,0.8278
2017-02-13,NAHARPOLY,EQ,62.6,63.15,63.15,60.2,60.9,60.6,60.96,23342,142296115000.0,212.0,17416,0.7461
2017-02-14,NAHARPOLY,EQ,60.6,59.75,60.0,55.3,57.5,57.5,57.49,38199,219621885000.0,456.0,20843,0.5456000000000001
2017-02-15,NAHARPOLY,EQ,57.5,56.6,58.0,56.5,57.5,57.45,57.38,14277,81922915000.0,135.0,10026,0.7022
2017-02-16,NAHARPOLY,EQ,57.45,57.0,58.0,55.5,57.25,57.4,57.06,5370,30643384999.999996,78.0,4215,0.7848999999999999
2017-02-17,NAHARPOLY,EQ,57.4,57.4,58.85,57.1,58.15,58.2,58.18,8585,49948945000.0,101.0,6161,0.7176
2017-02-20,NAHARPOLY,EQ,58.2,57.0,58.9,57.0,58.5,58.55,57.66,25548,147305070000.0,138.0,20171,0.7895000000000001
2017-02-21,NAHARPOLY,EQ,58.55,59.0,61.45,59.0,60.75,60.65,60.27,42710,257414620000.00003,263.0,19811,0.46380000000000005
2017-02-22,NAHARPOLY,EQ,60.65,60.4,62.5,59.1,59.3,59.4,60.85,57811,351776155000.0,299.0,21472,0.3714
2017-02-23,NAHARPOLY,EQ,59.4,59.1,60.9,57.9,58.55,58.25,58.69,5994,35177575000.0,71.0,4392,0.7327
2017-02-27,NAHARPOLY,EQ,58.25,58.1,59.3,56.0,56.1,56.4,56.78,29567,167892810000.0,203.0,26655,0.9015000000000001
2017-02-28,NAHARPOLY,EQ,56.4,57.0,58.0,56.05,56.05,56.6,56.76,27673,157059430000.0,168.0,16339,0.5904
2017-03-01,NAHARPOLY,EQ,56.6,57.8,57.9,56.7,56.75,56.9,57.13,12988,74203030000.0,114.0,7479,0.5758
2017-03-02,NAHARPOLY,EQ,56.9,56.8,57.45,56.35,56.4,56.5,56.91,14085,80162310000.0,124.0,8447,0.5997
2017-03-03,NAHARPOLY,EQ,56.5,57.0,57.0,55.75,56.7,56.05,56.03,3808,21335940000.0,41.0,2875,0.755
2017-03-06,NAHARPOLY,EQ,56.05,55.75,56.9,55.5,55.8,55.8,56.06,6787,38051295000.0,47.0,6359,0.9369
2017-03-07,NAHARPOLY,EQ,55.8,57.8,61.3,57.0,57.75,57.45,59.33,93965,557473460000.0,942.0,24542,0.2612
2017-03-08,NAHARPOLY,EQ,57.45,57.9,58.6,57.1,57.8,57.6,57.83,14855,85906710000.0,211.0,8692,0.5851
2017-03-09,NAHARPOLY,EQ,57.6,57.8,58.0,56.4,56.9,56.95,57.02,6618,37736125000.0,88.0,4166,0.6295000000000001
2017-03-10,NAHARPOLY,EQ,56.95,56.6,57.8,56.05,56.05,56.25,56.56,10540,59610440000.0,103.0,8885,0.843
2017-03-14,NAHARPOLY,EQ,56.25,56.25,58.0,56.25,56.7,56.7,56.94,18595,105883430000.0,138.0,13892,0.7471
2017-03-15,NAHARPOLY,EQ,56.7,57.0,57.75,56.25,56.75,56.55,56.74,7563,42911935000.0,51.0,6804,0.8996
2017-03-16,NAHARPOLY,EQ,56.55,57.15,58.9,56.8,57.5,57.5,57.9,33129,191804050000.0,324.0,16719,0.5047
2017-03-17,NAHARPOLY,EQ,57.5,57.0,59.5,57.0,57.85,57.6,57.87,21800,126154705000.0,250.0,13673,0.6272
2017-03-20,NAHARPOLY,EQ,57.6,58.0,60.4,58.0,59.35,59.3,59.38,92579,549711070000.0,485.0,63606,0.687
2017-03-21,NAHARPOLY,EQ,59.3,59.4,64.9,59.4,64.4,64.5,63.46,472627,2999179810000.0,2907.0,182001,0.3851
2017-03-22,NAHARPOLY,EQ,64.5,63.9,64.55,62.35,62.6,62.7,63.43,116522,739121365000.0,1283.0,53529,0.4594
2017-03-23,NAHARPOLY,EQ,62.7,63.8,64.35,62.15,62.15,62.55,63.34,51054,323380620000.0,556.0,27790,0.5443
2017-03-24,NAHARPOLY,EQ,62.55,62.0,62.45,59.5,60.25,60.2,61.14,57565,351963930000.0,532.0,31515,0.5475
2017-03-27,NAHARPOLY,EQ,60.2,60.2,62.95,59.5,59.55,59.8,60.79,53282,323876020000.0,290.0,24681,0.4632
2017-03-28,NAHARPOLY,EQ,59.8,59.15,60.95,59.0,59.5,60.1,59.71,21578,128840180000.0,250.0,12310,0.5705
2017-03-29,NAHARPOLY,EQ,60.1,59.0,60.0,58.05,58.6,58.25,58.63,39466,231393235000.0,367.0,26871,0.6809000000000001
2017-03-30,NAHARPOLY,EQ,58.25,59.75,59.75,58.2,59.3,59.0,59.05,14711,86862510000.0,104.0,11272,0.7662000000000001
2017-03-31,NAHARPOLY,EQ,59.0,58.2,61.45,58.15,60.95,60.95,60.49,31241,188981790000.0,193.0,22675,0.7258
2017-04-03,NAHARPOLY,EQ,60.95,62.0,64.4,61.05,63.0,62.85,62.26,197753,1231275720000.0,563.0,179680,0.9086
2017-04-05,NAHARPOLY,EQ,62.85,64.0,64.5,62.7,63.9,63.65,63.95,31149,199189590000.0,310.0,22729,0.7297
2017-04-06,NAHARPOLY,EQ,63.65,64.25,64.3,62.75,63.1,63.2,63.48,10965,69608035000.0,167.0,7027,0.6409
2017-04-07,NAHARPOLY,EQ,63.2,61.4,63.35,61.0,61.0,61.5,62.21,20137,125278970000.0,180.0,14850,0.7373999999999999
2017-04-10,NAHARPOLY,EQ,61.5,61.25,63.5,61.05,61.2,61.2,61.95,11382,70517005000.0,113.0,9191,0.8075
2017-04-11,NAHARPOLY,EQ,61.2,61.2,64.0,60.8,62.1,62.45,62.65,31209,195535160000.0,340.0,9438,0.3024
2017-04-12,NAHARPOLY,EQ,62.45,62.3,63.0,60.1,62.05,62.8,61.79,23202,143367830000.0,223.0,15561,0.6707
2017-04-13,NAHARPOLY,EQ,62.8,61.1,63.35,60.75,61.95,61.9,61.72,16447,101518850000.0,169.0,11490,0.6986
2017-04-17,NAHARPOLY,EQ,61.9,62.0,63.0,61.6,62.2,62.05,62.36,163917,1022166450000.0,216.0,159277,0.9717
2017-04-18,NAHARPOLY,EQ,62.05,63.0,65.0,62.0,62.6,62.25,63.81,81596,520665475000.0,547.0,38652,0.4737
2017-04-19,NAHARPOLY,EQ,62.25,63.25,63.4,61.35,62.05,62.15,62.3,17889,111442805000.0,167.0,7596,0.42460000000000003
2017-04-20,NAHARPOLY,EQ,62.15,62.2,62.85,62.0,62.45,62.2,62.21,13478,83845160000.0,166.0,10059,0.7463
2017-04-21,NAHARPOLY,EQ,62.2,62.0,63.0,61.9,62.4,62.25,62.36,21192,132156420000.0,128.0,16282,0.7683
2017-04-24,NAHARPOLY,EQ,62.25,63.8,67.5,62.45,65.35,65.45,65.72,254971,1675742555000.0,1347.0,82249,0.3226
2017-04-25,NAHARPOLY,EQ,65.45,66.9,69.0,65.25,65.7,65.95,67.04,195912,1313471690000.0,1528.0,100931,0.5152
2017-04-26,NAHARPOLY,EQ,65.95,65.75,66.3,63.0,63.65,63.5,64.41,44389,285924745000.0,496.0,29476,0.664
2017-04-27,NAHARPOLY,EQ,63.5,63.8,64.0,61.5,62.0,61.85,62.35,26239,163589370000.0,257.0,16107,0.6139
2017-04-28,NAHARPOLY,EQ,61.85,61.7,62.85,61.7,62.3,62.2,62.16,13543,84179180000.0,207.0,9725,0.7181000000000001
2017-05-02,NAHARPOLY,EQ,62.2,61.8,62.7,61.8,62.2,62.15,62.18,9703,60333919999.99999,102.0,7773,0.8011
2017-05-03,NAHARPOLY,EQ,62.15,62.0,62.95,61.05,62.25,62.25,62.32,13429,83691680000.0,110.0,8659,0.6448
2017-05-04,NAHARPOLY,EQ,62.25,62.4,65.8,62.0,62.55,62.4,63.52,67817,430753690000.00006,466.0,16647,0.24550000000000002
2017-05-05,NAHARPOLY,EQ,62.4,63.6,63.6,60.35,61.5,61.25,61.54,13665,84092505000.0,156.0,8611,0.6302000000000001
2017-05-08,NAHARPOLY,EQ,61.25,62.95,68.0,61.05,63.0,63.2,65.17,156504,1019860285000.0,1316.0,25935,0.16570000000000001
2017-05-09,NAHARPOLY,EQ,63.2,64.0,64.0,62.8,63.6,63.1,63.32,12111,76681770000.0,156.0,8195,0.6767000000000001
2017-05-10,NAHARPOLY,EQ,63.1,61.6,64.9,61.6,63.5,63.25,63.11,12952,81738470000.0,180.0,8052,0.6217
2017-05-11,NAHARPOLY,EQ,63.25,64.0,64.0,62.6,62.6,62.9,63.15,9520,60115705000.00001,137.0,5832,0.6126
2017-05-12,NAHARPOLY,EQ,62.9,62.7,63.85,61.65,61.65,61.9,61.92,8605,53281355000.00001,118.0,6762,0.7858
2017-05-15,NAHARPOLY,EQ,61.9,63.0,63.5,61.75,62.2,62.35,62.59,7506,46979690000.0,88.0,5408,0.7205
2017-05-16,NAHARPOLY,EQ,62.35,61.85,62.85,61.35,62.1,62.15,61.86,7266,44945565000.0,89.0,5543,0.7629000000000001
2017-05-17,NAHARPOLY,EQ,62.15,62.0,63.0,61.85,62.65,62.75,62.49,8715,54456840000.0,90.0,4786,0.5492
2017-05-18,NAHARPOLY,EQ,62.75,62.0,62.5,61.15,61.15,61.35,61.83,5611,34691260000.0,58.0,4948,0.8818000000000001
2017-05-19,NAHARPOLY,EQ,61.35,62.9,62.9,59.8,60.7,61.25,61.09,10954,66922490000.0,91.0,5845,0.5336
2017-05-22,NAHARPOLY,EQ,61.25,63.6,63.6,60.2,60.35,60.35,61.42,8934,54873205000.00001,93.0,5910,0.6615000000000001
2017-05-23,NAHARPOLY,EQ,60.35,59.35,60.0,58.05,59.1,59.25,59.02,5939,35052745000.0,133.0,3825,0.644
2017-05-24,NAHARPOLY,EQ,59.25,58.6,60.0,57.0,57.0,57.15,58.19,20212,117604755000.0,191.0,12932,0.6398
2017-05-25,NAHARPOLY,EQ,57.15,59.0,59.9,57.6,59.1,59.55,59.03,6196,36577665000.0,86.0,3096,0.4997
2017-05-26,NAHARPOLY,EQ,59.55,60.0,61.7,58.1,60.45,60.25,60.1,6247,37545405000.0,106.0,4073,0.652
2017-05-29,NAHARPOLY,EQ,60.25,60.5,60.9,58.2,58.5,58.85,58.68,8425,49435590000.0,95.0,4960,0.5887
2017-05-30,NAHARPOLY,EQ,58.85,58.5,60.0,56.65,59.2,59.1,58.05,32266,187311525000.0,402.0,14620,0.45310000000000006
2017-05-31,NAHARPOLY,EQ,59.1,57.8,58.95,57.2,58.5,58.55,58.05,14811,85984395000.0,194.0,9843,0.6646
2017-06-01,NAHARPOLY,EQ,58.55,58.05,59.75,58.05,58.6,58.4,58.53,4666,27309990000.000004,82.0,3282,0.7034
2017-06-02,NAHARPOLY,EQ,58.4,58.5,59.8,58.5,58.55,58.8,58.8,2781,16352365000.0,64.0,1860,0.6688
2017-06-05,NAHARPOLY,EQ,58.8,58.15,59.85,58.05,58.05,58.15,58.57,15948,93410625000.0,85.0,6113,0.3833
2017-06-06,NAHARPOLY,EQ,58.15,59.5,59.5,57.25,57.65,57.7,57.87,8146,47139925000.0,120.0,6243,0.7664
2017-06-07,NAHARPOLY,EQ,57.7,58.25,58.3,57.65,58.1,57.95,57.99,5905,34244305000.0,51.0,5097,0.8632
2017-06-08,NAHARPOLY,EQ,57.95,58.05,58.4,57.4,58.35,58.15,57.92,5089,29475355000.0,70.0,3737,0.7343000000000001
2017-06-09,NAHARPOLY,EQ,58.15,58.05,61.9,57.55,58.8,58.8,59.5,32980,196243645000.0,350.0,7099,0.21530000000000002
2017-06-12,NAHARPOLY,EQ,58.8,58.8,58.8,56.95,57.3,57.25,57.62,6503,37468090000.0,134.0,3964,0.6096
2017-06-13,NAHARPOLY,EQ,57.25,58.0,58.5,57.1,57.1,57.15,57.73,10738,61988900000.0,132.0,7722,0.7191
2017-06-14,NAHARPOLY,EQ,57.15,57.2,57.5,56.1,56.65,56.9,56.72,14526,82393960000.0,215.0,8849,0.6092000000000001
2017-06-15,NAHARPOLY,EQ,56.9,57.8,57.8,56.2,56.75,56.6,56.94,18936,107813439999.99998,78.0,14786,0.7808
2017-06-16,NAHARPOLY,EQ,56.6,57.0,58.05,56.75,58.0,57.7,57.55,13727,78998485000.0,176.0,7763,0.5655
2017-06-19,NAHARPOLY,EQ,57.7,58.5,58.5,56.3,57.65,57.6,57.52,12933,74390820000.0,122.0,9005,0.6962999999999999
2017-06-20,NAHARPOLY,EQ,57.6,57.0,57.9,56.75,57.0,56.95,57.13,5155,29448740000.000004,102.0,3511,0.6811
2017-06-21,NAHARPOLY,EQ,56.95,56.95,57.3,55.5,55.9,56.2,56.26,44603,250919729999.99997,289.0,34286,0.7687
2017-06-22,NAHARPOLY,EQ,56.2,56.6,56.8,55.6,56.0,55.9,56.25,38089,214236100000.0,203.0,33847,0.8886000000000001
2017-06-23,NAHARPOLY,EQ,55.9,56.0,56.0,54.65,55.1,55.15,55.29,6654,36792100000.0,86.0,6016,0.9041
2017-06-27,NAHARPOLY,EQ,55.15,54.8,56.5,52.0,55.2,55.35,54.54,27204,148381470000.0,491.0,14363,0.528
2017-06-28,NAHARPOLY,EQ,55.35,54.05,54.4,53.6,53.8,53.95,54.04,4129,22315095000.0,82.0,2973,0.72
2017-06-29,NAHARPOLY,EQ,53.95,54.0,55.2,54.0,54.75,54.9,54.63,5483,29952625000.0,47.0,5370,0.9794
2017-06-30,NAHARPOLY,EQ,54.9,56.0,56.0,53.5,54.0,54.1,54.16,7952,43069650000.0,61.0,7161,0.9005
2017-07-03,NAHARPOLY,EQ,54.1,55.95,55.95,53.65,54.4,54.3,54.46,4720,25703590000.0,103.0,2466,0.5225
2017-07-04,NAHARPOLY,EQ,54.3,54.35,56.0,54.3,55.95,55.8,55.37,11302,62582555000.00001,143.0,9634,0.8523999999999999
2017-07-05,NAHARPOLY,EQ,55.8,55.15,57.0,54.3,55.5,55.75,55.75,9101,50740235000.0,115.0,7433,0.8167
2017-07-06,NAHARPOLY,EQ,55.75,57.0,57.0,55.55,56.4,55.9,56.25,9473,53281444999.99999,84.0,7594,0.8016
2017-07-07,NAHARPOLY,EQ,55.9,55.25,56.9,55.0,56.5,56.25,56.19,10974,61661860000.0,107.0,9144,0.8331999999999999
2017-07-10,NAHARPOLY,EQ,56.25,55.15,62.15,55.15,56.8,56.85,56.16,612,3437085000.0,18.0,446,0.7288
2017-07-11,NAHARPOLY,EQ,56.85,57.5,57.75,56.0,56.85,56.85,56.76,25983,147483340000.0,151.0,22054,0.8488
2017-07-12,NAHARPOLY,EQ,56.85,56.1,61.8,54.3,59.9,60.05,59.7,239557,1430063400000.0,1477.0,112744,0.4706
2017-07-13,NAHARPOLY,EQ,60.05,60.05,61.7,58.8,60.3,60.55,60.61,75950,460335250000.0,717.0,26974,0.3552
2017-07-14,NAHARPOLY,EQ,60.55,60.0,61.1,57.1,58.6,58.4,58.94,22396,132007660000.00002,333.0,8562,0.3823
2017-07-17,NAHARPOLY,EQ,58.4,58.8,60.7,58.1,59.0,58.5,58.97,7702,45420325000.0,166.0,3022,0.3924
2017-07-18,NAHARPOLY,EQ,58.5,58.75,59.0,57.5,58.0,58.05,58.26,1950,11360210000.0,49.0,1645,0.8436
2017-07-19,NAHARPOLY,EQ,58.05,58.1,59.75,58.1,59.0,59.0,58.79,4203,24710720000.0,87.0,2553,0.6074
2017-07-20,NAHARPOLY,EQ,59.0,58.0,59.35,56.2,58.9,58.4,58.43,27985,163508665000.0,328.0,10609,0.3791
2017-07-21,NAHARPOLY,EQ,58.4,57.65,59.5,57.65,58.5,58.0,58.22,7253,42230030000.0,98.0,5552,0.7655
2017-07-24,NAHARPOLY,EQ,58.0,58.0,59.0,57.2,58.85,58.9,58.47,8182,47839285000.0,101.0,6609,0.8077
2017-07-25,NAHARPOLY,EQ,58.9,58.2,59.5,57.6,58.4,58.45,58.75,5056,29705145000.0,57.0,1943,0.38430000000000003
2017-07-26,NAHARPOLY,EQ,58.45,58.15,59.0,58.1,58.1,58.25,58.83,7518,44226875000.0,76.0,5823,0.7745000000000001
2017-07-27,NAHARPOLY,EQ,58.25,59.85,59.85,57.4,57.8,57.7,58.05,4856,28189425000.0,87.0,3809,0.7844
2017-07-28,NAHARPOLY,EQ,57.7,57.85,58.3,56.2,58.2,56.85,56.85,196956,1119620755000.0,205.0,193987,0.9849
2017-07-31,NAHARPOLY,EQ,56.85,57.1,59.55,56.8,57.1,57.8,57.16,77448,442679059999.99994,230.0,70583,0.9114
2017-08-01,NAHARPOLY,EQ,57.8,58.2,58.2,56.1,57.05,56.85,56.79,4368,24805055000.0,98.0,3380,0.7737999999999999
2017-08-02,NAHARPOLY,EQ,56.85,56.8,57.6,56.45,57.6,57.2,57.16,3358,19193585000.0,49.0,2815,0.8383
2017-08-03,NAHARPOLY,EQ,57.2,57.6,57.8,56.0,56.85,56.45,56.47,1652,9329630000.0,35.0,1360,0.8231999999999999
2017-08-04,NAHARPOLY,EQ,56.45,57.1,57.1,53.35,56.0,55.75,55.15,7917,43663565000.0,223.0,2890,0.365
2017-08-07,NAHARPOLY,EQ,55.75,55.65,56.85,55.1,56.5,56.1,55.78,4488,25035705000.0,53.0,3014,0.6716
2017-08-08,NAHARPOLY,EQ,56.1,55.7,56.5,54.15,56.1,56.3,55.68,9784,54474755000.00001,229.0,6713,0.6861
2017-08-09,NAHARPOLY,EQ,56.3,55.5,55.5,54.3,55.0,54.95,55.0,10933,60126944999.99999,111.0,9948,0.9098999999999999
2017-08-10,NAHARPOLY,EQ,54.95,53.7,54.5,50.0,52.0,50.7,52.28,11026,57638960000.0,159.0,8850,0.8026000000000001
2017-08-11,NAHARPOLY,EQ,50.7,49.8,53.45,49.8,53.4,51.95,50.92,11196,57011310000.0,83.0,8352,0.746
2017-08-14,NAHARPOLY,EQ,51.95,50.0,51.6,49.1,50.4,50.65,50.47,26653,134527860000.00002,307.0,10019,0.37590000000000007
2017-08-16,NAHARPOLY,EQ,50.65,49.5,53.75,49.5,52.2,51.45,50.98,4902,24991790000.0,97.0,2467,0.5033
2017-08-17,NAHARPOLY,EQ,51.45,52.4,52.4,49.45,51.8,52.0,51.38,13143,67531069999.99999,278.0,8899,0.6770999999999999
2017-08-18,NAHARPOLY,EQ,52.0,50.05,52.0,50.05,51.9,51.2,51.5,1058,5448325000.0,48.0,880,0.8318000000000001
2017-08-21,NAHARPOLY,EQ,51.2,51.5,52.0,50.25,50.5,50.5,50.68,12221,61930494999.99999,104.0,8274,0.677
2017-08-22,NAHARPOLY,EQ,50.5,50.0,51.15,49.6,51.15,50.7,50.11,7370,36929985000.0,49.0,6813,0.9244
2017-08-23,NAHARPOLY,EQ,50.7,50.0,51.9,50.0,51.05,51.35,50.57,3444,17416580000.0,69.0,2422,0.7033
2017-08-24,NAHARPOLY,EQ,51.35,51.0,55.45,50.4,53.4,53.15,53.52,49813,266579095000.00003,422.0,23791,0.47759999999999997
2017-08-28,NAHARPOLY,EQ,53.15,53.6,53.85,52.25,53.85,53.1,52.96,4598,24348850000.0,64.0,4350,0.9461
2017-08-29,NAHARPOLY,EQ,53.1,53.0,53.75,51.35,52.0,52.2,52.32,5915,30946620000.0,80.0,4883,0.8255
2017-08-30,NAHARPOLY,EQ,52.2,52.35,52.85,51.6,52.5,52.55,52.13,11151,58132250000.0,105.0,7652,0.6862
2017-08-31,NAHARPOLY,EQ,52.55,52.5,53.0,51.5,52.65,52.8,52.43,15297,80205890000.0,126.0,10573,0.6912
2017-09-01,NAHARPOLY,EQ,52.8,52.65,54.3,52.3,54.3,53.85,53.5,7913,42336455000.0,141.0,6437,0.8135
2017-09-04,NAHARPOLY,EQ,53.85,53.6,56.8,53.2,55.5,55.6,55.79,51025,284663595000.0,425.0,20183,0.3956
2017-09-05,NAHARPOLY,EQ,55.6,57.1,59.5,55.2,57.9,58.5,58.12,59537,346026920000.0,594.0,32926,0.5529999999999999
2017-09-06,NAHARPOLY,EQ,58.5,58.0,59.25,56.2,57.6,58.45,58.31,22194,129408645000.0,199.0,16252,0.7323000000000001
2017-09-07,NAHARPOLY,EQ,58.45,59.7,59.7,57.0,57.95,57.5,57.71,8029,46331760000.0,104.0,6687,0.8329000000000001
2017-09-08,NAHARPOLY,EQ,57.5,57.05,57.95,56.15,57.0,56.6,56.82,3214,18263510000.0,81.0,2842,0.8843000000000001
2017-09-11,NAHARPOLY,EQ,56.6,56.05,57.0,55.2,57.0,56.55,56.25,16498,92793785000.0,179.0,7303,0.44270000000000004
2017-09-12,NAHARPOLY,EQ,56.55,57.95,59.75,57.5,58.0,58.4,58.81,124840,734230005000.0,882.0,29936,0.2398
2017-09-13,NAHARPOLY,EQ,58.4,58.0,58.9,56.8,57.0,57.55,57.79,32371,187082885000.0,270.0,21108,0.6520999999999999
2017-09-14,NAHARPOLY,EQ,57.55,57.5,59.7,56.65,57.1,57.35,58.15,79448,461961905000.0,324.0,7332,0.09230000000000001
2017-09-15,NAHARPOLY,EQ,57.35,57.1,57.55,56.0,56.6,57.0,56.89,7057,40146340000.0,148.0,4829,0.6843000000000001
2017-09-18,NAHARPOLY,EQ,57.0,59.3,59.3,53.6,54.9,54.15,56.38,241855,1363579445000.0,1148.0,95368,0.3943
2017-09-19,NAHARPOLY,EQ,54.15,55.8,56.8,54.5,56.7,55.8,55.84,29922,167086060000.0,340.0,21981,0.7345999999999999
2017-09-20,NAHARPOLY,EQ,55.8,56.35,56.6,55.4,56.3,56.2,56.21,21485,120767585000.00002,175.0,15617,0.7269
2017-09-21,NAHARPOLY,EQ,56.2,55.5,56.55,54.25,55.5,55.7,55.08,24171,133123160000.00002,295.0,14435,0.5972
2017-09-22,NAHARPOLY,EQ,55.7,55.15,55.15,52.5,53.2,53.0,53.44,29070,155349960000.0,307.0,19188,0.6601
2017-09-25,NAHARPOLY,EQ,53.0,53.0,53.95,51.45,53.6,53.1,52.56,8036,42240020000.0,188.0,4976,0.6192000000000001
2017-09-26,NAHARPOLY,EQ,53.1,54.7,54.7,52.2,52.7,53.1,52.96,6764,35822930000.0,82.0,5661,0.8369
2017-09-27,NAHARPOLY,EQ,53.1,52.9,53.0,51.45,51.6,52.2,52.15,3238,16886475000.0,74.0,2180,0.6733
2017-09-28,NAHARPOLY,EQ,52.2,51.0,52.95,51.0,52.0,52.05,51.89,3635,18863605000.0,88.0,1798,0.49460000000000004
2017-09-29,NAHARPOLY,EQ,52.05,52.0,53.7,52.0,52.5,52.5,52.79,8859,46765870000.0,108.0,7305,0.8246
2017-10-03,NAHARPOLY,EQ,52.5,52.35,53.1,52.2,52.5,53.0,52.64,6432,33859809999.999996,125.0,3484,0.5417000000000001
2017-10-04,NAHARPOLY,EQ,53.0,52.3,53.75,52.0,53.0,52.95,53.18,23365,124258300000.0,81.0,22114,0.9465000000000001
2017-10-05,NAHARPOLY,EQ,52.95,52.5,53.35,52.05,53.2,52.85,52.75,5891,31075465000.000004,73.0,4103,0.6965000000000001
2017-10-06,NAHARPOLY,EQ,52.85,52.35,53.5,52.35,53.0,53.2,53.09,7196,38203765000.0,93.0,6315,0.8776
2017-10-09,NAHARPOLY,EQ,53.2,54.0,54.0,52.4,52.75,53.2,53.26,4378,23319090000.0,96.0,2074,0.4737
2017-10-10,NAHARPOLY,EQ,53.2,53.2,54.1,53.0,53.0,53.0,53.46,29993,160343750000.0,233.0,25595,0.8534
2017-10-11,NAHARPOLY,EQ,53.0,54.0,54.0,51.55,52.9,53.0,53.26,31835,169561155000.0,269.0,20704,0.6504000000000001
2017-10-12,NAHARPOLY,EQ,53.0,53.95,53.95,52.95,53.0,53.15,53.42,12842,68604510000.0,129.0,8948,0.6968000000000001
2017-10-13,NAHARPOLY,EQ,53.15,53.05,53.85,52.55,53.7,53.25,53.19,17259,91805600000.0,97.0,11915,0.6904000000000001
2017-10-16,NAHARPOLY,EQ,53.25,53.05,53.5,52.7,53.0,53.35,53.14,27343,145311990000.0,193.0,17295,0.6325000000000001
2017-10-17,NAHARPOLY,EQ,53.35,52.6,53.6,52.3,53.1,53.0,52.96,16055,85021620000.0,100.0,13340,0.8309000000000001
2017-10-18,NAHARPOLY,EQ,53.0,52.85,53.65,52.85,53.65,53.3,53.24,2367,12601065000.0,33.0,1464,0.6185
2017-10-19,NAHARPOLY,EQ,53.3,53.95,54.5,53.5,54.0,53.8,54.22,7872,42683760000.0,32.0,7021,0.8919
2017-10-23,NAHARPOLY,EQ,53.8,54.8,54.8,53.0,53.75,53.3,53.53,6714,35937120000.0,77.0,5366,0.7992
2017-10-24,NAHARPOLY,EQ,53.3,53.75,55.95,53.75,55.55,55.6,55.24,52285,288835375000.0,310.0,37468,0.7166
2017-10-25,NAHARPOLY,EQ,55.6,55.55,56.25,54.75,56.0,56.0,55.66,6354,35366355000.0,76.0,3897,0.6133
2017-10-26,NAHARPOLY,EQ,56.0,55.45,55.7,54.5,55.0,55.15,54.99,4416,24282985000.0,100.0,3368,0.7626999999999999
2017-10-27,NAHARPOLY,EQ,55.15,54.15,58.8,54.05,56.3,56.65,57.61,172209,992164375000.0,1044.0,65350,0.37950000000000006
2017-10-30,NAHARPOLY,EQ,56.65,57.4,57.85,56.2,56.8,56.85,57.17,28288,161724845000.0,292.0,20797,0.7352
2017-10-31,NAHARPOLY,EQ,56.85,56.1,56.95,55.0,55.5,55.5,55.73,10787,60110685000.0,178.0,6334,0.5872
2017-11-01,NAHARPOLY,EQ,55.5,55.5,57.05,55.05,56.4,56.0,56.2,22905,128722930000.0,162.0,16536,0.7219
2017-11-02,NAHARPOLY,EQ,56.0,56.15,56.75,55.3,56.0,56.1,56.17,9532,53544819999.99999,86.0,8590,0.9012000000000001
2017-11-03,NAHARPOLY,EQ,56.1,56.15,57.0,56.15,56.9,56.8,56.59,9306,52665635000.0,120.0,8168,0.8776999999999999
2017-11-06,NAHARPOLY,EQ,56.8,57.35,57.95,56.4,57.75,57.65,57.17,14044,80285135000.0,109.0,10158,0.7232999999999999
2017-11-07,NAHARPOLY,EQ,57.65,58.0,60.8,57.0,57.25,57.15,59.18,137233,812191760000.0,593.0,61430,0.4476
2017-11-08,NAHARPOLY,EQ,57.15,58.35,58.35,56.5,57.0,56.7,57.27,18039,103309660000.0,123.0,13702,0.7595999999999999
2017-11-09,NAHARPOLY,EQ,56.7,56.85,57.0,55.7,56.75,56.85,56.52,4458,25198270000.0,88.0,2901,0.6507
2017-11-10,NAHARPOLY,EQ,56.85,56.2,57.5,56.2,57.5,57.5,57.01,5930,33807145000.0,64.0,4086,0.6890000000000001
2017-11-13,NAHARPOLY,EQ,57.5,56.6,58.8,56.6,57.0,57.0,57.45,14371,82563840000.0,165.0,10243,0.7128
2017-11-14,NAHARPOLY,EQ,57.0,57.5,57.5,56.2,57.0,57.05,56.96,9853,56125594999.99999,99.0,8032,0.8151999999999999
2017-11-15,NAHARPOLY,EQ,57.05,58.45,60.0,56.4,57.95,57.55,58.44,81823,478165070000.0,410.0,54944,0.6715000000000001
2017-11-16,NAHARPOLY,EQ,57.55,68.9,68.9,59.3,59.7,60.15,62.79,478915,3006942940000.0,4618.0,175179,0.3658
2017-11-17,NAHARPOLY,EQ,60.15,61.2,62.5,58.55,59.9,59.3,60.13,51058,307000125000.0,538.0,26221,0.5136000000000001
2017-11-20,NAHARPOLY,EQ,59.3,60.0,60.65,57.75,60.6,60.0,59.1,31179,184259440000.0,324.0,17059,0.5471
2017-11-21,NAHARPOLY,EQ,60.0,60.65,61.2,59.0,59.05,59.2,59.47,21446,127546564999.99998,257.0,13293,0.6198
2017-11-22,NAHARPOLY,EQ,59.2,59.0,60.4,57.15,59.0,58.8,58.86,32076,188787820000.0,209.0,25708,0.8015000000000001
2017-11-23,NAHARPOLY,EQ,58.8,60.8,60.8,58.35,59.0,59.05,58.99,63761,376098060000.0,235.0,53809,0.8439
2017-11-24,NAHARPOLY,EQ,59.05,60.25,62.0,58.45,61.05,61.25,60.64,71224,431883309999.99994,380.0,59647,0.8375
2017-11-27,NAHARPOLY,EQ,61.25,61.5,62.25,59.95,62.0,61.85,61.57,65672,404368195000.0,309.0,50908,0.7752
2017-11-28,NAHARPOLY,EQ,61.85,62.8,63.35,61.0,61.05,61.1,62.15,70713,439515090000.00006,343.0,57465,0.8127
2017-11-29,NAHARPOLY,EQ,61.1,61.05,62.2,61.05,61.2,61.45,61.37,14966,91839135000.0,134.0,11106,0.7421
2017-11-30,NAHARPOLY,EQ,61.45,61.0,61.75,60.15,61.75,61.5,61.36,29783,182747645000.0,139.0,27535,0.9245000000000001
2017-12-01,NAHARPOLY,EQ,61.5,61.2,62.05,60.6,61.0,60.85,61.29,20680,126742720000.0,125.0,15906,0.7691
2017-12-04,NAHARPOLY,EQ,60.85,60.05,62.8,60.05,61.5,61.75,61.81,34284,211919670000.00003,171.0,25547,0.7452
2017-12-05,NAHARPOLY,EQ,61.75,61.0,61.0,58.0,60.85,60.4,60.22,25434,153154030000.0,145.0,18421,0.7243
2017-12-06,NAHARPOLY,EQ,60.4,60.4,61.85,60.25,61.0,61.05,61.3,19942,122239395000.0,121.0,14909,0.7476
2017-12-07,NAHARPOLY,EQ,61.05,61.5,61.9,59.1,60.65,60.2,60.72,49998,303565050000.0,134.0,33309,0.6662
2017-12-08,NAHARPOLY,EQ,60.2,60.7,61.65,60.1,60.2,60.25,61.0,12490,76193135000.0,95.0,10766,0.8620000000000001
2017-12-11,NAHARPOLY,EQ,60.25,60.45,61.7,59.35,61.65,61.1,60.64,4218,25579205000.0,87.0,3166,0.7506
2017-12-12,NAHARPOLY,EQ,61.1,60.2,62.0,58.6,60.0,60.25,61.17,26974,164992180000.0,240.0,11944,0.4428
2017-12-13,NAHARPOLY,EQ,60.25,60.0,61.0,59.4,60.25,59.95,59.95,13030,78119025000.0,149.0,9450,0.7252
2017-12-14,NAHARPOLY,EQ,59.95,60.2,60.2,58.2,59.0,59.25,59.55,6152,36634395000.0,62.0,4196,0.6820999999999999
2017-12-15,NAHARPOLY,EQ,59.25,60.4,60.4,58.25,59.5,59.1,59.08,12368,73065845000.0,130.0,6869,0.5554
2017-12-18,NAHARPOLY,EQ,59.1,58.9,60.6,57.2,58.85,58.1,58.82,21919,128934120000.0,147.0,19741,0.9006000000000001
2017-12-19,NAHARPOLY,EQ,58.1,58.5,61.0,58.05,60.5,60.35,59.94,11312,67805985000.0,174.0,7687,0.6795
2017-12-20,NAHARPOLY,EQ,60.35,61.15,61.5,60.4,61.0,60.7,60.94,12189,74281095000.0,113.0,8397,0.6889000000000001
2017-12-21,NAHARPOLY,EQ,60.7,61.75,63.9,61.6,63.0,63.25,62.88,64518,405676355000.0,384.0,39361,0.6101
2017-12-22,NAHARPOLY,EQ,63.25,64.0,64.25,62.2,63.0,63.0,62.91,21927,137940315000.0,220.0,17237,0.7861
2017-12-26,NAHARPOLY,EQ,63.0,63.9,67.45,62.25,66.0,66.1,65.78,168316,1107117225000.0,1239.0,109677,0.6516
2017-12-27,NAHARPOLY,EQ,66.1,67.5,68.9,65.7,66.5,67.1,67.83,108263,734361545000.0,650.0,74296,0.6863
2017-12-28,NAHARPOLY,EQ,67.1,67.5,77.0,67.5,72.95,72.2,73.13,857391,6270301605000.0,6909.0,253561,0.2957
2017-12-29,NAHARPOLY,EQ,72.2,72.0,76.1,69.9,71.15,71.45,73.48,164341,1207658965000.0,2065.0,64699,0.3937
2018-01-01,NAHARPOLY,EQ,71.45,74.9,78.4,73.0,75.35,74.95,76.82,513442,3944242150000.0,4455.0,201003,0.3915
2018-01-02,NAHARPOLY,EQ,74.95,76.8,77.9,73.25,73.85,73.7,74.73,92389,690444435000.0,1048.0,45409,0.4915
2018-01-03,NAHARPOLY,EQ,73.7,74.4,74.9,72.0,72.3,72.5,73.17,35533,260005535000.0,571.0,22032,0.62
2018-01-04,NAHARPOLY,EQ,72.5,73.0,73.95,72.0,72.15,72.25,72.69,58493,425172159999.99994,514.0,38226,0.6535
2018-01-05,NAHARPOLY,EQ,72.25,74.5,74.5,70.0,71.1,70.75,71.43,52096,372122915000.0,476.0,33162,0.6365999999999999
2018-01-08,NAHARPOLY,EQ,70.75,71.95,72.0,69.5,71.0,71.35,71.18,59771,425451340000.00006,593.0,42348,0.7084999999999999
2018-01-09,NAHARPOLY,EQ,71.35,71.35,73.75,70.1,72.0,71.65,71.84,56588,406520150000.0,456.0,40777,0.7206
2018-01-10,NAHARPOLY,EQ,71.65,71.7,72.9,70.8,71.95,71.5,71.52,40398,288946270000.0,304.0,33484,0.8289
2018-01-11,NAHARPOLY,EQ,71.5,70.2,72.85,70.0,70.5,70.1,70.93,40416,286669370000.0,462.0,24375,0.6031000000000001
2018-01-12,NAHARPOLY,EQ,70.1,70.25,83.95,70.25,82.3,82.95,79.01,1749999,13827400185000.0,12836.0,424877,0.24280000000000002
2018-01-15,NAHARPOLY,EQ,82.95,81.8,81.95,77.15,77.65,78.45,79.22,282237,2235766145000.0,3311.0,126659,0.44880000000000003
2018-01-16,NAHARPOLY,EQ,78.45,77.65,78.45,72.05,72.4,72.45,74.57,132426,987467760000.0,1642.0,64027,0.48350000000000004
2018-01-17,NAHARPOLY,EQ,72.45,72.85,76.5,68.1,74.0,74.95,72.44,71255,516151525000.0,1293.0,35175,0.4936
2018-01-18,NAHARPOLY,EQ,74.95,75.45,85.0,73.15,75.2,75.6,81.0,1065908,8633448420000.0,10815.0,220871,0.2072
2018-01-19,NAHARPOLY,EQ,75.6,77.0,80.95,73.25,76.05,76.9,77.58,194116,1505940315000.0,2650.0,45995,0.23690000000000003
2018-01-22,NAHARPOLY,EQ,76.9,75.1,79.45,75.1,75.4,75.8,76.94,73693,567018035000.0,1029.0,24820,0.3368
2018-01-23,NAHARPOLY,EQ,75.8,77.7,77.7,73.6,75.35,75.0,75.38,35413,266952070000.00003,616.0,20819,0.5879
2018-01-24,NAHARPOLY,EQ,75.0,76.0,83.0,72.1,78.25,79.65,79.41,421436,3346569715000.0,3658.0,123895,0.294
2018-01-25,NAHARPOLY,EQ,79.65,82.0,86.3,81.0,82.5,82.5,84.09,464268,3903931529999.9995,4762.0,180923,0.3897
2018-01-29,NAHARPOLY,EQ,82.5,83.3,86.0,77.0,78.0,77.95,82.33,105305,866949375000.0,1208.0,44287,0.42060000000000003
2018-01-30,NAHARPOLY,EQ,77.95,78.95,79.95,75.0,76.25,75.55,76.44,71700,548044550000.0,947.0,21397,0.2984
2018-01-31,NAHARPOLY,EQ,75.55,76.25,77.95,73.4,74.05,74.6,75.51,57043,430706159999.99994,592.0,23165,0.4061
2018-02-01,NAHARPOLY,EQ,74.6,75.05,76.0,72.35,74.6,74.25,74.58,60310,449820305000.0,565.0,33837,0.5611
2018-02-02,NAHARPOLY,EQ,74.25,73.0,73.9,65.2,66.5,66.95,68.93,85346,588251470000.0,883.0,45551,0.5337
2018-02-05,NAHARPOLY,EQ,66.95,63.6,71.0,63.5,66.85,67.4,67.0,84745,567827180000.0,640.0,27423,0.3236
2018-02-06,NAHARPOLY,EQ,67.4,62.0,66.9,60.75,64.25,64.35,64.56,39924,257741260000.0,437.0,21810,0.5463
2018-02-07,NAHARPOLY,EQ,64.35,66.85,73.2,65.1,67.4,67.65,69.63,239351,1666513440000.0,2333.0,47463,0.19829999999999998
2018-02-08,NAHARPOLY,EQ,67.65,68.25,71.3,67.4,69.2,70.05,69.61,72982,508032115000.00006,683.0,28738,0.39380000000000004
2018-02-09,NAHARPOLY,EQ,70.05,69.85,70.8,68.0,70.0,70.25,69.71,36691,255762445000.00003,400.0,22951,0.6255
2018-02-12,NAHARPOLY,EQ,70.25,69.0,70.75,68.2,69.2,69.0,69.23,63580,440184950000.0,559.0,28815,0.4532
2018-02-14,NAHARPOLY,EQ,69.0,69.25,70.0,68.05,68.2,68.25,68.64,22727,156006310000.0,307.0,11034,0.4855
2018-02-15,NAHARPOLY,EQ,68.25,69.25,69.75,65.7,66.55,66.75,68.11,19124,130249455000.0,258.0,10021,0.524
2018-02-16,NAHARPOLY,EQ,66.75,67.4,67.5,63.0,63.9,63.4,64.63,16921,109354664999.99998,203.0,11704,0.6917
2018-02-19,NAHARPOLY,EQ,63.4,64.4,68.0,61.7,62.75,63.05,63.93,31822,203450235000.0,271.0,12547,0.3943
2018-02-20,NAHARPOLY,EQ,63.05,65.1,65.1,63.55,65.0,64.4,64.21,12742,81815450000.0,116.0,7984,0.6265999999999999
2018-02-21,NAHARPOLY,EQ,64.4,64.3,65.4,64.0,64.0,64.2,64.68,9617,62198780000.00001,125.0,3956,0.4114
2018-02-22,NAHARPOLY,EQ,64.2,63.5,64.5,62.7,64.05,63.65,63.52,5876,37324590000.0,104.0,3980,0.6773
2018-02-23,NAHARPOLY,EQ,63.65,64.55,65.0,63.55,65.0,64.75,64.37,9911,63799985000.0,151.0,6317,0.6374000000000001
2018-02-26,NAHARPOLY,EQ,64.75,64.5,65.9,64.5,65.5,65.05,65.2,5218,34019409999.999996,59.0,3225,0.6181
2018-02-27,NAHARPOLY,EQ,65.05,64.7,65.5,63.0,64.2,63.55,63.93,14695,93951000000.0,206.0,5457,0.3714
2018-02-28,NAHARPOLY,EQ,63.55,63.5,68.1,63.1,64.9,64.9,65.98,25480,168121475000.0,331.0,9905,0.3887
2018-03-01,NAHARPOLY,EQ,64.9,66.9,66.9,64.0,64.0,64.2,64.81,4504,29190559999.999996,73.0,2512,0.5577000000000001
2018-03-05,NAHARPOLY,EQ,64.2,63.05,63.4,60.05,60.65,60.45,61.52,16188,99595595000.0,222.0,10689,0.6603
2018-03-06,NAHARPOLY,EQ,60.45,62.85,62.85,58.7,59.1,59.3,60.38,12551,75788435000.0,193.0,8212,0.6543000000000001
2018-03-07,NAHARPOLY,EQ,59.3,59.3,59.3,54.75,56.6,56.05,56.66,29727,168433085000.0,318.0,19417,0.6531999999999999
2018-03-08,NAHARPOLY,EQ,56.05,56.35,63.4,55.0,59.25,59.75,59.19,157671,933234680000.0001,1572.0,75064,0.4761
2018-03-09,NAHARPOLY,EQ,59.75,60.25,61.8,56.7,57.65,57.15,58.74,18988,111539264999.99998,418.0,7988,0.4207
2018-03-12,NAHARPOLY,EQ,57.15,58.0,59.0,56.4,57.9,57.55,57.74,13634,78717695000.0,109.0,11415,0.8372
2018-03-13,NAHARPOLY,EQ,57.55,57.4,60.0,57.4,58.2,58.25,58.7,11992,70392795000.0,141.0,7297,0.6085
2018-03-14,NAHARPOLY,EQ,58.25,58.1,59.0,57.5,58.55,58.5,58.17,4555,26494575000.0,90.0,2878,0.6318
2018-03-15,NAHARPOLY,EQ,58.5,58.05,59.9,55.0,57.85,57.95,57.22,29839,170744795000.0,256.0,11900,0.39880000000000004
2018-03-16,NAHARPOLY,EQ,57.95,58.0,59.7,56.6,57.0,57.25,57.93,10314,59750625000.0,141.0,8238,0.7987000000000001
2018-03-19,NAHARPOLY,EQ,57.25,58.0,58.75,56.35,56.9,56.6,57.52,33133,190581045000.0,87.0,29823,0.9001000000000001
2018-03-20,NAHARPOLY,EQ,56.6,55.65,57.0,55.05,55.4,55.75,56.27,20067,112926670000.0,126.0,17968,0.8954000000000001
2018-03-21,NAHARPOLY,EQ,55.75,55.5,57.0,55.0,55.6,55.6,56.16,5314,29844415000.000004,91.0,3492,0.6570999999999999
2018-03-22,NAHARPOLY,EQ,55.6,55.4,58.0,54.7,55.2,55.0,55.64,5989,33320505000.0,89.0,5099,0.8514
2018-03-23,NAHARPOLY,EQ,55.0,53.15,54.0,51.6,52.9,52.4,52.55,32593,171284840000.0,272.0,23480,0.7204
2018-03-26,NAHARPOLY,EQ,52.4,52.0,54.3,50.4,51.0,51.25,51.37,40389,207470015000.0,234.0,31478,0.7794
2018-03-27,NAHARPOLY,EQ,51.25,53.45,54.5,53.3,53.35,53.45,53.81,19997,107597289999.99998,131.0,14093,0.7048000000000001
2018-03-28,NAHARPOLY,EQ,53.45,53.4,53.95,52.05,52.1,52.15,52.83,11733,61986875000.0,103.0,9946,0.8477
2018-04-02,NAHARPOLY,EQ,52.15,52.55,56.9,52.5,55.6,55.8,55.54,22170,123122530000.0,185.0,9612,0.4336
2018-04-03,NAHARPOLY,EQ,55.8,57.3,58.95,55.55,57.4,57.25,56.63,11508,65167385000.0,80.0,9551,0.8299
2018-04-04,NAHARPOLY,EQ,57.25,57.2,63.8,57.2,58.0,57.7,59.9,99841,598040365000.0,730.0,14934,0.1496
2018-04-05,NAHARPOLY,EQ,57.7,60.0,61.3,59.0,59.2,59.2,60.16,16674,100309225000.0,181.0,10013,0.6005
2018-04-06,NAHARPOLY,EQ,59.2,60.65,60.65,57.2,60.4,59.85,59.53,11676,69510315000.0,173.0,7127,0.6104
2018-04-09,NAHARPOLY,EQ,59.85,60.8,61.75,59.8,60.65,60.55,60.51,9717,58793335000.0,88.0,5968,0.6142000000000001
2018-04-10,NAHARPOLY,EQ,60.55,60.9,60.9,58.85,60.05,59.5,59.82,9785,58536565000.0,133.0,6376,0.6516
2018-04-11,NAHARPOLY,EQ,59.5,61.25,61.25,59.0,59.4,59.2,59.43,4698,27921765000.000004,134.0,3851,0.8197
2018-04-12,NAHARPOLY,EQ,59.2,59.35,59.75,57.5,58.3,58.15,58.46,15584,91104105000.0,132.0,11569,0.7424
2018-04-13,NAHARPOLY,EQ,58.15,58.55,60.0,57.25,59.65,59.3,58.96,9314,54913705000.00001,221.0,5877,0.631
2018-04-16,NAHARPOLY,EQ,59.3,58.5,59.55,57.5,58.8,59.15,58.82,5608,32986080000.0,121.0,2434,0.434
2018-04-17,NAHARPOLY,EQ,59.15,58.6,59.3,58.25,58.4,58.55,58.54,4228,24751930000.0,43.0,2446,0.5785
2018-04-18,NAHARPOLY,EQ,58.55,58.6,61.75,58.15,59.0,58.95,59.67,12321,73518945000.0,186.0,4272,0.3467
2018-04-19,NAHARPOLY,EQ,58.95,58.3,60.95,58.3,60.0,59.45,59.52,24477,145688955000.0,143.0,6762,0.2763
2018-04-20,NAHARPOLY,EQ,59.45,58.55,60.5,58.3,58.3,58.5,58.91,16629,97958250000.0,295.0,11238,0.6758
2018-04-23,NAHARPOLY,EQ,58.5,58.45,59.8,58.05,58.5,58.5,58.65,9219,54069490000.0,103.0,6119,0.6637000000000001
2018-04-24,NAHARPOLY,EQ,58.5,58.0,60.3,58.0,58.55,58.65,58.79,11811,69436090000.0,108.0,9268,0.7847
2018-04-25,NAHARPOLY,EQ,58.65,58.0,59.45,56.5,57.45,57.45,57.83,18495,106960920000.0,150.0,14742,0.7970999999999999
2018-04-26,NAHARPOLY,EQ,57.45,56.8,57.65,55.6,57.4,56.9,56.65,3116,17653080000.0,58.0,1972,0.6329
2018-04-27,NAHARPOLY,EQ,56.9,57.1,59.05,56.2,56.5,56.5,57.07,8339,47591070000.0,107.0,5000,0.5996
2018-04-30,NAHARPOLY,EQ,56.5,57.7,58.3,56.2,57.05,57.05,57.15,3572,20412240000.0,43.0,2889,0.8088
2018-05-02,NAHARPOLY,EQ,57.05,57.05,57.5,55.6,56.75,56.8,56.44,3182,17958370000.0,63.0,1990,0.6254
2018-05-03,NAHARPOLY,EQ,56.8,54.65,57.8,54.1,55.9,55.65,55.48,8012,44451185000.0,86.0,3646,0.4551
2018-05-04,NAHARPOLY,EQ,55.65,55.15,56.0,54.1,55.0,54.75,54.93,5256,28869775000.0,71.0,2415,0.4595
2018-05-07,NAHARPOLY,EQ,54.75,55.05,56.4,54.35,54.9,54.9,55.05,4031,22189670000.0,113.0,2727,0.6765000000000001
2018-05-08,NAHARPOLY,EQ,54.9,54.2,55.5,54.05,54.05,54.5,54.73,6978,38188160000.0,65.0,4544,0.6512000000000001
2018-05-09,NAHARPOLY,EQ,54.5,55.55,55.55,53.15,53.65,54.15,54.08,24377,131822720000.0,87.0,16590,0.6806
2018-05-10,NAHARPOLY,EQ,54.15,54.0,54.0,52.0,52.3,52.8,53.1,16113,85560740000.0,113.0,12084,0.75
2018-05-11,NAHARPOLY,EQ,52.8,52.5,52.9,52.0,52.5,52.35,52.17,4133,21561490000.0,72.0,2949,0.7134999999999999
2018-05-14,NAHARPOLY,EQ,52.35,53.65,53.65,51.2,51.2,51.5,51.85,4903,25421720000.0,58.0,3625,0.7393000000000001
2018-05-15,NAHARPOLY,EQ,51.5,51.25,52.0,50.5,51.7,50.9,51.16,2903,14851350000.0,29.0,2322,0.7998999999999999
2018-05-16,NAHARPOLY,EQ,50.9,50.2,52.0,48.5,49.5,49.5,49.71,10453,51959185000.0,117.0,8330,0.7968999999999999
2018-05-17,NAHARPOLY,EQ,49.5,49.05,49.05,45.95,47.0,46.55,47.57,76094,361978955000.0,293.0,68206,0.8963
2018-05-18,NAHARPOLY,EQ,46.55,47.55,48.95,46.2,47.0,46.6,47.93,12412,59495900000.0,211.0,6140,0.4947
2018-05-21,NAHARPOLY,EQ,46.6,48.5,48.5,44.9,47.0,46.6,46.16,6150,28386225000.0,92.0,2967,0.48240000000000005
2018-05-22,NAHARPOLY,EQ,46.6,47.5,47.5,45.6,47.2,47.15,46.48,3984,18516625000.0,53.0,2885,0.7241
2018-05-23,NAHARPOLY,EQ,47.15,47.45,48.5,46.4,47.0,47.25,47.55,3166,15055725000.0,97.0,1580,0.4991
2018-05-24,NAHARPOLY,EQ,47.25,47.05,53.8,47.05,49.0,49.0,51.58,233303,1203387345000.0,1643.0,40572,0.1739
2018-05-25,NAHARPOLY,EQ,49.0,50.7,50.9,48.0,49.3,48.3,49.08,9301,45653830000.0,128.0,5607,0.6028
2018-05-28,NAHARPOLY,EQ,48.3,51.5,51.5,48.05,48.9,48.95,49.28,3941,19419770000.0,80.0,2020,0.5126
2018-05-29,NAHARPOLY,EQ,48.95,49.35,51.2,49.1,49.3,49.4,50.16,9377,47039625000.0,97.0,5326,0.568
2018-05-30,NAHARPOLY,EQ,49.4,49.7,51.0,48.15,49.9,50.05,49.94,6332,31620730000.0,93.0,3061,0.48340000000000005
2018-05-31,NAHARPOLY,EQ,50.05,50.05,51.0,48.35,49.2,48.7,49.85,10031,50008545000.0,76.0,8648,0.8621
2018-06-01,NAHARPOLY,EQ,48.7,48.0,49.45,47.15,47.15,47.15,47.74,3031,14470070000.000002,72.0,2644,0.8723000000000001
2018-06-04,NAHARPOLY,EQ,47.15,47.1,47.1,45.65,45.65,45.7,46.27,3566,16500340000.0,34.0,3521,0.9873999999999999
2018-06-05,NAHARPOLY,EQ,45.7,45.3,46.9,40.45,42.4,42.8,43.98,6171,27143105000.0,138.0,4833,0.7831999999999999
2018-06-06,NAHARPOLY,EQ,42.8,42.4,44.5,42.25,44.5,44.05,43.56,7550,32891184999.999996,65.0,5124,0.6787000000000001
2018-06-07,NAHARPOLY,EQ,44.05,43.0,46.5,43.0,45.15,45.2,45.26,6019,27241055000.0,65.0,5020,0.8340000000000001
2018-06-08,NAHARPOLY,EQ,45.2,44.95,47.0,44.2,46.7,46.45,46.15,4837,22323715000.0,90.0,3349,0.6924
2018-06-11,NAHARPOLY,EQ,46.45,47.35,48.0,46.3,47.3,47.6,47.24,3228,15248565000.0,55.0,2435,0.7543000000000001
2018-06-12,NAHARPOLY,EQ,47.6,49.0,49.0,47.15,48.1,47.8,48.02,5816,27927275000.0,87.0,3913,0.6728000000000001
2018-06-13,NAHARPOLY,EQ,47.8,47.3,50.95,47.2,48.95,48.95,49.6,10107,50134510000.0,167.0,5208,0.5153
2018-06-14,NAHARPOLY,EQ,48.95,48.0,50.0,47.25,48.35,48.3,48.02,5887,28267420000.0,100.0,4114,0.6988
2018-06-15,NAHARPOLY,EQ,48.3,50.5,50.5,47.55,48.7,48.6,48.37,2640,12769925000.0,31.0,1704,0.6455
2018-06-18,NAHARPOLY,EQ,48.6,47.6,48.9,46.7,48.9,48.35,47.18,13752,64884119999.99999,65.0,12456,0.9058
2018-06-19,NAHARPOLY,EQ,48.35,47.0,48.7,46.65,47.2,47.3,47.3,7709,36465850000.0,66.0,6782,0.8798
2018-06-20,NAHARPOLY,EQ,47.3,48.0,48.0,47.0,47.0,47.05,47.15,1760,8297835000.000001,14.0,1660,0.9431999999999999
2018-06-21,NAHARPOLY,EQ,47.05,48.95,50.5,47.15,48.0,47.65,49.13,12397,60902694999.99999,177.0,5971,0.4816
2018-06-22,NAHARPOLY,EQ,47.65,46.85,48.3,46.85,48.3,47.95,47.49,6580,31249045000.0,50.0,5078,0.7717
2018-06-25,NAHARPOLY,EQ,47.95,50.0,50.0,46.6,46.6,46.65,47.51,4233,20109840000.0,59.0,3237,0.7647
2018-06-26,NAHARPOLY,EQ,46.65,48.45,48.45,46.15,47.0,46.85,46.73,1443,6743689999.999999,20.0,1412,0.9784999999999999
2018-06-27,NAHARPOLY,EQ,46.85,46.0,46.2,43.2,43.2,44.2,44.63,2613,11661480000.0,58.0,2253,0.8622
2018-06-28,NAHARPOLY,EQ,44.2,44.0,45.45,41.4,43.0,42.75,42.84,5153,22075590000.0,63.0,4577,0.8882
2018-06-29,NAHARPOLY,EQ,42.75,42.95,43.7,42.3,43.0,43.35,43.2,2869,12395505000.0,31.0,2616,0.9118
2018-07-02,NAHARPOLY,EQ,43.35,43.95,44.0,41.0,41.5,41.55,41.84,9377,39234820000.0,96.0,8889,0.948
2018-07-03,NAHARPOLY,EQ,41.55,42.9,43.0,41.0,41.95,41.2,41.6,4978,20707560000.0,57.0,4150,0.8337000000000001
2018-07-04,NAHARPOLY,EQ,41.2,41.05,42.7,40.65,42.7,41.9,41.74,2444,10201060000.0,33.0,2021,0.8269
2018-07-05,NAHARPOLY,EQ,41.9,41.0,41.9,40.95,41.75,41.4,41.28,7250,29926920000.0,75.0,4045,0.5579
2018-07-06,NAHARPOLY,EQ,41.4,40.5,45.0,40.5,43.3,43.15,43.05,2072,8919455000.0,61.0,1451,0.7003
2018-07-09,NAHARPOLY,EQ,43.15,44.8,45.35,42.35,43.3,43.35,43.44,2829,12290410000.0,60.0,1711,0.6048
2018-07-10,NAHARPOLY,EQ,43.35,43.55,44.5,43.5,44.05,44.35,44.07,4869,21458470000.0,39.0,4822,0.9903000000000001
2018-07-11,NAHARPOLY,EQ,44.35,45.0,45.05,43.6,44.4,44.4,44.59,1729,7709555000.0,39.0,1313,0.7594
2018-07-12,NAHARPOLY,EQ,44.4,44.4,45.0,43.5,44.0,43.95,44.32,4793,21242505000.0,34.0,4617,0.9633
2018-07-13,NAHARPOLY,EQ,43.95,45.85,45.85,43.4,43.45,43.4,43.61,2102,9166460000.0,22.0,1873,0.8911
2018-07-16,NAHARPOLY,EQ,43.4,44.0,44.0,40.5,40.6,40.6,41.88,4551,19058640000.0,63.0,3483,0.7653
2018-07-17,NAHARPOLY,EQ,40.6,39.9,41.8,39.85,40.3,40.6,40.19,12575,50542780000.0,59.0,6254,0.49729999999999996
2018-07-18,NAHARPOLY,EQ,40.6,39.05,41.5,39.0,40.2,40.95,40.09,18572,74451280000.0,89.0,15897,0.856
2018-07-19,NAHARPOLY,EQ,40.95,40.95,40.95,39.35,39.55,39.55,40.01,6901,27613505000.0,49.0,5677,0.8226000000000001
2018-07-20,NAHARPOLY,EQ,39.55,39.55,41.0,39.55,41.0,40.55,40.2,385,1547625000.0,9.0,300,0.7792
2018-07-23,NAHARPOLY,EQ,40.55,39.85,39.9,38.55,39.35,39.35,39.32,1747,6868410000.000001,24.0,1405,0.8042
2018-07-24,NAHARPOLY,EQ,39.35,39.9,41.85,38.1,41.5,41.15,40.24,8371,33684834999.999996,80.0,4094,0.4891
2018-07-25,NAHARPOLY,EQ,41.15,41.15,42.2,41.15,42.0,42.0,41.37,1176,4865430000.0,9.0,988,0.8401000000000001
2018-07-26,NAHARPOLY,EQ,42.0,42.05,43.5,42.05,43.5,43.35,42.89,8897,38157470000.0,68.0,4702,0.5285
2018-07-27,NAHARPOLY,EQ,43.35,43.5,44.45,42.7,44.25,44.1,43.43,6280,27275555000.0,52.0,5032,0.8013
2018-07-30,NAHARPOLY,EQ,44.1,44.2,45.8,44.15,45.0,45.2,44.75,8316,37209950000.0,123.0,4975,0.5982000000000001
2018-07-31,NAHARPOLY,EQ,45.2,44.35,45.75,44.3,45.5,45.25,44.91,3093,13892040000.0,201.0,1678,0.5425
2018-08-01,NAHARPOLY,EQ,45.25,45.8,46.8,43.5,45.0,45.0,45.44,5296,24067440000.0,169.0,2629,0.4964
2018-08-02,NAHARPOLY,EQ,45.0,44.0,46.75,43.35,44.75,45.7,44.73,5295,23685695000.0,67.0,3527,0.6661
2018-08-03,NAHARPOLY,EQ,45.7,45.0,49.0,45.0,46.95,46.75,46.74,7160,33466945000.0,140.0,4628,0.6464
2018-08-06,NAHARPOLY,EQ,46.75,48.8,50.7,47.1,48.4,47.95,48.32,6172,29824475000.0,108.0,4707,0.7626000000000001
2018-08-07,NAHARPOLY,EQ,47.95,49.75,50.95,47.15,47.15,47.55,48.87,6317,30868034999.999996,131.0,3704,0.5864
2018-08-08,NAHARPOLY,EQ,47.55,49.7,49.7,47.0,47.6,47.15,47.2,2070,9771150000.0,25.0,1942,0.9381999999999999
2018-08-09,NAHARPOLY,EQ,47.15,48.15,48.9,47.3,47.6,47.9,47.79,4212,20130515000.0,65.0,3214,0.7631
2018-08-10,NAHARPOLY,EQ,47.9,47.05,47.05,45.2,45.2,45.95,46.26,3262,15090900000.0,50.0,2919,0.8948
2018-08-13,NAHARPOLY,EQ,45.95,49.6,49.8,46.35,47.0,47.7,48.28,2646,12775290000.0,62.0,1292,0.4883
2018-08-14,NAHARPOLY,EQ,47.7,48.65,48.65,46.75,46.8,46.8,47.0,1359,6387160000.0,36.0,1028,0.7564000000000001
2018-08-16,NAHARPOLY,EQ,46.8,44.2,46.8,44.2,45.0,45.1,45.36,3886,17628260000.0,141.0,2250,0.579
2018-08-17,NAHARPOLY,EQ,45.1,47.0,47.0,45.55,46.8,45.6,45.92,1513,6947035000.000001,43.0,1279,0.8453
2018-08-20,NAHARPOLY,EQ,45.6,46.7,47.0,46.5,46.65,46.65,46.69,3527,16469270000.000002,31.0,3526,0.9997
2018-08-21,NAHARPOLY,EQ,46.65,47.35,49.0,45.9,46.25,46.45,46.69,3241,15133800000.0,53.0,1985,0.6125
2018-08-23,NAHARPOLY,EQ,46.45,46.0,47.0,43.65,45.3,44.8,45.06,3029,13648225000.0,74.0,1807,0.5966
2018-08-24,NAHARPOLY,EQ,44.8,44.5,49.4,44.5,48.8,48.55,48.38,33839,163702040000.0,270.0,21297,0.6294
2018-08-27,NAHARPOLY,EQ,48.55,50.0,52.6,48.55,49.1,48.8,50.41,99960,503926234999.99994,653.0,36448,0.36460000000000004
2018-08-28,NAHARPOLY,EQ,48.8,48.0,49.65,47.25,48.3,48.4,48.43,2358,11419010000.0,56.0,1492,0.6327
2018-08-29,NAHARPOLY,EQ,48.4,48.0,50.0,47.2,48.5,48.55,48.66,3757,18282410000.0,31.0,3415,0.909
2018-08-30,NAHARPOLY,EQ,48.55,49.0,50.5,48.05,48.6,48.75,49.34,4026,19864185000.0,60.0,2056,0.5107
2018-08-31,NAHARPOLY,EQ,48.75,48.0,48.0,47.0,47.5,47.45,47.31,4674,22113285000.0,51.0,4144,0.8865999999999999
2018-09-03,NAHARPOLY,EQ,47.45,47.2,48.0,46.55,47.3,47.05,47.47,5554,26362965000.000004,63.0,4621,0.8320000000000001
2018-09-04,NAHARPOLY,EQ,47.05,50.0,50.0,46.25,46.25,46.55,47.36,5069,24004810000.0,186.0,2706,0.5338
2018-09-05,NAHARPOLY,EQ,46.55,46.85,48.85,44.5,45.4,45.4,45.21,4023,18188915000.0,79.0,3248,0.8074
2018-09-06,NAHARPOLY,EQ,45.4,47.35,47.35,45.4,46.9,45.8,46.02,2233,10276110000.0,28.0,1654,0.7406999999999999
2018-09-07,NAHARPOLY,EQ,45.8,45.0,47.95,44.4,46.8,45.55,45.47,3829,17411240000.0,100.0,2734,0.7140000000000001
2018-09-10,NAHARPOLY,EQ,45.55,45.15,45.9,45.0,45.6,45.6,45.29,2370,10733170000.0,31.0,1482,0.6253000000000001
2018-09-11,NAHARPOLY,EQ,45.6,45.15,46.85,44.2,44.3,44.6,45.46,3618,16447504999.999998,55.0,2160,0.5970000000000001
2018-09-12,NAHARPOLY,EQ,44.6,44.55,45.0,43.65,43.9,44.4,43.99,4646,20439060000.0,50.0,3426,0.7373999999999999
2018-09-14,NAHARPOLY,EQ,44.4,43.9,45.45,42.65,45.0,45.0,44.53,3242,14436865000.0,34.0,2004,0.6181
2018-09-17,NAHARPOLY,EQ,45.0,45.0,47.5,45.0,46.4,46.6,46.28,4620,21381570000.0,51.0,3202,0.6931
2018-09-18,NAHARPOLY,EQ,46.6,46.0,46.0,44.05,44.05,44.25,44.99,2753,12386625000.0,67.0,1925,0.6992
2018-09-19,NAHARPOLY,EQ,44.25,44.2,45.65,43.6,45.0,44.85,44.49,4074,18125140000.0,32.0,2453,0.6021
2018-09-21,NAHARPOLY,EQ,44.85,44.95,49.4,43.5,43.7,44.15,44.91,6461,29018865000.000004,49.0,5102,0.7897
2018-09-24,NAHARPOLY,EQ,44.15,43.05,43.4,41.6,43.1,42.1,42.59,4302,18323060000.0,57.0,3389,0.7878000000000001
2018-09-25,NAHARPOLY,EQ,42.1,42.1,42.25,40.85,41.75,41.85,41.52,7357,30548905000.0,96.0,4845,0.6586
2018-09-26,NAHARPOLY,EQ,41.85,41.4,42.5,41.35,42.1,42.1,42.03,1097,4610825000.0,28.0,825,0.7521
2018-09-27,NAHARPOLY,EQ,42.1,42.1,42.2,41.0,41.0,41.6,41.87,2971,12439140000.0,27.0,2850,0.9593
2018-09-28,NAHARPOLY,EQ,41.6,40.5,41.8,38.6,38.7,39.1,40.02,6941,27779565000.000004,85.0,4846,0.6981999999999999
2018-10-01,NAHARPOLY,EQ,39.1,38.05,38.75,34.7,38.0,38.2,37.22,8626,32108675000.0,105.0,4743,0.5498
2018-10-03,NAHARPOLY,EQ,38.2,40.0,40.0,37.65,38.1,38.45,38.52,2410,9284480000.0,107.0,1386,0.5751
2018-10-04,NAHARPOLY,EQ,38.45,38.5,39.25,36.05,38.0,37.4,37.48,2540,9518780000.0,51.0,2156,0.8488
2018-10-05,NAHARPOLY,EQ,37.4,38.1,38.85,37.55,37.6,38.2,38.11,4401,16772320000.000002,36.0,3690,0.8384
2018-10-08,NAHARPOLY,EQ,38.2,39.65,40.3,37.4,39.0,38.9,38.12,9064,34549740000.0,70.0,7358,0.8118000000000001
2018-10-09,NAHARPOLY,EQ,38.9,37.95,39.5,36.6,39.5,38.8,38.03,2624,9978005000.0,36.0,2011,0.7664
2018-10-10,NAHARPOLY,EQ,38.8,36.5,40.2,36.5,40.0,39.25,39.21,6582,25807740000.0,35.0,1602,0.2434
2018-10-11,NAHARPOLY,EQ,39.25,37.3,38.95,37.0,37.0,37.2,37.58,5824,21888275000.0,84.0,4331,0.7436
2018-10-12,NAHARPOLY,EQ,37.2,39.95,39.95,37.6,38.85,38.85,38.58,4231,16322285000.0,40.0,2824,0.6675
2018-10-15,NAHARPOLY,EQ,38.85,38.9,41.8,38.25,41.7,41.0,39.92,10941,43680250000.0,74.0,8064,0.737
2018-10-16,NAHARPOLY,EQ,41.0,40.5,43.0,40.5,43.0,42.45,42.13,3188,13431229999.999998,51.0,1458,0.4573
2018-10-17,NAHARPOLY,EQ,42.45,42.0,45.9,40.7,42.5,41.6,42.33,8201,34713230000.0,92.0,4307,0.5252
2018-10-19,NAHARPOLY,EQ,41.6,40.25,41.05,39.25,39.3,39.45,40.27,2877,11586845000.0,82.0,2264,0.7869
2018-10-22,NAHARPOLY,EQ,39.45,41.45,41.45,38.2,38.2,38.7,39.15,1586,6209260000.0,92.0,966,0.6091
2018-10-23,NAHARPOLY,EQ,38.7,38.2,38.45,36.05,37.35,37.2,37.28,2301,8578510000.000001,31.0,2058,0.8944
2018-10-24,NAHARPOLY,EQ,37.2,37.2,39.0,36.2,37.95,37.3,37.42,5659,21176550000.0,64.0,3737,0.6604000000000001
2018-10-25,NAHARPOLY,EQ,37.3,37.0,37.9,37.0,37.5,37.5,37.37,1159,4331300000.0,22.0,1052,0.9077
2018-10-26,NAHARPOLY,EQ,37.5,37.1,38.35,36.75,37.1,37.1,37.15,4096,15217940000.0,80.0,2462,0.6011
2018-10-29,NAHARPOLY,EQ,37.1,37.9,39.5,36.35,37.85,37.55,37.39,2380,8898495000.0,38.0,1936,0.8134
2018-10-30,NAHARPOLY,EQ,37.55,38.3,38.5,37.5,38.5,38.4,38.26,511,1955000000.0,11.0,511,1.0
2018-10-31,NAHARPOLY,EQ,38.4,37.55,40.3,37.5,40.3,39.9,38.62,947,3657225000.0,34.0,598,0.6315
2018-11-01,NAHARPOLY,EQ,39.9,39.05,41.0,39.05,40.4,40.4,40.37,4256,17180175000.0,61.0,3440,0.8083
2018-11-02,NAHARPOLY,EQ,40.4,40.0,42.0,40.0,41.0,41.0,41.1,4234,17401195000.0,50.0,3345,0.79
2018-11-05,NAHARPOLY,EQ,41.0,42.05,42.05,40.5,41.0,41.0,41.07,4857,19946225000.0,102.0,3858,0.7943000000000001
2018-11-06,NAHARPOLY,EQ,41.0,41.0,42.0,41.0,42.0,41.85,41.59,10536,43823925000.0,32.0,7385,0.7009000000000001
2018-11-07,NAHARPOLY,EQ,41.85,42.8,42.8,42.0,42.0,42.05,42.06,6925,29125105000.0,17.0,6164,0.8901000000000001
2018-11-09,NAHARPOLY,EQ,42.05,42.5,42.5,41.3,42.5,42.5,41.89,2772,11611590000.0,23.0,2210,0.7973
2018-11-12,NAHARPOLY,EQ,42.5,43.25,43.9,42.5,43.4,43.6,43.36,3461,15006354999.999998,33.0,3360,0.9708
2018-11-13,NAHARPOLY,EQ,43.6,42.5,46.4,41.0,44.55,45.35,45.13,48551,219123485000.0,530.0,17866,0.368
2018-11-14,NAHARPOLY,EQ,45.35,46.0,46.0,43.3,45.9,45.5,44.93,12846,57712500000.0,108.0,10917,0.8498000000000001
2018-11-15,NAHARPOLY,EQ,45.5,45.05,45.05,42.5,43.5,43.7,43.76,8232,36024095000.0,96.0,4173,0.5069
2018-11-16,NAHARPOLY,EQ,43.7,43.15,44.15,41.65,43.0,42.95,42.93,4325,18569130000.0,85.0,2204,0.5096
2018-11-19,NAHARPOLY,EQ,42.95,42.1,43.5,41.5,41.5,41.7,41.82,2156,9016445000.0,34.0,1901,0.8817
2018-11-20,NAHARPOLY,EQ,41.7,42.6,43.0,40.6,41.0,41.0,41.74,1008,4207355000.0000005,30.0,486,0.48210000000000003
2018-11-21,NAHARPOLY,EQ,41.0,41.0,41.9,40.2,40.9,41.45,41.16,4163,17133760000.0,64.0,1052,0.2527
2018-11-22,NAHARPOLY,EQ,41.45,41.6,42.1,40.3,40.3,41.2,41.27,2660,10978600000.0,18.0,480,0.18050000000000002
2018-11-26,NAHARPOLY,EQ,41.2,40.55,41.4,39.75,40.1,40.15,40.43,2752,11125215000.0,58.0,1863,0.677
2018-11-27,NAHARPOLY,EQ,40.15,40.1,41.1,38.15,39.55,40.0,39.87,4995,19915655000.0,66.0,4266,0.8541
2018-11-28,NAHARPOLY,EQ,40.0,40.0,40.55,38.65,39.0,38.9,39.15,5424,21235970000.0,58.0,4972,0.9167000000000001
2018-11-29,NAHARPOLY,EQ,38.9,39.45,39.55,38.5,38.75,38.95,38.88,1730,6726075000.0,28.0,1021,0.5902000000000001
2018-11-30,NAHARPOLY,EQ,38.95,39.8,39.8,38.3,38.4,38.6,38.88,738,2869190000.0,22.0,445,0.603
2018-12-03,NAHARPOLY,EQ,38.6,38.15,39.95,38.15,38.3,38.45,39.11,523,2045565000.0000002,29.0,343,0.6558
2018-12-04,NAHARPOLY,EQ,38.45,39.8,39.8,37.55,38.5,38.25,38.31,2997,11481440000.0,32.0,2083,0.6950000000000001
2018-12-05,NAHARPOLY,EQ,38.25,37.9,38.7,37.65,38.0,38.0,37.98,2614,9929050000.0,21.0,2395,0.9162
2018-12-06,NAHARPOLY,EQ,38.0,37.9,37.9,36.7,37.1,37.1,37.02,742,2747195000.0,21.0,534,0.7197
2018-12-07,NAHARPOLY,EQ,37.1,37.05,38.0,36.7,37.55,37.55,37.33,7123,26593150000.0,32.0,2810,0.3945
2018-12-10,NAHARPOLY,EQ,37.55,37.0,38.0,36.8,37.7,37.5,37.58,5901,22173680000.0,37.0,5500,0.932
2018-12-11,NAHARPOLY,EQ,37.5,37.5,37.8,36.45,37.5,37.45,36.92,1649,6088450000.0,39.0,981,0.5949
2018-12-12,NAHARPOLY,EQ,37.45,37.0,38.0,37.0,37.5,38.0,37.5,2317,8689715000.0,30.0,1733,0.7479000000000001
2018-12-13,NAHARPOLY,EQ,38.0,37.3,38.5,37.3,37.45,37.6,38.07,2218,8444610000.000001,27.0,1602,0.7223
2018-12-14,NAHARPOLY,EQ,37.6,37.0,38.0,37.0,37.75,37.75,37.64,1775,6681610000.000001,31.0,1415,0.7972
2018-12-17,NAHARPOLY,EQ,37.75,37.0,40.4,37.0,38.3,38.35,38.99,1557,6070580000.0,18.0,1501,0.9640000000000001
2018-12-18,NAHARPOLY,EQ,38.35,38.3,38.5,37.3,38.35,38.35,38.08,4991,19004295000.0,34.0,4984,0.9986
2018-12-19,NAHARPOLY,EQ,38.35,37.65,38.9,37.65,38.25,38.35,38.35,376,1441810000.0,10.0,307,0.8165000000000001
2018-12-20,NAHARPOLY,EQ,38.35,37.7,39.0,37.7,38.5,38.25,38.55,2341,9024460000.0,39.0,1911,0.8163
2018-12-21,NAHARPOLY,EQ,38.25,38.0,38.75,37.2,37.5,37.55,37.89,1806,6843685000.000001,31.0,1550,0.8583
2018-12-24,NAHARPOLY,EQ,37.55,37.0,39.9,37.0,39.0,39.15,39.01,1435,5598320000.0,34.0,1051,0.7323999999999999
2018-12-26,NAHARPOLY,EQ,39.15,39.5,40.85,37.6,38.0,38.0,38.59,2511,9690795000.0,48.0,1345,0.5356000000000001
2018-12-27,NAHARPOLY,EQ,38.0,37.65,39.5,37.65,38.3,38.25,38.45,3100,11920150000.0,24.0,2984,0.9626000000000001
2018-12-28,NAHARPOLY,EQ,38.25,38.15,39.4,37.5,38.05,38.25,37.96,3210,12185090000.0,45.0,2500,0.7787999999999999
2018-12-31,NAHARPOLY,EQ,38.25,37.6,38.7,37.6,38.0,38.0,38.13,1317,5021350000.0,25.0,1083,0.8223
2019-01-01,NAHARPOLY,EQ,38.0,37.85,38.6,37.75,38.1,38.2,38.07,1555,5920205000.0,30.0,820,0.5273
2019-01-02,NAHARPOLY,EQ,38.2,38.1,39.2,37.5,38.85,38.85,38.14,7917,30193740000.000004,65.0,5126,0.6475
2019-01-03,NAHARPOLY,EQ,38.85,38.95,38.95,37.65,38.0,38.35,38.38,730,2801475000.0,26.0,122,0.1671
2019-01-04,NAHARPOLY,EQ,38.35,37.7,38.35,37.55,37.9,37.9,37.85,1203,4553200000.0,19.0,790,0.6567000000000001
2019-01-07,NAHARPOLY,EQ,37.9,38.3,38.8,37.75,38.25,37.85,38.14,527,2009740000.0000002,12.0,500,0.9488
2019-01-08,NAHARPOLY,EQ,37.85,37.85,38.35,37.5,38.0,38.0,37.72,5480,20668680000.0,38.0,4642,0.8471
2019-01-09,NAHARPOLY,EQ,38.0,38.75,38.75,38.75,38.75,38.75,38.75,95,368125000.0,6.0,95,1.0
2019-01-10,NAHARPOLY,EQ,38.75,38.05,41.05,38.05,39.0,39.45,39.59,14658,58025250000.0,110.0,11620,0.7927
2019-01-11,NAHARPOLY,EQ,39.45,39.25,39.25,38.4,38.4,38.45,38.64,1081,4176855000.0000005,34.0,827,0.765
2019-01-14,NAHARPOLY,EQ,38.45,38.0,41.25,38.0,39.4,39.4,40.52,9693,39280655000.0,98.0,5732,0.5914
2019-01-15,NAHARPOLY,EQ,39.4,38.65,39.7,38.65,38.75,39.0,39.09,1489,5820220000.0,25.0,1420,0.9537000000000001
2019-01-16,NAHARPOLY,EQ,39.0,38.6,44.0,38.6,41.6,41.95,41.87,25958,108694500000.0,327.0,10755,0.4143
2019-01-17,NAHARPOLY,EQ,41.95,41.0,41.75,40.15,40.7,40.6,40.53,2431,9852455000.0,49.0,1940,0.798
2019-01-18,NAHARPOLY,EQ,40.6,40.05,40.9,39.4,39.4,39.55,39.78,1205,4793065000.0,48.0,785,0.6515000000000001
2019-01-21,NAHARPOLY,EQ,39.55,39.05,39.05,38.4,39.0,38.65,38.7,2867,11094330000.0,37.0,2585,0.9016
2019-01-22,NAHARPOLY,EQ,38.65,38.2,39.0,37.5,39.0,38.55,38.06,1005,3825030000.0000005,28.0,706,0.7025
2019-01-23,NAHARPOLY,EQ,38.55,38.0,38.5,37.5,37.5,38.3,38.36,336,1288760000.0,19.0,206,0.6131000000000001
2019-01-24,NAHARPOLY,EQ,38.3,38.0,39.0,37.6,37.6,37.8,37.95,1041,3951085000.0,31.0,608,0.5841
2019-01-25,NAHARPOLY,EQ,37.8,37.5,39.7,36.6,36.7,36.95,37.25,3263,12153805000.0,38.0,3215,0.9853000000000001
2019-01-28,NAHARPOLY,EQ,36.95,36.65,37.1,36.5,36.85,36.85,36.85,4752,17512520000.0,15.0,2718,0.5720000000000001
2019-01-29,NAHARPOLY,EQ,36.85,36.0,38.4,35.45,36.9,37.35,36.68,2992,10973235000.0,73.0,1680,0.5615
2019-01-30,NAHARPOLY,EQ,37.35,36.1,38.9,35.0,36.75,36.25,36.2,3645,13193654999.999998,69.0,2429,0.6664
2019-01-31,NAHARPOLY,EQ,36.25,36.0,37.2,36.0,36.8,36.8,36.63,1928,7062130000.0,39.0,1638,0.8495999999999999
2019-02-01,NAHARPOLY,EQ,36.8,36.05,37.5,35.6,36.8,36.75,36.58,1119,4093810000.0,20.0,685,0.6122
2019-02-04,NAHARPOLY,EQ,36.75,36.0,39.9,35.5,38.0,37.55,38.36,4192,16078925000.0,55.0,2876,0.6861
2019-02-05,NAHARPOLY,EQ,37.55,37.55,38.0,35.65,35.75,35.65,36.39,3834,13952115000.0,33.0,2471,0.6445000000000001
2019-02-06,NAHARPOLY,EQ,35.65,35.0,36.2,34.35,35.1,35.5,35.3,1899,6704045000.0,41.0,1185,0.624
2019-02-07,NAHARPOLY,EQ,35.5,35.0,36.0,35.0,35.7,35.7,35.67,5157,18396100000.0,48.0,4500,0.8726
2019-02-08,NAHARPOLY,EQ,35.7,35.0,38.9,34.0,35.0,34.95,34.67,6969,24160500000.0,93.0,5547,0.7959999999999999
2019-02-11,NAHARPOLY,EQ,34.95,35.0,38.75,34.5,37.9,37.5,36.96,7597,28076934999.999996,86.0,5682,0.7479000000000001
2019-02-12,NAHARPOLY,EQ,37.5,36.0,37.15,35.6,36.6,36.65,36.59,1928,7054039999.999999,24.0,1811,0.9393000000000001
2019-02-13,NAHARPOLY,EQ,36.65,36.0,36.5,34.75,35.0,35.0,35.41,3903,13821954999.999998,47.0,3530,0.9044
2019-02-14,NAHARPOLY,EQ,35.0,34.35,35.65,34.35,35.5,35.2,35.03,2309,8088995000.0,21.0,2133,0.9238
2019-02-15,NAHARPOLY,EQ,35.2,34.0,34.35,33.5,34.0,33.95,34.12,1571,5360500000.0,29.0,1530,0.9739
2019-02-18,NAHARPOLY,EQ,33.95,33.15,35.3,33.1,34.7,34.7,34.62,2750,9521580000.0,58.0,1595,0.58
2019-02-19,NAHARPOLY,EQ,34.7,34.0,34.35,33.2,33.2,33.2,33.9,3852,13057425000.0,22.0,3634,0.9434
2019-02-20,NAHARPOLY,EQ,33.2,33.2,36.5,33.2,35.5,35.8,35.93,2294,8242035000.000001,69.0,1624,0.7079000000000001
2019-02-21,NAHARPOLY,EQ,35.8,35.0,38.4,35.0,37.8,37.4,37.64,4505,16956710000.0,79.0,2908,0.6455
2019-02-22,NAHARPOLY,EQ,37.4,38.4,39.5,37.25,37.25,37.25,38.25,4876,18649615000.0,72.0,2886,0.5919
2019-02-25,NAHARPOLY,EQ,37.25,37.3,39.45,33.9,38.1,38.15,36.51,12967,47342835000.0,168.0,6880,0.5306000000000001
2019-02-26,NAHARPOLY,EQ,38.15,37.0,39.4,35.5,38.1,38.0,37.34,1286,4802450000.0,34.0,920,0.7154
2019-02-27,NAHARPOLY,EQ,38.0,38.0,39.25,36.25,38.9,38.85,37.81,3666,13860860000.0,47.0,2854,0.7785
2019-02-28,NAHARPOLY,EQ,38.85,37.05,38.8,36.5,36.9,36.9,37.32,1335,4982595000.0,20.0,1227,0.9191
2019-03-01,NAHARPOLY,EQ,36.9,36.65,40.5,36.65,40.5,39.7,38.81,3666,14227045000.000002,69.0,2943,0.8028000000000001
2019-03-05,NAHARPOLY,EQ,39.7,39.0,43.3,38.3,40.9,40.85,40.38,7172,28963465000.000004,57.0,3703,0.5163
2019-03-06,NAHARPOLY,EQ,40.85,40.75,41.0,39.4,40.0,40.0,39.83,5039,20068040000.0,62.0,3895,0.773
2019-03-07,NAHARPOLY,EQ,40.0,39.5,39.7,39.0,39.7,39.65,39.39,959,3777475000.0,26.0,683,0.7122
2019-03-08,NAHARPOLY,EQ,39.65,39.25,39.25,37.65,38.0,38.05,38.33,3055,11709560000.0,43.0,3002,0.9827
2019-03-11,NAHARPOLY,EQ,38.05,38.1,39.35,38.1,39.0,39.05,38.68,873,3376665000.0,17.0,431,0.49369999999999997
2019-03-12,NAHARPOLY,EQ,39.05,39.15,39.9,38.7,38.7,39.0,39.13,9954,38954465000.0,50.0,7508,0.7543000000000001
2019-03-13,NAHARPOLY,EQ,39.0,40.65,40.65,38.4,39.0,39.0,39.53,1901,7515350000.0,30.0,1632,0.8584999999999999
2019-03-14,NAHARPOLY,EQ,39.0,38.95,39.2,38.6,38.6,38.6,39.03,3731,14562650000.0,21.0,3363,0.9014
2019-03-15,NAHARPOLY,EQ,38.6,38.0,40.9,38.0,39.6,39.25,39.03,3426,13372379999.999998,56.0,2414,0.7046
2019-03-18,NAHARPOLY,EQ,39.25,37.45,38.5,37.3,37.85,37.85,37.59,1590,5977095000.0,18.0,1353,0.8509000000000001
2019-03-19,NAHARPOLY,EQ,37.85,37.85,38.5,37.8,38.5,38.5,38.37,377,1446725000.0,7.0,307,0.8143000000000001
2019-03-20,NAHARPOLY,EQ,38.5,38.05,38.05,37.65,37.65,37.65,37.79,191,721740000.0,8.0,100,0.5236
2019-03-22,NAHARPOLY,EQ,37.65,37.8,39.45,37.75,37.75,38.0,38.08,2251,8571200000.0,26.0,1936,0.8601000000000001
2019-03-25,NAHARPOLY,EQ,38.0,37.5,37.9,37.05,37.05,37.7,37.7,3386,12765510000.0,29.0,3142,0.9279000000000001
2019-03-26,NAHARPOLY,EQ,37.7,37.2,38.5,37.2,38.0,37.6,37.82,3213,12152995000.0,43.0,2417,0.7523000000000001
2019-03-27,NAHARPOLY,EQ,37.6,36.55,37.25,36.55,36.85,36.85,36.96,873,3226865000.0,27.0,843,0.9656
2019-03-28,NAHARPOLY,EQ,36.85,36.55,38.2,36.55,37.75,37.0,36.95,573,2117480000.0,13.0,489,0.8534
2019-03-29,NAHARPOLY,EQ,37.0,36.3,38.5,36.3,38.0,38.0,37.92,2337,8862245000.0,30.0,2084,0.8917
2019-04-01,NAHARPOLY,EQ,38.0,37.0,39.35,36.85,38.55,38.85,38.7,857,3316405000.0000005,28.0,670,0.7818
2019-04-02,NAHARPOLY,EQ,38.85,38.0,39.0,37.45,37.9,37.75,37.65,2453,9235675000.0,41.0,1885,0.7684000000000001
2019-04-03,NAHARPOLY,EQ,37.75,37.05,37.9,37.05,37.8,37.8,37.81,651,2461310000.0,13.0,638,0.98
2019-04-04,NAHARPOLY,EQ,37.8,37.2,37.7,37.1,37.5,37.45,37.38,635,2373865000.0,18.0,432,0.6803
2019-04-05,NAHARPOLY,EQ,37.45,37.2,38.6,37.2,37.7,38.2,38.0,1247,4738850000.0,37.0,1121,0.899
2019-04-08,NAHARPOLY,EQ,38.2,37.2,38.0,37.0,38.0,37.35,37.13,5183,19243345000.0,28.0,3811,0.7353000000000001
2019-04-09,NAHARPOLY,EQ,37.35,37.0,37.3,36.55,37.0,36.85,36.97,2425,8965300000.0,25.0,2321,0.9571
2019-04-10,NAHARPOLY,EQ,36.85,38.5,38.5,36.5,36.55,36.6,36.83,1922,7079295000.0,23.0,1601,0.833
2019-04-11,NAHARPOLY,EQ,36.6,36.55,37.05,36.3,36.3,36.45,36.56,4759,17400415000.0,49.0,4259,0.8948999999999999
2019-04-12,NAHARPOLY,EQ,36.45,36.05,36.9,36.05,36.2,36.2,36.53,695,2538890000.0,10.0,658,0.9468000000000001
2019-04-15,NAHARPOLY,EQ,36.2,36.95,37.15,36.35,37.0,37.0,36.96,970,3585519999.9999995,20.0,759,0.7825
2019-04-16,NAHARPOLY,EQ,37.0,37.0,37.0,36.3,36.7,36.7,36.52,1447,5284695000.0,24.0,921,0.6365
2019-04-18,NAHARPOLY,EQ,36.7,36.8,36.8,36.1,36.65,36.65,36.37,675,2455255000.0,16.0,590,0.8741
2019-04-22,NAHARPOLY,EQ,36.65,36.85,37.75,35.3,35.3,35.3,36.21,2866,10378090000.0,55.0,2610,0.9107
2019-04-23,NAHARPOLY,EQ,35.3,36.8,36.8,35.15,35.2,35.25,35.33,1871,6610955000.0,25.0,1601,0.8556999999999999
2019-04-24,NAHARPOLY,EQ,35.25,35.15,35.5,35.1,35.5,35.5,35.47,1004,3561575000.0,10.0,934,0.9303
2019-04-25,NAHARPOLY,EQ,35.5,34.9,36.4,34.9,35.0,35.0,35.4,356,1260405000.0,20.0,240,0.6742
2019-04-26,NAHARPOLY,EQ,35.0,35.0,35.55,35.0,35.15,35.15,35.28,1270,4479940000.0,21.0,921,0.7252
2019-04-30,NAHARPOLY,EQ,35.15,34.85,34.85,33.6,33.65,33.9,34.21,2875,9836465000.0,39.0,2698,0.9384
2019-05-02,NAHARPOLY,EQ,33.9,34.0,34.25,33.5,33.5,33.55,33.72,796,2683985000.0,22.0,577,0.7249
2019-05-03,NAHARPOLY,EQ,33.55,33.7,34.5,33.65,34.45,34.45,34.2,1526,5219345000.0,16.0,1400,0.9174
2019-05-06,NAHARPOLY,EQ,34.45,33.7,34.4,32.4,32.5,32.5,32.87,6717,22081095000.0,100.0,4281,0.6373
2019-05-07,NAHARPOLY,EQ,32.5,34.0,34.0,32.0,32.8,32.8,32.82,1510,4955670000.0,33.0,701,0.4642
2019-05-08,NAHARPOLY,EQ,32.8,32.1,32.55,32.0,32.0,32.0,32.06,3041,9749655000.0,26.0,2974,0.978
2019-05-09,NAHARPOLY,EQ,32.0,31.9,32.9,31.45,31.45,32.15,32.05,7130,22853100000.0,27.0,6965,0.9769
2019-05-10,NAHARPOLY,EQ,32.15,33.15,35.05,33.15,33.55,33.8,34.07,3663,12478430000.0,52.0,2480,0.677
2019-05-13,NAHARPOLY,EQ,33.8,33.0,34.0,32.1,32.1,32.6,32.9,1908,6277185000.0,38.0,1575,0.8255
2019-05-14,NAHARPOLY,EQ,32.6,31.75,34.0,31.75,32.0,32.1,32.37,1455,4709225000.0,36.0,821,0.5643
2019-05-15,NAHARPOLY,EQ,32.1,32.0,32.45,30.85,31.3,31.3,31.99,4621,14781445000.000002,59.0,3392,0.7340000000000001
2019-05-16,NAHARPOLY,EQ,31.3,32.05,34.9,32.0,34.4,34.0,33.64,3650,12279265000.0,60.0,1801,0.49340000000000006
2019-05-17,NAHARPOLY,EQ,34.0,33.3,34.75,31.65,31.75,31.95,33.0,4108,13556010000.0,91.0,1265,0.3079
2019-05-20,NAHARPOLY,EQ,31.95,34.8,34.8,32.25,34.75,33.5,33.43,1679,5613355000.0,23.0,1534,0.9136
2019-05-21,NAHARPOLY,EQ,33.5,33.35,33.5,31.0,31.9,31.95,32.18,3222,10368050000.0,48.0,2225,0.6906
2019-05-22,NAHARPOLY,EQ,31.95,32.0,34.65,31.5,34.2,33.75,32.93,2248,7402535000.000001,41.0,1187,0.528
2019-05-23,NAHARPOLY,EQ,33.75,33.0,35.9,33.0,34.0,34.0,34.09,2313,7884930000.0,42.0,2037,0.8806999999999999
2019-05-24,NAHARPOLY,EQ,34.0,33.7,34.4,32.2,34.2,33.3,33.61,3375,11342580000.0,52.0,2385,0.7067
2019-05-27,NAHARPOLY,EQ,33.3,32.4,36.3,32.4,35.25,34.4,35.08,4985,17486945000.0,50.0,4318,0.8662000000000001
2019-05-28,NAHARPOLY,EQ,34.4,34.0,36.4,34.0,34.15,34.15,34.89,1110,3872755000.0000005,36.0,709,0.6386999999999999
2019-05-29,NAHARPOLY,EQ,34.15,33.5,36.0,32.5,35.7,35.7,35.53,3166,11248985000.0,51.0,2066,0.6526000000000001
2019-05-30,NAHARPOLY,EQ,35.7,34.3,36.0,34.3,34.65,34.65,34.6,631,2182990000.0,14.0,544,0.8621
2019-05-31,NAHARPOLY,EQ,34.65,37.5,39.25,36.45,36.75,36.95,37.35,33625,125589555000.0,243.0,24287,0.7223
2019-06-03,NAHARPOLY,EQ,36.95,38.5,38.8,37.2,37.85,37.85,37.94,29801,113065089999.99998,181.0,21917,0.7354
2019-06-04,NAHARPOLY,EQ,37.85,37.85,39.0,37.85,38.6,38.65,38.47,6323,24324095000.0,72.0,4987,0.7887000000000001
2019-06-06,NAHARPOLY,EQ,38.65,38.05,39.0,37.35,37.35,37.75,38.05,3339,12704300000.0,48.0,3175,0.9509000000000001
2019-06-07,NAHARPOLY,EQ,37.75,37.0,38.4,36.35,37.3,37.35,37.55,1482,5565625000.0,36.0,908,0.6127
2019-06-10,NAHARPOLY,EQ,37.35,37.0,39.2,36.2,36.2,36.35,36.49,1472,5370990000.0,18.0,1414,0.9606
2019-06-11,NAHARPOLY,EQ,36.35,36.2,37.0,36.0,37.0,36.55,36.19,1021,3695200000.0,31.0,719,0.7042
2019-06-12,NAHARPOLY,EQ,36.55,36.0,39.65,36.0,36.75,36.75,36.9,2001,7384380000.0,26.0,1480,0.7395999999999999
2019-06-13,NAHARPOLY,EQ,36.75,36.05,37.5,36.0,36.35,36.35,36.1,1157,4176730000.0000005,22.0,808,0.6984
2019-06-14,NAHARPOLY,EQ,36.35,36.05,36.4,35.45,35.85,35.85,35.97,4412,15868835000.0,42.0,4360,0.9882
2019-06-17,NAHARPOLY,EQ,35.85,35.0,35.5,33.45,33.7,34.1,34.56,2179,7530800000.0,66.0,1335,0.4239
2019-06-18,NAHARPOLY,EQ,34.1,37.5,37.5,34.5,34.55,35.05,35.78,8658,30976955000.0,106.0,3440,0.3597
2019-06-19,NAHARPOLY,EQ,35.05,34.95,36.5,32.05,33.6,32.35,33.42,6046,20206690000.0,62.0,5707,0.9439000000000001
2019-06-20,NAHARPOLY,EQ,32.35,33.0,34.9,32.25,32.7,34.3,32.78,5389,17666565000.0,39.0,5260,0.9761
2019-06-21,NAHARPOLY,EQ,34.3,33.0,35.9,33.0,35.0,35.0,34.62,2827,9787105000.0,26.0,2550,0.902
2019-06-24,NAHARPOLY,EQ,35.0,35.5,36.55,35.0,35.35,35.25,35.57,12626,44915270000.0,68.0,11133,0.8818000000000001
2019-06-25,NAHARPOLY,EQ,35.25,35.15,36.3,35.15,35.35,35.35,35.58,2887,10273125000.0,45.0,2497,0.8649
2019-06-26,NAHARPOLY,EQ,35.35,35.35,36.3,35.05,36.25,36.25,35.61,3551,12646215000.0,26.0,3508,0.9879000000000001
2019-06-27,NAHARPOLY,EQ,36.25,35.0,37.0,35.0,35.8,35.9,35.93,3660,13150904999.999998,88.0,3296,0.9005
2019-06-28,NAHARPOLY,EQ,35.9,36.0,36.0,33.45,34.7,34.7,34.96,2580,9018455000.0,66.0,2071,0.8027
2019-07-01,NAHARPOLY,EQ,34.7,34.25,36.0,34.25,36.0,35.5,35.28,1500,5292010000.0,24.0,1223,0.8153
2019-07-02,NAHARPOLY,EQ,35.5,34.4,35.4,34.0,34.95,34.95,34.66,2675,9271770000.0,35.0,2118,0.7918000000000001
2019-07-03,NAHARPOLY,EQ,34.95,34.0,35.0,34.0,34.05,34.3,34.47,798,2750765000.0,48.0,575,0.7206
2019-07-04,NAHARPOLY,EQ,34.3,34.0,35.0,33.6,33.65,34.0,34.07,2598,8852060000.0,25.0,2397,0.9226000000000001
2019-07-05,NAHARPOLY,EQ,34.0,34.0,34.05,32.6,33.35,33.3,33.19,1985,6587485000.000001,44.0,1495,0.7531
2019-07-08,NAHARPOLY,EQ,33.3,33.0,33.2,31.6,32.1,32.5,32.26,1891,6100050000.0,33.0,1206,0.6378
2019-07-09,NAHARPOLY,EQ,32.5,31.65,33.6,31.65,32.45,32.5,32.42,1149,3724780000.0000005,18.0,935,0.8138
2019-07-10,NAHARPOLY,EQ,32.5,35.65,35.7,32.5,33.8,33.15,34.11,2289,7807385000.000001,37.0,1712,0.7479000000000001
2019-07-11,NAHARPOLY,EQ,33.15,34.85,34.85,32.2,34.2,34.0,33.95,2845,9659045000.0,49.0,2051,0.7209000000000001
2019-07-12,NAHARPOLY,EQ,34.0,34.0,34.0,32.0,33.2,33.25,32.81,1336,4383050000.0,48.0,684,0.512
2019-07-15,NAHARPOLY,EQ,33.25,32.4,33.25,32.25,32.85,32.85,32.81,562,1843884999.9999998,24.0,392,0.6975
2019-07-16,NAHARPOLY,EQ,32.85,32.85,34.6,32.25,32.8,32.8,32.77,1465,4801270000.0,24.0,1221,0.8334
2019-07-17,NAHARPOLY,EQ,32.8,32.4,34.35,31.4,32.0,32.15,32.46,2375,7709589999.999999,44.0,1927,0.8114
2019-07-18,NAHARPOLY,EQ,32.15,33.0,33.0,30.2,30.8,30.9,31.1,6617,20581345000.0,54.0,6354,0.9603
2019-07-19,NAHARPOLY,EQ,30.9,31.05,31.05,27.5,29.25,29.15,29.68,5777,17145835000.0,80.0,5466,0.9462
2019-07-22,NAHARPOLY,EQ,29.15,29.2,29.8,28.5,29.0,29.0,29.06,5424,15763715000.0,21.0,4424,0.8156
2019-07-23,NAHARPOLY,EQ,29.0,29.9,30.0,28.45,29.1,29.1,29.41,4583,13480870000.000002,27.0,3366,0.7345
2019-07-24,NAHARPOLY,EQ,29.1,28.9,29.3,28.3,28.3,28.4,28.74,1178,3385650000.0,17.0,1178,1.0
2019-07-25,NAHARPOLY,EQ,28.4,28.0,29.8,27.8,28.5,27.85,28.14,2000,5628020000.0,87.0,1216,0.608
2019-07-26,NAHARPOLY,EQ,27.85,27.85,29.55,27.75,29.55,28.6,28.41,1056,3000280000.0,22.0,829,0.785
2019-07-29,NAHARPOLY,EQ,28.6,27.1,28.4,27.1,28.0,28.05,27.96,2078,5809425000.0,118.0,1837,0.8840000000000001
2019-07-30,NAHARPOLY,EQ,28.05,27.0,27.05,24.2,26.4,25.35,25.67,8052,20672750000.0,231.0,5589,0.6940999999999999
2019-07-31,NAHARPOLY,EQ,25.35,24.1,26.95,24.1,26.85,26.85,26.04,1250,3255565000.0,24.0,1044,0.8351999999999999
2019-08-01,NAHARPOLY,EQ,26.85,26.0,26.45,25.0,26.2,25.55,25.86,4927,12741155000.0,37.0,4478,0.9089
2019-08-02,NAHARPOLY,EQ,25.55,25.0,26.9,24.55,26.25,26.25,26.2,1528,4002640000.0,65.0,1125,0.7363
2019-08-05,NAHARPOLY,EQ,26.25,24.6,26.25,24.0,26.25,26.2,25.0,922,2305050000.0,39.0,745,0.8079999999999999
2019-08-06,NAHARPOLY,EQ,26.2,26.0,26.9,26.0,26.65,26.6,26.33,938,2469340000.0,21.0,466,0.4968
2019-08-07,NAHARPOLY,EQ,26.6,25.75,28.0,25.75,28.0,27.75,27.63,4509,12458450000.0,33.0,4120,0.9137000000000001
2019-08-08,NAHARPOLY,EQ,27.75,27.0,28.5,26.4,28.45,28.45,27.81,1410,3921394999.9999995,23.0,1004,0.7121
2019-08-09,NAHARPOLY,EQ,28.45,28.5,29.55,27.2,27.6,27.7,28.46,1014,2885475000.0,25.0,526,0.5186999999999999
2019-08-13,NAHARPOLY,EQ,27.7,26.6,30.5,26.6,28.9,28.9,28.77,1525,4387200000.0,23.0,1435,0.941
2019-08-14,NAHARPOLY,EQ,28.9,29.75,31.75,29.7,31.0,31.35,30.53,5513,16832204999.999998,62.0,4338,0.7869
2019-08-16,NAHARPOLY,EQ,31.35,31.2,35.0,30.55,33.0,33.3,33.58,14577,48955685000.0,283.0,12006,0.8236
2019-08-19,NAHARPOLY,EQ,33.3,34.8,39.6,34.05,34.4,35.05,37.11,52616,195253800000.0,716.0,17288,0.3286
2019-08-20,NAHARPOLY,EQ,35.05,36.85,37.4,33.4,37.35,36.95,36.38,13297,48369655000.0,388.0,9363,0.7041
2019-08-21,NAHARPOLY,EQ,36.95,37.5,37.5,34.25,34.25,34.55,36.09,8035,29000665000.000004,140.0,5490,0.6833
2019-08-22,NAHARPOLY,EQ,34.55,33.75,34.2,32.1,32.15,32.15,33.0,5365,17704510000.0,66.0,3899,0.7267
2019-08-23,NAHARPOLY,EQ,32.15,31.95,34.8,30.55,32.0,31.95,31.85,7410,23603900000.0,179.0,6488,0.8756
2019-08-26,NAHARPOLY,EQ,31.95,32.55,34.15,32.0,32.25,32.7,32.39,2809,9099135000.0,105.0,2531,0.9009999999999999
2019-08-27,NAHARPOLY,EQ,32.7,31.8,35.8,31.8,33.65,34.0,33.88,3592,12168990000.0,60.0,2494,0.6943
2019-08-28,NAHARPOLY,EQ,34.0,34.9,36.0,32.9,32.9,33.3,34.08,11383,38790955000.0,189.0,6581,0.5781000000000001
2019-08-29,NAHARPOLY,EQ,33.3,32.5,33.9,31.65,33.9,32.5,31.99,5028,16086285000.0,64.0,3622,0.7204
2019-08-30,NAHARPOLY,EQ,32.5,32.2,32.4,30.05,31.7,31.6,31.26,4097,12808170000.0,190.0,3023,0.7379000000000001
2019-09-03,NAHARPOLY,EQ,31.6,31.6,32.85,31.6,31.65,31.8,32.19,1726,5555990000.0,22.0,1411,0.8175
2019-09-04,NAHARPOLY,EQ,31.8,31.95,31.95,30.6,31.05,31.3,31.22,4553,14214515000.0,46.0,3611,0.7931
2019-09-05,NAHARPOLY,EQ,31.3,31.35,32.35,31.05,32.3,32.25,31.97,3651,11673830000.0,40.0,2386,0.6535
2019-09-06,NAHARPOLY,EQ,32.25,32.5,32.5,31.5,32.1,32.1,32.12,2621,8417485000.000001,19.0,2438,0.9302
2019-09-09,NAHARPOLY,EQ,32.1,32.05,35.0,31.7,32.6,33.25,33.03,1699,5612010000.0,33.0,1178,0.6933
2019-09-11,NAHARPOLY,EQ,33.25,33.15,34.65,32.2,34.45,34.2,34.03,15888,54066880000.00001,116.0,14513,0.9135
2019-09-12,NAHARPOLY,EQ,34.2,33.5,34.0,30.75,33.05,33.05,32.76,14907,48838290000.0,99.0,9960,0.6681
2019-09-13,NAHARPOLY,EQ,33.05,34.4,34.9,33.8,33.85,34.0,34.15,3322,11344400000.0,57.0,2350,0.7073999999999999
2019-09-16,NAHARPOLY,EQ,34.0,34.4,36.2,34.4,36.0,35.9,35.67,10773,38424185000.0,74.0,10010,0.9292
2019-09-17,NAHARPOLY,EQ,35.9,37.0,37.0,33.5,34.8,34.65,35.11,11444,40182795000.0,179.0,10659,0.9314
2019-09-18,NAHARPOLY,EQ,34.65,34.0,36.0,34.0,34.7,34.7,35.34,1667,5891235000.0,30.0,1202,0.7211
2019-09-19,NAHARPOLY,EQ,34.7,35.95,35.95,32.75,32.75,33.5,34.31,1206,4137455000.0000005,44.0,947,0.7852
2019-09-20,NAHARPOLY,EQ,33.5,34.9,35.5,33.05,34.75,34.75,34.69,3430,11898785000.0,49.0,2734,0.7970999999999999
2019-09-23,NAHARPOLY,EQ,34.75,33.7,36.0,33.7,36.0,35.95,35.74,2873,10268405000.0,47.0,2311,0.8044
2019-09-24,NAHARPOLY,EQ,35.95,35.0,36.25,34.1,35.6,35.4,35.58,5949,21166255000.0,59.0,4593,0.7721
2019-09-25,NAHARPOLY,EQ,35.4,35.0,35.35,33.1,34.55,33.8,34.9,13119,45789220000.0,65.0,12658,0.9649
2019-09-26,NAHARPOLY,EQ,33.8,33.45,35.5,33.45,35.45,34.6,34.09,2744,9352970000.0,53.0,1512,0.551
2019-09-27,NAHARPOLY,EQ,34.6,36.0,36.4,34.0,34.15,34.15,34.43,2544,8759150000.0,70.0,2161,0.8494
2019-09-30,NAHARPOLY,EQ,34.15,36.25,36.25,33.5,35.4,34.3,35.37,15708,55564535000.0,173.0,7928,0.5047
2019-10-01,NAHARPOLY,EQ,34.3,36.35,36.35,34.0,34.0,34.0,34.4,1838,6323045000.0,44.0,1652,0.8987999999999999
2019-10-03,NAHARPOLY,EQ,34.0,33.5,34.9,33.5,33.55,33.6,33.59,2233,7500580000.0,25.0,2129,0.9534
2019-10-04,NAHARPOLY,EQ,33.6,33.55,35.0,33.55,33.85,33.85,33.82,298,1007790000.0,5.0,298,1.0
2019-10-07,NAHARPOLY,EQ,33.85,35.2,35.2,33.0,33.95,33.95,33.46,814,2723720000.0,27.0,700,0.86
2019-10-09,NAHARPOLY,EQ,33.95,34.75,34.8,33.25,33.25,33.35,33.43,1546,5168020000.0,45.0,1355,0.8765000000000001
2019-10-10,NAHARPOLY,EQ,33.35,33.3,34.95,33.0,33.05,33.05,33.36,994,3315835000.0,37.0,895,0.9004000000000001
2019-10-11,NAHARPOLY,EQ,33.05,34.05,34.5,32.1,33.0,33.0,33.74,6772,22846630000.0,136.0,4934,0.7286
2019-10-14,NAHARPOLY,EQ,33.0,34.3,34.3,32.15,32.75,32.75,32.78,844,2766340000.0,125.0,803,0.9514
2019-10-15,NAHARPOLY,EQ,32.75,32.85,34.0,32.8,33.5,33.5,33.18,439,1456435000.0,17.0,369,0.8405
2019-10-16,NAHARPOLY,EQ,33.5,33.0,33.65,32.6,33.0,33.0,33.01,549,1812430000.0,21.0,368,0.6703
2019-10-17,NAHARPOLY,EQ,33.0,33.0,35.65,32.1,32.1,32.75,33.38,2831,9448550000.0,54.0,2124,0.7503000000000001
2019-10-18,NAHARPOLY,EQ,32.75,32.45,33.8,32.45,33.55,33.55,33.22,3188,10590320000.0,443.0,1857,0.5825
2019-10-22,NAHARPOLY,EQ,33.55,33.0,34.85,32.6,34.25,32.75,33.29,301,1002070000.0000001,20.0,214,0.711
2019-10-23,NAHARPOLY,EQ,32.75,34.15,34.15,32.8,32.8,32.8,33.16,606,2009205000.0,20.0,569,0.9389000000000001
2019-10-24,NAHARPOLY,EQ,32.8,32.8,33.65,32.3,33.0,32.5,32.63,2928,9553800000.0,114.0,2785,0.9512
2019-10-25,NAHARPOLY,EQ,32.5,32.1,33.7,32.1,32.15,32.15,32.67,1705,5569560000.0,44.0,1450,0.8504
2019-10-27,NAHARPOLY,EQ,32.15,34.55,34.55,33.25,33.85,33.85,33.87,459,1554655000.0,12.0,421,0.9172
2019-10-29,NAHARPOLY,EQ,33.85,33.0,34.2,32.9,34.2,34.05,33.41,1905,6363800000.0,19.0,1427,0.7491
2019-10-30,NAHARPOLY,EQ,34.05,33.1,35.0,33.1,34.75,34.55,34.21,1899,6495855000.0,60.0,1388,0.7309
2019-10-31,NAHARPOLY,EQ,34.55,35.45,35.5,34.05,35.5,35.25,35.05,24504,85886675000.0,97.0,23951,0.9773999999999999
2019-11-01,NAHARPOLY,EQ,35.25,35.4,35.4,34.0,34.55,34.55,34.45,117,403050000.0,14.0,98,0.8376000000000001
2019-11-04,NAHARPOLY,EQ,34.55,34.1,35.3,34.1,35.3,35.3,34.8,1758,6118500000.0,19.0,1108,0.6303
2019-11-05,NAHARPOLY,EQ,35.3,35.0,35.3,34.0,34.7,34.75,34.9,3188,11126465000.0,29.0,2994,0.9390999999999999
2019-11-06,NAHARPOLY,EQ,34.75,34.5,34.95,34.25,34.7,34.7,34.81,150,522220000.0,10.0,120,0.8
2019-11-07,NAHARPOLY,EQ,34.7,35.4,36.0,34.05,35.3,35.0,34.79,9286,32302945000.0,87.0,8138,0.8764000000000001
2019-11-08,NAHARPOLY,EQ,35.0,34.4,35.9,34.35,35.9,35.4,34.97,938,3280010000.0,19.0,683,0.7281000000000001
2019-11-11,NAHARPOLY,EQ,35.4,35.4,36.9,34.8,35.0,35.0,35.07,7009,24579300000.0,39.0,6123,0.8736
2019-11-13,NAHARPOLY,EQ,35.0,35.0,37.0,35.0,35.95,35.7,36.01,17500,63020105000.00001,238.0,14052,0.8029999999999999
2019-11-14,NAHARPOLY,EQ,35.7,37.0,38.4,34.6,36.45,36.45,37.02,13355,49439255000.0,206.0,8460,0.6335000000000001
2019-11-15,NAHARPOLY,EQ,36.45,35.75,37.25,35.6,36.0,36.0,36.22,3635,13165250000.0,44.0,3400,0.9354000000000001
2019-11-18,NAHARPOLY,EQ,36.0,35.0,36.7,33.45,35.1,35.1,35.66,684,2438835000.0,29.0,574,0.8392000000000001
2019-11-19,NAHARPOLY,EQ,35.1,35.1,35.1,34.1,34.6,34.6,35.03,2308,8083930000.0,15.0,2273,0.9848
2019-11-20,NAHARPOLY,EQ,34.6,34.1,35.45,34.0,34.05,34.3,34.29,3148,10793300000.0,30.0,2720,0.8640000000000001
2019-11-21,NAHARPOLY,EQ,34.3,33.55,34.75,33.55,34.25,33.8,33.65,6572,22114345000.0,37.0,6416,0.9763
2019-11-22,NAHARPOLY,EQ,33.8,33.55,35.65,33.35,34.4,34.2,34.17,1605,5484165000.0,33.0,1465,0.9128000000000001
2019-11-25,NAHARPOLY,EQ,34.2,33.75,35.9,33.75,34.25,34.25,34.61,3324,11502975000.0,24.0,3261,0.981
2019-11-26,NAHARPOLY,EQ,34.25,34.55,34.55,33.6,33.6,33.6,34.11,1429,4874190000.0,84.0,1086,0.76
2019-11-27,NAHARPOLY,EQ,33.6,33.65,34.45,33.1,33.1,33.1,33.21,1077,3576869999.9999995,55.0,930,0.8634999999999999
2019-11-28,NAHARPOLY,EQ,33.1,33.5,35.45,33.15,34.0,33.4,33.8,2215,7487685000.000001,87.0,1229,0.5549000000000001
2019-11-29,NAHARPOLY,EQ,33.4,33.3,33.9,33.05,33.05,33.6,33.33,473,1576385000.0,13.0,441,0.9323
2019-12-02,NAHARPOLY,EQ,33.6,34.35,34.8,32.75,34.0,33.5,34.4,6730,23151640000.0,49.0,5797,0.8614
2019-12-03,NAHARPOLY,EQ,33.5,33.95,34.0,32.0,32.45,32.45,33.15,1468,4867045000.0,41.0,1404,0.9564
2019-12-04,NAHARPOLY,EQ,32.45,31.5,33.0,30.2,31.95,32.2,32.2,2664,8576839999.999999,100.0,2021,0.7586
2019-12-05,NAHARPOLY,EQ,32.2,32.3,35.0,32.3,33.35,33.35,34.18,7389,25252970000.0,71.0,6512,0.8813
2019-12-06,NAHARPOLY,EQ,33.35,34.2,34.5,33.1,33.1,33.85,33.97,3949,13414950000.0,50.0,3616,0.9157
2019-12-09,NAHARPOLY,EQ,33.85,33.05,34.4,33.05,33.95,33.65,34.01,2222,7556960000.000001,30.0,1385,0.6233
2019-12-10,NAHARPOLY,EQ,33.65,33.0,34.0,31.6,31.6,32.8,32.81,777,2549165000.0,39.0,710,0.9138
2019-12-11,NAHARPOLY,EQ,32.8,32.3,32.65,29.8,30.45,30.6,30.74,7783,23926940000.0,165.0,6381,0.8199
2019-12-12,NAHARPOLY,EQ,30.6,31.8,32.6,31.0,32.0,32.1,31.82,2817,8962435000.0,33.0,2735,0.9709000000000001
2019-12-13,NAHARPOLY,EQ,32.1,31.4,32.25,31.4,32.0,31.95,31.73,2122,6733335000.000001,33.0,1611,0.7592
2019-12-16,NAHARPOLY,EQ,31.95,32.45,32.45,31.55,31.55,31.55,32.14,1564,5025920000.0,13.0,1424,0.9105
2019-12-17,NAHARPOLY,EQ,31.55,31.2,31.6,31.0,31.2,31.2,31.12,2807,8735075000.0,22.0,2505,0.8924
2019-12-18,NAHARPOLY,EQ,31.2,30.6,32.5,30.6,31.65,31.65,31.62,735,2324220000.0,21.0,618,0.8408
2019-12-19,NAHARPOLY,EQ,31.65,31.95,31.95,31.25,31.4,31.75,31.63,898,2840445000.0,23.0,536,0.5969
2019-12-20,NAHARPOLY,EQ,31.75,31.9,32.7,31.5,31.75,31.85,32.49,17738,57626280000.00001,48.0,17501,0.9866
2019-12-23,NAHARPOLY,EQ,31.85,31.6,32.0,31.5,31.5,31.5,31.57,2999,9468265000.0,27.0,2748,0.9163
2019-12-24,NAHARPOLY,EQ,31.5,31.3,32.0,31.3,31.8,31.8,31.71,2008,6368350000.0,32.0,1593,0.7933
2019-12-26,NAHARPOLY,EQ,31.8,31.8,32.4,31.8,32.1,32.15,32.24,2025,6528100000.0,18.0,1990,0.9827
2019-12-27,NAHARPOLY,EQ,32.15,32.9,34.6,32.1,32.7,32.3,32.82,879,2884630000.0,20.0,385,0.438
2019-12-30,NAHARPOLY,EQ,32.3,31.1,32.1,31.1,32.05,32.05,31.67,3160,10006965000.0,27.0,2012,0.6367
2019-12-31,NAHARPOLY,EQ,32.05,31.05,33.3,31.05,32.65,32.7,32.68,836,2731725000.0,25.0,611,0.7309
2020-01-01,NAHARPOLY,EQ,32.7,33.35,35.9,32.2,34.8,34.65,34.05,24156,82258885000.0,184.0,16011,0.6628000000000001
2020-01-02,NAHARPOLY,EQ,34.65,34.65,36.5,34.2,36.35,36.05,35.58,7490,26646715000.000004,127.0,6479,0.865
2020-01-03,NAHARPOLY,EQ,36.05,36.05,36.2,35.0,35.0,35.45,35.56,1430,5084760000.0,18.0,1427,0.9979000000000001
2020-01-06,NAHARPOLY,EQ,35.45,34.9,34.9,33.2,33.7,33.7,33.54,1268,4253310000.0,20.0,1215,0.9581999999999999
2020-01-07,NAHARPOLY,EQ,33.7,36.4,36.4,33.5,34.0,33.85,34.41,2875,9892525000.0,21.0,1671,0.5811999999999999
2020-01-08,NAHARPOLY,EQ,33.85,33.0,35.9,32.1,34.5,34.5,34.05,1435,4886785000.0,26.0,1253,0.8732
2020-01-09,NAHARPOLY,EQ,34.5,33.9,36.75,33.5,36.35,36.0,34.8,2711,9434810000.0,93.0,1705,0.6289
2020-01-10,NAHARPOLY,EQ,36.0,35.0,35.5,34.25,35.5,35.0,34.77,2066,7183689999.999999,27.0,1553,0.7517
2020-01-13,NAHARPOLY,EQ,35.0,33.2,40.5,33.2,39.75,39.65,38.8,54377,210989040000.0,948.0,30398,0.559
2020-01-14,NAHARPOLY,EQ,39.65,41.0,42.95,41.0,41.25,41.35,42.04,33186,139499695000.0,269.0,19501,0.5876
2020-01-15,NAHARPOLY,EQ,41.35,42.4,42.55,39.2,40.7,40.5,40.01,13762,55067510000.0,113.0,10760,0.7819
2020-01-16,NAHARPOLY,EQ,40.5,41.5,42.1,38.0,39.0,40.45,40.93,16845,68946830000.0,628.0,10781,0.64
2020-01-17,NAHARPOLY,EQ,40.45,40.0,41.85,37.7,38.45,38.3,38.87,47339,184004915000.0,489.0,40121,0.8475
2020-01-20,NAHARPOLY,EQ,38.3,39.8,40.0,38.05,38.7,38.65,38.77,5216,20222420000.0,68.0,4614,0.8845999999999999
2020-01-21,NAHARPOLY,EQ,38.65,39.25,39.25,38.15,39.0,39.0,38.88,4954,19263505000.0,30.0,4742,0.9572
2020-01-22,NAHARPOLY,EQ,39.0,38.0,38.75,37.95,38.75,38.6,38.48,1529,5882900000.0,17.0,1465,0.9581000000000001
2020-01-23,NAHARPOLY,EQ,38.6,38.55,39.45,35.6,37.5,37.45,37.29,11433,42632660000.0,305.0,6618,0.5789
2020-01-24,NAHARPOLY,EQ,37.45,38.9,39.9,36.15,38.0,37.65,37.12,7783,28893390000.000004,185.0,5181,0.6657
2020-01-27,NAHARPOLY,EQ,37.65,36.0,38.55,36.0,37.0,37.05,37.08,4496,16673260000.0,34.0,4034,0.8972
2020-01-28,NAHARPOLY,EQ,37.05,37.1,39.35,36.75,37.05,37.1,37.75,17835,67321705000.00001,195.0,9647,0.5409
2020-01-29,NAHARPOLY,EQ,37.1,38.5,38.5,37.0,37.5,37.5,37.52,8088,30347330000.0,41.0,6880,0.8506
2020-01-30,NAHARPOLY,EQ,37.5,36.6,37.5,36.4,36.4,36.4,36.53,1943,7097889999.999999,29.0,1721,0.8856999999999999
2020-01-31,NAHARPOLY,EQ,36.4,36.1,37.45,34.8,37.45,37.45,36.26,4197,15216285000.0,33.0,2759,0.6574
2020-02-01,NAHARPOLY,EQ,37.45,38.0,38.0,35.1,36.0,36.05,36.25,2595,9408010000.0,50.0,2086,0.8039000000000001
2020-02-03,NAHARPOLY,EQ,36.05,35.0,35.65,34.1,34.4,34.6,34.55,3493,12068315000.0,54.0,3252,0.9309999999999999
2020-02-04,NAHARPOLY,EQ,34.6,37.0,37.0,34.1,36.25,36.25,35.74,5442,19450235000.0,100.0,3706,0.6809999999999999
2020-02-05,NAHARPOLY,EQ,36.25,35.35,36.0,35.0,36.0,35.65,35.36,2636,9321910000.0,36.0,1693,0.6423000000000001
2020-02-06,NAHARPOLY,EQ,35.65,36.95,36.95,35.25,35.7,35.7,36.21,1640,5937995000.0,17.0,1334,0.8134
2020-02-07,NAHARPOLY,EQ,35.7,38.3,38.3,35.75,36.0,36.05,36.78,3084,11343745000.0,21.0,2105,0.6826000000000001
2020-02-10,NAHARPOLY,EQ,36.05,35.0,35.95,34.0,34.75,34.75,34.5,4310,14867654999.999998,75.0,3316,0.7694
2020-02-11,NAHARPOLY,EQ,34.75,34.7,37.8,34.5,37.0,36.5,36.33,6853,24895740000.0,123.0,5777,0.843
2020-02-12,NAHARPOLY,EQ,36.5,36.35,36.55,35.0,35.75,35.25,35.67,3344,11929510000.0,23.0,2954,0.8834000000000001
2020-02-13,NAHARPOLY,EQ,35.25,38.35,42.3,38.35,40.85,41.9,41.76,292104,1219856555000.0,2133.0,92764,0.31760000000000005
2020-02-14,NAHARPOLY,EQ,41.9,40.3,44.1,38.5,41.0,40.9,41.67,139934,583055985000.0,1286.0,54854,0.392
2020-02-17,NAHARPOLY,EQ,40.9,41.5,41.85,39.6,40.7,40.35,40.8,18822,76786140000.0,258.0,11223,0.5963
2020-02-18,NAHARPOLY,EQ,40.35,40.05,40.45,37.45,38.8,38.8,38.92,9396,36570450000.0,101.0,7803,0.8305
2020-02-19,NAHARPOLY,EQ,38.8,40.15,41.4,39.45,40.0,40.1,40.38,12681,51209635000.0,185.0,9486,0.748
2020-02-20,NAHARPOLY,EQ,40.1,40.95,41.35,39.15,39.35,39.4,40.2,7117,28607780000.0,163.0,4809,0.6757
2020-02-24,NAHARPOLY,EQ,39.4,39.35,40.5,39.0,39.0,39.0,39.46,2252,8885645000.0,66.0,1944,0.8632
2020-02-25,NAHARPOLY,EQ,39.0,39.45,40.35,38.65,38.9,39.0,39.38,8735,34398215000.0,92.0,4652,0.5326
2020-02-26,NAHARPOLY,EQ,39.0,38.15,39.9,37.55,39.25,39.25,38.86,23776,92386265000.0,333.0,15765,0.6631
2020-02-27,NAHARPOLY,EQ,39.25,40.8,40.8,37.25,38.5,38.5,38.5,13732,52870290000.0,118.0,11993,0.8734000000000001
2020-02-28,NAHARPOLY,EQ,38.5,38.0,39.45,36.5,36.95,37.0,37.74,16590,62609315000.0,172.0,11962,0.721
2020-03-02,NAHARPOLY,EQ,37.0,36.0,39.95,36.0,36.05,36.75,38.07,12095,46045185000.0,102.0,9248,0.7646
2020-03-03,NAHARPOLY,EQ,36.75,36.55,37.55,36.0,36.5,36.5,36.52,10510,38383665000.0,97.0,7624,0.7254
2020-03-04,NAHARPOLY,EQ,36.5,35.55,37.85,35.0,35.4,35.35,35.84,8518,30531865000.000004,85.0,6122,0.7187
2020-03-05,NAHARPOLY,EQ,35.35,36.45,36.75,35.35,36.0,35.95,35.95,11342,40779780000.0,107.0,9629,0.8490000000000001
2020-03-06,NAHARPOLY,EQ,35.95,34.95,35.0,32.2,34.0,33.7,33.69,15999,53892905000.00001,131.0,13351,0.8345
2020-03-09,NAHARPOLY,EQ,33.7,33.0,34.8,31.0,32.5,32.75,32.13,12766,41017450000.0,172.0,9505,0.7445999999999999
2020-03-11,NAHARPOLY,EQ,32.75,34.05,34.05,31.25,32.75,32.7,32.11,5341,17152585000.0,92.0,4229,0.7918000000000001
2020-03-12,NAHARPOLY,EQ,32.7,31.05,31.95,28.25,29.95,29.5,29.57,11536,34111905000.0,95.0,9600,0.8322
2020-03-13,NAHARPOLY,EQ,29.5,24.0,34.0,24.0,30.55,31.55,30.54,4568,13948685000.0,73.0,3571,0.7817000000000001
2020-03-16,NAHARPOLY,EQ,31.55,31.3,33.9,27.65,29.5,28.95,30.04,8578,25769380000.0,107.0,6207,0.7236
2020-03-17,NAHARPOLY,EQ,28.95,31.25,31.7,28.1,29.1,29.2,29.34,5743,16852210000.0,131.0,3784,0.6589
2020-03-18,NAHARPOLY,EQ,29.2,31.35,31.35,27.15,28.0,27.65,27.99,7007,19612935000.0,171.0,6531,0.9320999999999999
2020-03-19,NAHARPOLY,EQ,27.65,27.25,30.65,23.05,30.05,30.05,29.07,28337,82376375000.0,232.0,24290,0.8572
2020-03-20,NAHARPOLY,EQ,30.05,29.05,30.8,28.2,29.2,29.5,29.8,6419,19129265000.0,95.0,5814,0.9057
2020-03-23,NAHARPOLY,EQ,29.5,27.55,28.25,25.0,28.0,26.75,26.29,8621,22661185000.0,197.0,7394,0.8577
2020-03-24,NAHARPOLY,EQ,26.75,26.2,26.7,25.55,26.65,26.65,26.26,3926,10309065000.0,33.0,3572,0.9098
2020-03-25,NAHARPOLY,EQ,26.65,28.9,28.9,24.25,26.05,26.05,25.76,1770,4559835000.0,51.0,1048,0.5921000000000001
2020-03-26,NAHARPOLY,EQ,26.05,26.25,27.9,25.4,26.3,26.6,26.51,5419,14367910000.0,84.0,2762,0.5097
2020-03-27,NAHARPOLY,EQ,26.6,26.55,27.55,25.1,27.0,26.95,25.97,7891,20489960000.0,78.0,4152,0.5262
2020-03-30,NAHARPOLY,EQ,26.95,25.5,27.5,25.15,27.2,27.2,25.96,1475,3828815000.0,32.0,1377,0.9336
2020-03-31,NAHARPOLY,EQ,27.2,27.2,27.25,25.85,26.0,26.0,26.22,23435,61450515000.0,92.0,20371,0.8693000000000001
2020-04-01,NAHARPOLY,EQ,26.0,27.85,27.85,25.75,26.5,26.45,26.38,2887,7614845000.0,25.0,2381,0.8247
2020-04-03,NAHARPOLY,EQ,26.45,26.0,27.4,26.0,27.3,26.6,26.45,475,1256240000.0,20.0,444,0.9347
2020-04-07,NAHARPOLY,EQ,26.6,27.9,28.0,26.95,28.0,27.8,27.34,2879,7872625000.0,52.0,1951,0.6777
2020-04-08,NAHARPOLY,EQ,27.8,29.4,30.4,28.25,29.15,28.65,29.34,6914,20283490000.0,101.0,3556,0.5143
2020-04-09,NAHARPOLY,EQ,28.65,29.8,30.0,28.05,29.75,29.75,29.62,3863,11443355000.0,61.0,2988,0.7735
2020-04-13,NAHARPOLY,EQ,29.75,30.5,31.0,28.2,28.85,28.7,29.13,2963,8632195000.0,66.0,1715,0.5788000000000001
2020-04-15,NAHARPOLY,EQ,28.7,30.45,30.5,28.55,29.45,29.3,29.51,11906,35139980000.0,88.0,9620,0.8079999999999999
2020-04-16,NAHARPOLY,EQ,29.3,29.65,30.25,28.95,29.85,30.15,29.99,5404,16208760000.0,51.0,4881,0.9032
2020-04-17,NAHARPOLY,EQ,30.15,29.2,32.0,29.15,31.45,31.45,31.04,9938,30851775000.0,139.0,9087,0.9144
2020-04-20,NAHARPOLY,EQ,31.45,31.1,32.5,30.5,32.5,32.4,31.81,16911,53801219999.99999,187.0,14761,0.8729000000000001
2020-04-21,NAHARPOLY,EQ,32.4,32.05,32.05,30.45,30.8,30.7,30.89,2499,7718560000.000001,80.0,2182,0.8731
2020-04-22,NAHARPOLY,EQ,30.7,29.6,31.6,29.6,31.4,31.4,30.56,3197,9769145000.0,91.0,2510,0.7851
2020-04-23,NAHARPOLY,EQ,31.4,31.55,32.45,30.55,31.95,31.75,31.55,1282,4044094999.9999995,58.0,925,0.7215
2020-04-24,NAHARPOLY,EQ,31.75,32.0,32.0,30.85,31.05,31.05,31.32,3946,12359650000.0,266.0,3605,0.9136
2020-04-27,NAHARPOLY,EQ,31.05,31.1,31.75,30.75,31.0,31.0,31.0,1867,5787630000.0,74.0,1533,0.8211
2020-04-28,NAHARPOLY,EQ,31.0,31.6,34.8,31.05,34.5,33.15,32.95,15117,49814845000.0,179.0,11503,0.7609
2020-04-29,NAHARPOLY,EQ,33.15,39.4,39.4,34.15,35.2,34.95,35.8,35019,125369910000.00002,655.0,23830,0.6805
2020-04-30,NAHARPOLY,EQ,34.95,35.8,38.0,34.1,34.1,34.65,35.24,19163,67535010000.0,253.0,13387,0.6986
2020-05-04,NAHARPOLY,EQ,34.65,33.05,35.0,32.0,35.0,34.75,34.14,18411,62852550000.0,172.0,15478,0.8407
2020-05-05,NAHARPOLY,EQ,34.75,35.5,36.9,34.95,36.05,35.7,35.71,14239,50847115000.0,186.0,10432,0.7326
2020-05-06,NAHARPOLY,EQ,35.7,35.05,36.3,34.15,36.0,35.3,35.03,10275,35994870000.0,109.0,8487,0.826
2020-05-07,NAHARPOLY,EQ,35.3,35.5,37.9,35.0,37.55,37.0,36.47,18190,66339465000.0,275.0,15388,0.846
2020-05-08,NAHARPOLY,EQ,37.0,36.95,39.65,36.95,38.0,37.85,38.13,24525,93502645000.0,502.0,13954,0.569
2020-05-11,NAHARPOLY,EQ,37.85,38.0,39.9,37.0,39.15,39.05,38.77,17719,68703169999.99999,247.0,13622,0.7687999999999999
2020-05-12,NAHARPOLY,EQ,39.05,39.0,39.0,37.1,37.65,38.85,38.09,9915,37762930000.0,141.0,7733,0.7798999999999999
2020-05-13,NAHARPOLY,EQ,38.85,38.2,39.3,37.5,39.0,38.45,38.29,1460,5589775000.0,43.0,916,0.6274000000000001
2020-05-14,NAHARPOLY,EQ,38.45,38.05,39.3,36.6,38.55,38.9,37.87,6413,24285590000.0,161.0,4435,0.6916
2020-05-15,NAHARPOLY,EQ,38.9,38.0,39.5,36.75,39.5,39.2,37.71,3941,14861695000.000002,62.0,3384,0.8587
2020-05-18,NAHARPOLY,EQ,39.2,42.0,42.0,38.5,39.55,38.95,39.85,13321,53090785000.0,199.0,9762,0.7328
2020-05-19,NAHARPOLY,EQ,38.95,38.05,44.2,37.5,40.8,40.35,41.24,65514,270194140000.0,913.0,32471,0.49560000000000004
2020-05-20,NAHARPOLY,EQ,40.35,40.55,42.5,37.6,42.4,41.3,40.6,28261,114728980000.0,380.0,22857,0.8088
2020-05-21,NAHARPOLY,EQ,41.3,41.5,42.65,40.0,41.75,41.15,41.75,25892,108090680000.0,460.0,13916,0.5375
2020-05-22,NAHARPOLY,EQ,41.15,41.4,42.5,40.5,42.0,41.8,41.68,12074,50328175000.0,155.0,7906,0.6548
2020-05-26,NAHARPOLY,EQ,41.8,42.45,42.45,39.2,40.15,40.2,41.56,9615,39957145000.0,152.0,7416,0.7713
2020-05-27,NAHARPOLY,EQ,40.2,40.05,41.5,39.5,41.3,41.2,40.51,5608,22719315000.0,143.0,5091,0.9078
2020-05-28,NAHARPOLY,EQ,41.2,41.45,42.45,39.2,41.05,40.7,41.19,6047,24908685000.0,148.0,4508,0.7454999999999999
2020-05-29,NAHARPOLY,EQ,40.7,41.0,41.8,40.0,40.1,40.8,40.59,4654,18892320000.0,110.0,3060,0.6575
2020-06-01,NAHARPOLY,EQ,40.8,41.15,42.8,40.05,41.95,41.55,41.38,8565,35441615000.0,69.0,7984,0.9322
2020-06-02,NAHARPOLY,EQ,41.55,40.4,42.25,40.35,41.15,41.65,41.37,11044,45693035000.0,151.0,6535,0.5917
2020-06-03,NAHARPOLY,EQ,41.65,42.9,42.9,41.4,41.4,41.6,42.01,6807,28596755000.0,121.0,4910,0.7212999999999999
2020-06-04,NAHARPOLY,EQ,41.6,41.1,48.0,40.55,47.7,46.55,44.91,57127,256576965000.0,638.0,30557,0.5349
2020-06-05,NAHARPOLY,EQ,46.55,50.95,55.85,47.55,55.85,55.85,53.79,316304,1701486575000.0,2740.0,147905,0.4676
2020-06-08,NAHARPOLY,EQ,55.85,60.9,64.6,59.1,61.2,60.9,62.02,377858,2343566480000.0,3420.0,210232,0.5564
2020-06-09,NAHARPOLY,EQ,60.9,61.0,62.0,55.3,56.0,55.95,57.95,110145,638338640000.0,1000.0,72223,0.6557
2020-06-10,NAHARPOLY,EQ,55.95,57.9,57.9,50.4,53.2,53.05,52.92,77027,407593870000.0,953.0,58371,0.7578
2020-06-11,NAHARPOLY,EQ,53.05,52.0,57.0,52.0,54.2,54.3,55.82,81188,453196645000.0,955.0,53181,0.655
2020-06-12,NAHARPOLY,EQ,54.3,50.7,54.4,48.9,53.6,53.9,51.71,37831,195642835000.0,510.0,23323,0.6165
2020-06-15,NAHARPOLY,EQ,53.9,54.85,55.0,50.75,52.7,52.7,52.87,21621,114320720000.0,379.0,14602,0.6754000000000001
2020-06-16,NAHARPOLY,EQ,52.7,52.5,57.9,52.5,53.6,54.05,55.06,35127,193413910000.0,504.0,24302,0.6918000000000001
2020-06-17,NAHARPOLY,EQ,54.05,57.45,57.45,50.75,54.8,55.45,53.94,47471,256039015000.0,512.0,34555,0.7279000000000001
2020-06-18,NAHARPOLY,EQ,55.45,57.0,60.95,56.05,60.95,60.95,59.66,74046,441756455000.0,688.0,68982,0.9316
2020-06-19,NAHARPOLY,EQ,60.95,63.9,67.0,63.9,67.0,67.0,66.52,48041,319579030000.0,281.0,44537,0.9270999999999999
2020-06-22,NAHARPOLY,EQ,67.0,73.7,73.7,65.15,73.7,73.7,72.67,239134,1737670660000.0002,2448.0,142349,0.5953
2020-06-23,NAHARPOLY,EQ,73.7,75.5,75.5,70.05,72.25,72.0,71.91,193251,1389736530000.0,2017.0,80361,0.5365
2020-06-24,NAHARPOLY,EQ,72.0,73.95,73.95,68.4,69.15,69.35,70.04,86046,602674465000.0,912.0,46608,0.5417000000000001
2020-06-25,NAHARPOLY,EQ,69.35,66.05,69.0,66.05,68.8,68.45,67.58,28038,189492395000.0,667.0,17540,0.6256
2020-06-26,NAHARPOLY,EQ,68.45,70.75,71.85,69.3,71.85,71.85,71.44,76854,549025859999.99994,581.0,64640,0.8411
2020-06-29,NAHARPOLY,EQ,71.85,68.55,73.95,68.3,68.3,68.3,68.5,32803,224698985000.0,175.0,27516,0.8388
2020-06-30,NAHARPOLY,EQ,68.3,65.5,65.75,64.9,64.9,64.9,65.01,18711,121648089999.99998,149.0,16794,0.8975
2020-07-01,NAHARPOLY,EQ,64.9,61.7,61.7,61.7,61.7,61.7,61.7,11093,68443810000.0,119.0,11092,0.9999
2020-07-02,NAHARPOLY,EQ,61.7,58.65,64.5,58.65,63.55,63.1,61.58,86181,530721400000.0,721.0,43103,0.5001
2020-07-03,NAHARPOLY,EQ,63.1,65.25,66.25,60.9,61.45,61.65,62.68,33269,208529105000.0,476.0,20915,0.6287
2020-07-06,NAHARPOLY,EQ,61.65,63.65,63.65,59.55,60.0,60.4,60.61,49644,300871025000.0,525.0,34707,0.6990999999999999
2020-07-07,NAHARPOLY,EQ,60.4,58.25,60.6,57.4,58.7,58.55,58.62,32655,191435410000.0,436.0,25873,0.7923
2020-07-08,NAHARPOLY,EQ,58.55,58.55,61.0,58.55,59.8,59.75,59.86,27199,162818610000.0,373.0,20284,0.7458
2020-07-09,NAHARPOLY,EQ,59.75,58.5,61.5,58.0,59.2,59.65,59.1,29645,175202060000.0,356.0,20511,0.6919
2020-07-10,NAHARPOLY,EQ,59.65,59.7,59.7,56.7,57.0,57.45,57.67,18459,106459380000.0,259.0,13923,0.7543000000000001
2020-07-13,NAHARPOLY,EQ,57.45,57.05,60.3,57.0,60.0,60.2,59.91,78867,472530400000.0,487.0,66819,0.8472
2020-07-14,NAHARPOLY,EQ,60.2,59.15,60.3,57.55,58.45,58.8,59.24,15533,92015925000.0,303.0,12216,0.7865000000000001
2020-07-15,NAHARPOLY,EQ,58.8,59.6,60.85,58.3,59.85,59.3,59.93,14513,86981190000.0,167.0,11343,0.7816
2020-07-16,NAHARPOLY,EQ,59.3,59.5,59.5,58.3,59.0,58.8,58.73,3713,21808000000.0,104.0,2829,0.7619
2020-07-17,NAHARPOLY,EQ,58.8,58.5,60.0,58.0,59.3,59.75,58.88,7521,44287290000.0,215.0,5225,0.6947
2020-07-20,NAHARPOLY,EQ,59.75,61.25,62.5,59.3,62.45,61.85,61.25,22289,136525014999.99998,496.0,16724,0.7503000000000001
2020-07-21,NAHARPOLY,EQ,61.85,63.75,64.3,60.2,63.0,62.2,62.49,45517,284414220000.0,820.0,33211,0.7295999999999999
2020-07-22,NAHARPOLY,EQ,62.2,62.25,63.05,61.0,62.75,62.2,62.14,10982,68243825000.0,283.0,7971,0.7258
2020-07-23,NAHARPOLY,EQ,62.2,62.15,65.15,61.15,64.4,63.2,63.51,36763,233493879999.99997,787.0,24816,0.675
2020-07-24,NAHARPOLY,EQ,63.2,62.65,65.3,61.7,63.9,63.35,63.84,23218,148223650000.0,601.0,13312,0.5733
2020-07-27,NAHARPOLY,EQ,63.35,64.4,64.4,60.2,60.8,61.0,61.66,16980,104701650000.0,367.0,11246,0.6623
2020-07-28,NAHARPOLY,EQ,61.0,61.9,61.9,59.4,59.7,59.7,60.31,14724,88796335000.0,391.0,10153,0.6896
2020-07-29,NAHARPOLY,EQ,59.7,60.3,61.75,58.7,61.05,61.3,60.34,13958,84229270000.0,251.0,9711,0.6957
2020-07-30,NAHARPOLY,EQ,61.3,61.7,62.7,59.85,61.55,60.1,60.95,7244,44148580000.0,207.0,4890,0.675
2020-07-31,NAHARPOLY,EQ,60.1,59.5,62.45,59.3,61.7,61.35,61.13,17470,106799235000.00002,412.0,13088,0.7492000000000001
2020-08-03,NAHARPOLY,EQ,61.35,61.2,64.4,61.2,64.1,64.3,63.69,57190,364241075000.0,505.0,43563,0.7617
2020-08-04,NAHARPOLY,EQ,64.3,65.9,66.7,64.1,66.0,66.15,65.8,43859,288571900000.0,639.0,27860,0.6352000000000001
2020-08-05,NAHARPOLY,EQ,66.15,68.7,68.7,65.0,65.75,65.4,66.4,26431,175498455000.0,455.0,14591,0.552
2020-08-06,NAHARPOLY,EQ,65.4,66.7,67.0,63.1,65.5,64.95,65.47,17344,113551964999.99998,203.0,12713,0.733
2020-08-07,NAHARPOLY,EQ,64.95,65.25,67.1,63.35,66.8,66.5,66.38,55244,366720120000.0,834.0,20927,0.3788
2020-08-10,NAHARPOLY,EQ,66.5,71.85,71.85,67.05,70.9,70.2,69.64,86806,604501775000.0,768.0,63390,0.7302
2020-08-11,NAHARPOLY,EQ,70.2,68.25,71.65,67.05,68.8,68.65,69.03,26817,185107620000.0,367.0,21038,0.7845000000000001
2020-08-12,NAHARPOLY,EQ,68.65,67.2,70.2,67.05,69.8,69.5,68.95,34168,235587165000.0,360.0,23925,0.7001999999999999
2020-08-13,NAHARPOLY,EQ,69.5,72.0,76.45,71.1,76.45,76.45,75.74,307184,2326710445000.0,1700.0,211572,0.6887000000000001
2020-08-14,NAHARPOLY,EQ,76.45,76.45,79.0,68.85,70.6,70.05,73.77,155983,1150705480000.0,1318.0,100234,0.6426000000000001
2020-08-17,NAHARPOLY,EQ,70.05,71.0,73.95,70.2,72.5,72.2,72.48,50688,367378975000.0,1032.0,33322,0.6574
2020-08-18,NAHARPOLY,EQ,72.2,72.45,74.9,71.1,71.5,71.65,72.55,45046,326811005000.0,621.0,34184,0.7589
2020-08-19,NAHARPOLY,EQ,71.65,73.9,74.5,70.65,70.7,70.85,71.64,79959,572845525000.0,533.0,61130,0.7645000000000001
2020-08-20,NAHARPOLY,EQ,70.85,72.2,72.5,69.15,71.15,71.3,70.78,49356,349340845000.0,792.0,38642,0.7829
2020-08-21,NAHARPOLY,EQ,71.3,73.9,73.9,70.2,71.7,70.9,72.08,45198,325785515000.0,344.0,22712,0.5025000000000001
2020-08-24,NAHARPOLY,EQ,70.9,73.2,73.2,66.6,69.65,69.45,70.1,29490,206720705000.0,731.0,21271,0.7212999999999999
2020-08-25,NAHARPOLY,EQ,69.45,69.65,71.2,66.95,68.0,68.0,68.64,54127,371527040000.0,501.0,40381,0.746
2020-08-26,NAHARPOLY,EQ,68.0,69.9,70.5,67.85,69.4,69.0,69.21,27789,192329020000.0,563.0,17335,0.6238
2020-08-27,NAHARPOLY,EQ,69.0,70.5,70.5,68.4,69.8,69.2,69.58,20241,140837245000.0,471.0,13360,0.66
2020-08-28,NAHARPOLY,EQ,69.2,69.55,69.55,62.3,65.6,65.35,66.11,61872,409019420000.0,1043.0,41391,0.669
2020-08-31,NAHARPOLY,EQ,65.35,63.5,65.3,60.6,62.45,62.2,62.45,45750,285711200000.0,819.0,29391,0.6424
2020-09-01,NAHARPOLY,EQ,62.2,61.15,63.5,60.55,61.75,61.25,61.63,11267,69436740000.0,226.0,8242,0.7315
2020-09-02,NAHARPOLY,EQ,61.25,64.0,64.0,61.45,62.85,62.55,62.82,8607,54071469999.99999,198.0,6209,0.7214
2020-09-03,NAHARPOLY,EQ,62.55,63.55,65.6,61.75,63.0,63.9,64.14,16118,103375845000.0,292.0,7985,0.4954
2020-09-04,NAHARPOLY,EQ,63.9,62.55,64.85,62.0,62.9,63.0,63.26,9538,60338115000.0,211.0,6158,0.6456000000000001
2020-09-07,NAHARPOLY,EQ,63.0,65.4,65.4,60.2,62.85,62.5,62.35,6499,40522435000.0,113.0,4024,0.6192000000000001
2020-09-08,NAHARPOLY,EQ,62.5,62.25,64.2,59.2,59.2,60.25,61.97,16922,104867230000.0,284.0,13487,0.797
2020-09-09,NAHARPOLY,EQ,60.25,60.25,61.1,58.1,60.0,60.0,60.06,7907,47488070000.0,180.0,6221,0.7868
2020-09-10,NAHARPOLY,EQ,60.0,61.8,62.85,61.0,62.4,62.35,62.14,4106,25514440000.0,94.0,3531,0.86
2020-09-11,NAHARPOLY,EQ,62.35,62.4,62.85,61.5,62.0,62.3,62.12,13579,84347720000.0,160.0,12421,0.9147
2020-09-14,NAHARPOLY,EQ,62.3,62.3,65.0,61.85,62.95,63.8,63.45,23057,146296250000.0,348.0,16161,0.7009000000000001
2020-09-15,NAHARPOLY,EQ,63.8,63.8,67.0,61.65,66.05,66.4,65.29,20859,136180685000.00002,361.0,15248,0.731
2020-09-16,NAHARPOLY,EQ,66.4,66.15,68.0,64.6,65.15,65.6,65.64,14538,95431150000.0,260.0,9362,0.644
2020-09-17,NAHARPOLY,EQ,65.6,63.8,66.5,62.0,62.85,62.95,63.38,13051,82714825000.0,246.0,11388,0.8726
2020-09-18,NAHARPOLY,EQ,62.95,63.05,64.5,62.7,62.75,62.75,63.27,17431,110282630000.0,155.0,15880,0.9109999999999999
2020-09-21,NAHARPOLY,EQ,62.75,61.9,63.5,60.05,60.3,60.25,61.16,7791,47651000000.0,240.0,5580,0.7162000000000001
2020-09-22,NAHARPOLY,EQ,60.25,60.3,61.3,58.0,58.5,58.3,58.82,11867,69802280000.0,195.0,9213,0.7764
2020-09-23,NAHARPOLY,EQ,58.3,59.25,60.8,56.8,58.0,57.85,57.82,16790,97076395000.0,258.0,11862,0.7065
2020-09-24,NAHARPOLY,EQ,57.85,58.45,58.45,55.85,56.9,56.85,57.07,11085,63263010000.0,157.0,9398,0.8478
2020-09-25,NAHARPOLY,EQ,56.85,56.3,58.05,56.15,57.0,57.3,57.09,34508,197016395000.0,359.0,28689,0.8314
2020-09-28,NAHARPOLY,EQ,57.3,59.8,62.7,59.75,62.7,62.4,61.25,36683,224666060000.0,518.0,28344,0.7726999999999999
2020-09-29,NAHARPOLY,EQ,62.4,65.3,65.3,62.0,62.8,62.95,63.12,8772,55367985000.0,171.0,5412,0.617
2020-09-30,NAHARPOLY,EQ,62.95,62.55,68.95,62.15,62.3,65.45,64.53,9255,59719665000.0,96.0,8331,0.9002
2020-10-01,NAHARPOLY,EQ,65.45,65.9,65.9,63.1,64.8,64.85,64.81,9486,61474585000.0,178.0,5297,0.5584
2020-10-05,NAHARPOLY,EQ,64.85,65.85,66.6,61.9,63.55,64.0,64.08,9728,62338740000.0,174.0,6058,0.6227
2020-10-06,NAHARPOLY,EQ,64.0,63.75,65.75,63.5,64.5,64.1,64.34,16243,104506940000.0,199.0,9041,0.5566
2020-10-07,NAHARPOLY,EQ,64.1,64.55,64.55,62.8,64.05,64.2,63.79,19857,126664055000.0,229.0,10145,0.5109
2020-10-08,NAHARPOLY,EQ,64.2,64.25,68.5,64.2,66.6,66.9,67.1,61760,414439090000.0,601.0,39807,0.6445000000000001
2020-10-09,NAHARPOLY,EQ,66.9,67.95,68.95,65.45,66.0,66.4,67.18,23302,156540395000.0,325.0,11731,0.5034000000000001
2020-10-12,NAHARPOLY,EQ,66.4,67.95,67.95,64.0,64.0,65.6,67.02,20179,135243575000.0,213.0,18475,0.9156000000000001
2020-10-13,NAHARPOLY,EQ,65.6,65.95,65.95,64.05,64.35,64.4,64.75,6414,41530105000.0,126.0,4508,0.7028
2020-10-14,NAHARPOLY,EQ,64.4,64.05,65.0,62.3,63.4,63.0,63.01,11693,73680515000.0,161.0,8859,0.7576
2020-10-15,NAHARPOLY,EQ,63.0,63.75,63.75,62.0,62.25,62.3,62.75,12956,81293150000.0,120.0,12212,0.9426000000000001
2020-10-16,NAHARPOLY,EQ,62.3,63.45,63.9,60.8,63.5,63.05,62.24,9118,56753005000.00001,162.0,5965,0.6542
2020-10-19,NAHARPOLY,EQ,63.05,66.65,66.65,57.95,62.75,62.35,61.77,12084,74645235000.0,250.0,7109,0.5883
2020-10-20,NAHARPOLY,EQ,62.35,62.05,62.95,62.0,62.2,62.15,62.18,5231,32525425000.0,70.0,4106,0.7848999999999999
2020-10-21,NAHARPOLY,EQ,62.15,63.6,64.4,61.05,61.7,61.65,62.54,14838,92793400000.0,148.0,13486,0.9089
2020-10-22,NAHARPOLY,EQ,61.65,60.85,65.65,60.85,64.9,64.3,63.51,40045,254330420000.00003,499.0,26191,0.654
2020-10-23,NAHARPOLY,EQ,64.3,64.95,71.45,64.85,69.95,69.45,68.52,81242,556675390000.0,818.0,51108,0.6291
2020-10-26,NAHARPOLY,EQ,69.45,71.0,83.3,68.1,80.9,82.45,79.29,376886,2988182020000.0,3492.0,167802,0.44520000000000004
2020-10-27,NAHARPOLY,EQ,82.45,82.55,83.45,76.05,76.05,77.5,79.58,123615,983724019999.9999,2240.0,60638,0.4905
2020-10-28,NAHARPOLY,EQ,77.5,78.0,91.4,75.35,85.45,86.1,86.37,282124,2436619190000.0,4157.0,129001,0.4572
2020-10-29,NAHARPOLY,EQ,86.1,85.65,85.65,76.3,78.0,78.7,80.08,124596,997800705000.0001,1690.0,54874,0.4404
2020-10-30,NAHARPOLY,EQ,78.7,79.2,84.9,78.05,80.0,79.1,80.8,51756,418187685000.0,857.0,28901,0.5584
2020-11-02,NAHARPOLY,EQ,79.1,81.45,82.9,78.15,79.5,79.7,80.21,43691,350462430000.0,462.0,30630,0.7011000000000001
2020-11-03,NAHARPOLY,EQ,79.7,80.0,83.0,75.85,77.45,76.5,79.26,45111,357551390000.0,795.0,27309,0.6054
2020-11-04,NAHARPOLY,EQ,76.5,77.4,78.4,73.2,75.7,74.85,76.38,23304,178007555000.0,387.0,13474,0.5782
2020-11-05,NAHARPOLY,EQ,74.85,75.0,89.6,75.0,78.25,81.3,83.6,387415,3238952620000.0,4646.0,101671,0.26239999999999997
2020-11-06,NAHARPOLY,EQ,81.3,79.9,88.8,79.25,84.3,84.7,84.7,136142,1153092935000.0,2323.0,66627,0.4894
2020-11-09,NAHARPOLY,EQ,84.7,84.3,86.7,80.25,81.6,81.1,83.09,80367,667787430000.0,1236.0,46741,0.5816
2020-11-10,NAHARPOLY,EQ,81.1,81.5,82.9,80.0,80.3,80.7,81.35,59192,481518909999.99994,906.0,25650,0.4333
2020-11-11,NAHARPOLY,EQ,80.7,83.35,84.0,79.3,80.5,80.2,82.04,60594,497131059999.99994,914.0,31658,0.5225
2020-11-12,NAHARPOLY,EQ,80.2,80.3,84.0,80.3,82.0,81.55,81.91,31962,261811450000.0,538.0,18303,0.5726
2020-11-13,NAHARPOLY,EQ,81.55,81.9,81.9,77.3,81.15,80.25,80.04,24171,193459230000.0,356.0,15834,0.6551
2020-11-14,NAHARPOLY,EQ,80.25,81.75,82.85,80.8,81.7,81.3,81.78,14173,115901789999.99998,209.0,12314,0.8688
2020-11-17,NAHARPOLY,EQ,81.3,81.3,85.8,81.3,82.0,81.7,83.17,68291,567995220000.0,932.0,40926,0.5993
2020-11-18,NAHARPOLY,EQ,81.7,83.0,88.7,82.95,87.0,86.9,86.48,227683,1968993195000.0,2679.0,122370,0.5375
2020-11-19,NAHARPOLY,EQ,86.9,86.4,94.8,84.05,91.1,91.0,91.28,247013,2254763395000.0,2688.0,142226,0.5758
2020-11-20,NAHARPOLY,EQ,91.0,93.9,93.9,89.45,90.5,90.75,91.05,73810,672027455000.0,1145.0,41372,0.5605
2020-11-23,NAHARPOLY,EQ,90.75,92.0,93.5,88.05,90.1,90.5,90.6,57160,517845934999.99994,1058.0,32036,0.5605
2020-11-24,NAHARPOLY,EQ,90.5,90.0,91.6,88.35,88.6,88.75,89.67,69890,626735370000.0,932.0,28017,0.40090000000000003
2020-11-25,NAHARPOLY,EQ,88.75,90.9,90.9,85.0,85.5,85.4,87.07,61511,535559859999.99994,952.0,40620,0.6604000000000001
2020-11-26,NAHARPOLY,EQ,85.4,85.9,87.85,83.0,85.7,85.7,85.9,115793,994665985000.0,1060.0,69524,0.6004
2020-11-27,NAHARPOLY,EQ,85.7,86.5,86.9,85.0,85.5,85.7,85.99,42894,368862345000.0,567.0,27891,0.6502
2020-12-01,NAHARPOLY,EQ,85.7,85.3,86.5,84.0,85.4,85.0,85.31,52054,444060234999.99994,538.0,34973,0.6718999999999999
2020-12-02,NAHARPOLY,EQ,85.0,85.85,85.95,84.0,85.0,85.25,84.85,32871,278923325000.0,555.0,18753,0.5705
2020-12-03,NAHARPOLY,EQ,85.25,85.9,91.0,85.45,89.65,89.35,89.08,99291,884465030000.0001,934.0,54671,0.5506000000000001
2020-12-04,NAHARPOLY,EQ,89.35,90.8,93.9,87.5,88.2,87.8,89.7,62282,558646235000.0,813.0,39130,0.6283
2020-12-07,NAHARPOLY,EQ,87.8,87.8,89.5,84.3,85.8,86.3,86.95,52481,456332455000.0,820.0,33264,0.6338
2020-12-08,NAHARPOLY,EQ,86.3,87.9,88.9,84.5,86.3,85.9,86.55,28335,245245979999.99997,439.0,16647,0.5875
2020-12-09,NAHARPOLY,EQ,85.9,86.85,88.0,85.5,86.6,86.7,86.93,20392,177257520000.0,355.0,11061,0.5424
2020-12-10,NAHARPOLY,EQ,86.7,86.8,86.9,84.5,85.5,85.85,85.87,13739,117983139999.99998,284.0,8733,0.6356
2020-12-11,NAHARPOLY,EQ,85.85,86.05,88.0,85.5,86.3,86.25,86.54,31077,268950325000.0,610.0,19807,0.6374000000000001
2020-12-14,NAHARPOLY,EQ,86.25,86.0,89.0,85.0,87.85,87.1,86.85,40252,349587520000.0,666.0,28224,0.7012
2020-12-15,NAHARPOLY,EQ,87.1,87.7,93.8,86.5,90.5,90.4,90.77,147236,1336488870000.0,1832.0,78477,0.533
2020-12-16,NAHARPOLY,EQ,90.4,90.9,93.0,90.0,90.9,90.7,91.75,51930,476444875000.0,787.0,34875,0.6716
2020-12-17,NAHARPOLY,EQ,90.7,90.9,93.2,89.5,89.55,89.65,91.0,63696,579654040000.0,811.0,32970,0.5176
2020-12-18,NAHARPOLY,EQ,89.65,90.0,90.5,83.1,83.9,84.3,85.03,121945,1036920905000.0001,1167.0,85305,0.6995
2020-12-21,NAHARPOLY,EQ,84.3,86.7,88.5,68.0,79.45,78.65,82.63,133157,1100242555000.0,1489.0,74196,0.5572
2020-12-22,NAHARPOLY,EQ,78.65,78.65,82.9,72.05,79.5,77.85,76.17,104609,796778450000.0,1186.0,57797,0.5525
2020-12-23,NAHARPOLY,EQ,77.85,77.9,93.4,77.85,93.4,93.4,92.1,1046147,9635029110000.0,3579.0,253385,0.2422
2020-12-24,NAHARPOLY,EQ,93.4,98.0,103.0,93.4,95.05,95.9,97.78,780197,7628568580000.0,8267.0,300492,0.3851
2020-12-28,NAHARPOLY,EQ,95.9,97.0,106.7,96.0,101.35,101.9,102.83,343894,3536139275000.0,5102.0,125363,0.36450000000000005
2020-12-29,NAHARPOLY,EQ,101.9,103.15,103.15,93.5,96.2,96.1,97.31,206765,2012070480000.0,2621.0,121581,0.588
2020-12-30,NAHARPOLY,EQ,96.1,97.1,99.25,96.25,96.6,96.75,97.42,62525,609104885000.0,1001.0,34327,0.549
2020-12-31,NAHARPOLY,EQ,96.75,96.35,98.35,94.0,95.35,95.9,95.94,64856,622196905000.0,1195.0,32806,0.5058
